Price,Room,Bathroom,BuildingArea,TotalArea,Parking,Latitude,Longitude
409285000,7,4,384.0,732.0,3,-33.4264,-70.6996
105000000,2,1,112.0,145.0,1,-33.4667,-70.6667
128124000,3,1,59.0,243.0,2,-33.45,-70.7
75000000,3,1,103.0,73.0,1,-33.1829,-70.6747
53000000,2,1,57.0,67.0,1,-33.1829,-70.6747
94000000,2,1,72.0,131.0,0,-33.45,-70.7
75000000,3,1,70.0,80.0,2,-33.1829,-70.6747
105000000,2,1,50.0,120.0,1,-33.5167,-70.6389
76000000,3,1,72.0,72.0,1,-33.5167,-70.7667
76000000,3,1,46.0,90.0,1,-33.5167,-70.7667
90000000,3,1,100.0,134.0,3,-33.5167,-70.7667
75000000,3,2,50.0,88.0,1,-33.582,-70.692
153037000,3,2,98.0,130.0,2,-33.5167,-70.7667
132000000,4,1,69.0,200.0,2,-33.4264,-70.6996
199000000,7,3,162.0,185.0,0,-33.4624,-70.6491
373695000,7,3,173.0,850.0,3,-33.5167,-70.6389
480000000,5,6,240.0,600.0,2,-33.5167,-70.6389
142000000,3,2,100.0,163.0,2,-33.4624,-70.6491
295397000,3,3,105.0,280.0,2,-33.5167,-70.6389
391490000,5,3,150.0,400.0,2,-33.5167,-70.6389
160155000,3,3,80.0,156.0,2,-33.2833,-70.8778
129903500,3,2,68.0,221.0,1,-33.2833,-70.8778
75000000,2,2,70.0,78.0,0,-33.3667,-70.7333
50000000,3,1,31.0,73.0,0,-33.6167,-70.5667
175000000,3,3,94.0,191.0,4,-33.4624,-70.6491
150000000,2,1,96.0,247.0,1,-33.4264,-70.6996
160000000,3,2,91.0,268.0,2,-33.582,-70.692
75000000,3,1,62.0,88.0,1,-33.349,-70.6383
75000000,3,2,90.0,80.0,1,-33.349,-70.6383
160000000,5,2,165.0,315.0,1,-33.6167,-70.5667
266925000,4,3,198.0,354.0,1,-33.4264,-70.6996
180000000,3,2,79.0,114.0,0,-33.4624,-70.6491
120000000,4,1,131.0,138.0,2,-33.4624,-70.6491
239000000,5,4,250.0,190.0,1,-33.4624,-70.6491
444519100,5,5,156.0,530.0,4,-33.3641,-70.6134
125000000,3,2,80.0,100.0,2,-33.5167,-70.7667
65129700,3,1,52.0,75.0,1,-33.582,-70.692
115000000,3,1,76.0,120.0,2,-33.5167,-70.7667
261586500,3,3,113.0,130.0,1,-33.5007,-70.6514
266569100,4,3,109.0,119.0,1,-33.2773,-70.6106
160000000,3,1,84.0,200.0,2,-33.5167,-70.6389
160155000,3,2,88.0,158.0,3,-33.2833,-70.8778
259807000,5,2,200.0,300.0,3,-33.5007,-70.6514
115000000,3,2,61.0,163.0,2,-33.519,-70.629
282940500,3,3,145.0,454.0,2,-33.4333,-70.7167
140580500,4,3,160.0,162.0,2,-33.5167,-70.7667
121000000,3,2,100.0,136.0,1,-33.5167,-70.7667
139000000,5,2,127.0,112.0,2,-33.5167,-70.7667
91000000,3,1,55.0,100.0,1,-33.5167,-70.7667
190406500,5,2,120.0,240.0,0,-33.2468,-70.625
140580500,4,2,101.0,168.0,2,-33.727,-70.7046
333834200,4,3,160.0,400.0,2,-33.4333,-70.7167
252689000,4,3,112.0,196.0,2,-33.4833,-70.55
85000000,2,2,80.0,138.0,1,-33.6844,-70.9248
85000000,2,1,65.0,85.0,1,-33.5167,-70.6389
184356200,3,2,90.0,149.0,2,-33.3667,-70.7333
238453000,3,3,110.0,190.0,1,-33.4333,-70.7167
309633000,5,3,165.0,400.0,2,-33.4333,-70.7167
190406500,4,4,130.0,130.0,1,-33.5167,-70.7667
347002500,4,3,140.0,550.0,2,-33.4333,-70.7167
291838000,3,3,130.0,300.0,3,-33.4333,-70.7167
293617500,3,3,125.0,850.0,2,-33.4333,-70.7167
297176500,4,3,120.0,420.0,2,-33.4333,-70.7167
241656100,3,3,130.0,170.0,1,-33.4333,-70.7167
533850000,16,12,389.0,890.0,3,-33.5167,-70.6389
180000000,5,3,136.0,153.0,2,-33.5167,-70.7667
168000000,4,3,130.0,180.0,2,-33.5719,-70.8068
109900000,3,2,85.0,120.0,1,-33.5167,-70.7667
160000000,3,3,85.0,180.0,2,-33.6167,-70.5667
444875000,6,4,176.0,275.0,2,-33.35,-70.6
153037000,4,3,107.0,145.0,0,-33.5167,-70.7667
136000000,3,3,92.0,148.0,1,-33.582,-70.692
119000000,5,2,113.0,108.0,2,-33.5167,-70.7667
135000000,4,3,93.0,124.0,0,-33.5167,-70.7667
270484000,5,3,152.0,200.0,3,-33.5167,-70.6389
175000000,4,2,110.0,130.0,3,-33.5167,-70.7667
391490000,4,2,229.0,248.0,2,-33.435,-70.615
325000000,4,2,127.0,450.0,4,-33.727,-70.7046
85000000,4,2,70.0,80.0,1,-33.4624,-70.6491
354120500,3,3,118.0,350.0,3,-33.1829,-70.6747
81857000,3,2,53.0,65.0,1,-33.5719,-70.8068
165000000,4,2,110.0,150.0,2,-33.6167,-70.5667
162000000,3,2,80.0,140.0,1,-33.6167,-70.5667
1032110000,7,6,260.0,700.0,4,-33.443,-70.532
426724100,4,3,170.0,450.0,5,-33.3641,-70.6134
153037000,5,2,248.0,292.0,2,-33.368,-70.642
130000000,2,1,60.0,100.0,3,-33.2833,-70.8778
177950000,5,3,100.0,166.0,2,-33.5167,-70.7667
188627000,3,3,90.0,120.0,3,-33.5985,-70.8734
305718100,4,4,140.0,250.0,3,-33.3641,-70.6134
444839410,5,5,180.0,580.0,5,-33.3641,-70.6134
115000000,3,3,100.0,170.0,2,-33.6936,-71.0118
316751000,4,3,145.0,285.0,3,-33.2773,-70.6106
261195010,4,3,94.0,104.0,1,-33.435,-70.615
40000000,3,1,37.0,32.0,0,-33.4624,-70.6491
99000000,2,1,70.0,128.0,1,-33.4766,-70.6062
56000000,3,1,65.0,70.0,0,-33.4667,-70.6667
709308700,7,3,3467.0,752.0,4,-33.4624,-70.6491
571895710,6,2,157.0,408.0,6,-33.2773,-70.6106
4520,4,3,82.0,140.0,4,-33.4624,-70.6491
150000000,5,4,130.0,175.0,3,-33.4833,-70.55
320310000,4,3,188.0,350.0,6,-33.727,-70.7046
198000000,7,3,180.0,120.0,2,-33.45,-70.7
601471000,4,3,270.0,580.0,4,-33.1829,-70.6747
137000000,6,2,156.0,192.0,1,-33.368,-70.642
137021500,3,1,85.0,185.0,2,-33.6167,-70.5667
183500000,4,3,108.0,182.0,2,-33.582,-70.692
265000000,4,2,144.0,221.0,3,-33.4766,-70.6062
11057,3,2,229.0,248.0,2,-33.435,-70.615
134530200,3,3,76.0,118.0,2,-33.5167,-70.7667
150000000,3,1,76.0,145.0,1,-33.2468,-70.625
120000000,4,1,170.0,220.0,1,-33.5167,-70.7667
135242000,3,2,89.0,212.0,2,-33.727,-70.7046
138089200,3,2,74.0,140.0,1,-33.5719,-70.8068
75900000,6,2,110.0,154.0,1,-33.5167,-70.6389
533850000,4,2,170.0,468.0,3,-33.4088,-70.5671
80000000,5,3,106.0,168.0,2,-33.5719,-70.8068
142360000,3,3,84.0,133.0,2,-33.2833,-70.8778
77799740,2,1,78.0,70.0,2,-33.582,-70.692
179729500,3,2,92.0,179.0,2,-33.5167,-70.6389
138801000,3,1,77.0,171.0,1,-33.45,-70.7
925340000,5,3,254.0,490.0,4,-33.4624,-70.6491
115000000,4,2,90.0,100.0,1,-33.4667,-70.6667
102641560,3,1,61.0,108.0,2,-33.6167,-70.5667
65500000,2,1,54.0,97.0,1,-33.7843,-70.7217
462670000,4,3,140.0,260.0,2,-33.4833,-70.55
72000000,3,2,65.0,90.0,1,-33.5719,-70.8068
140000000,3,3,92.0,172.0,4,-33.6167,-70.5667
252333100,3,2,83.0,750.0,6,-33.582,-70.692
409285000,5,4,150.0,250.0,2,-33.443,-70.532
115952220,3,2,63.0,107.0,2,-33.582,-70.692
242012000,3,2,98.0,227.0,2,-33.4833,-70.55
210000000,4,2,153.0,173.0,2,-33.5167,-70.6389
206422000,4,3,130.0,216.0,2,-33.727,-70.7046
97000000,3,3,79.0,106.0,2,-33.5167,-70.7667
295397000,5,2,150.0,330.0,3,-33.5167,-70.6333
75000000,3,1,43.0,198.0,2,-33.688,-71.2113
320310000,4,4,177.0,259.0,3,-33.5167,-70.6389
125000000,3,1,81.0,160.0,3,-33.4766,-70.6062
105000000,4,1,70.0,135.0,1,-33.443,-70.532
480465000,3,3,167.0,400.0,3,-33.1829,-70.6747
252689000,4,2,100.0,240.0,2,-33.5167,-70.6389
323869000,5,4,139.0,330.0,2,-33.1829,-70.6747
373695000,10,4,200.0,662.0,8,-33.582,-70.692
227000000,5,3,178.0,216.0,1,-33.3667,-70.7333
151257500,7,2,197.0,225.0,0,-33.2468,-70.625
266925000,3,3,121.0,290.0,2,-33.5167,-70.6389
143000000,4,2,160.0,300.0,2,-33.4037,-70.64
75000000,2,1,56.0,80.0,2,-33.6167,-70.5667
69500000,2,1,54.0,82.0,1,-33.727,-70.7046
140000000,3,2,90.0,110.0,1,-33.6167,-70.5667
75000000,2,1,60.0,90.0,1,-33.5719,-70.8068
120000000,3,3,130.0,150.0,2,-33.5985,-70.8734
64500000,5,2,130.0,115.0,2,-33.6167,-70.5667
79000000,3,2,80.0,160.0,1,-33.45,-70.7
205000000,7,3,161.0,185.0,0,-33.4624,-70.6491
240000000,5,3,190.0,250.0,1,-33.4624,-70.6491
88000000,3,2,65.0,90.0,2,-33.4333,-70.7167
74000000,4,2,50.0,69.0,1,-33.5167,-70.7667
448434000,3,2,228.0,451.0,3,-33.443,-70.532
240232500,4,3,119.0,220.0,2,-33.727,-70.7046
227776000,2,1,60.0,80.0,0,-33.4088,-70.5671
130000000,3,1,85.0,180.0,3,-33.2833,-70.8778
273000000,4,2,250.0,500.0,4,-33.4833,-70.55
180000000,8,8,139.0,282.0,3,-33.2642,-70.715
286499500,5,3,131.0,241.0,1,-33.4833,-70.55
120000000,2,2,75.0,149.0,1,-33.5167,-70.7667
120000000,4,2,82.0,104.0,1,-33.5167,-70.7667
120000000,3,3,84.0,120.0,1,-33.6167,-70.5667
743831000,4,3,225.0,700.0,2,-33.35,-70.6
151257500,4,2,85.0,155.0,2,-33.582,-70.692
117589360,3,2,102.0,86.0,1,-33.6167,-70.5667
176900000,4,2,100.0,124.0,1,-33.2773,-70.6106
178270310,3,3,99.0,157.0,2,-33.6167,-70.5667
130000000,3,1,75.0,102.0,1,-33.6167,-70.5667
140000000,4,1,74.0,162.0,2,-33.6167,-70.5667
122000000,3,1,91.0,138.0,1,-33.5167,-70.7667
247350500,3,3,112.0,240.0,2,-33.727,-70.7046
432418500,5,4,140.0,220.0,2,-33.443,-70.532
203000000,4,3,113.0,178.0,2,-33.6167,-70.5667
274043000,4,3,122.0,374.0,2,-33.6167,-70.5667
93000000,2,2,49.0,80.0,1,-33.6167,-70.5667
569440000,3,2,140.0,310.0,2,-33.3867,-70.5688
208201500,3,2,145.0,247.0,4,-33.3667,-70.7333
164000000,3,2,89.0,181.0,3,-33.6167,-70.5667
675000000,4,3,150.0,210.0,2,-33.443,-70.532
480465000,5,4,220.0,340.0,2,-33.4833,-70.55
170000000,2,1,85.0,100.0,0,-33.4624,-70.6491
76000000,3,2,90.0,110.0,3,-33.6167,-70.5667
249130000,4,3,137.0,225.0,1,-33.4333,-70.7167
360000000,4,3,270.0,480.0,4,-33.5167,-70.6333
160000000,3,1,150.0,331.0,4,-33.5167,-70.6333
266925000,4,3,129.0,228.0,2,-33.4333,-70.7167
1299035000,6,5,344.0,702.0,5,-33.35,-70.6
85000000,2,1,52.0,91.0,0,-33.1829,-70.6747
366577000,3,3,135.0,135.0,2,-33.1829,-70.6747
444875000,6,4,170.0,610.0,3,-33.1829,-70.6747
87000000,3,1,65.0,90.0,2,-33.5719,-70.8068
462670000,5,6,217.0,596.0,5,-33.5167,-70.7667
88000000,4,2,80.0,100.0,1,-33.6167,-70.5667
160155000,3,3,84.0,169.0,2,-33.5719,-70.8068
77000000,3,2,55.0,93.0,4,-33.5167,-70.7667
165493500,3,1,89.0,200.0,3,-33.5167,-70.7667
270484000,3,3,155.0,233.0,4,-33.5167,-70.7667
125000000,3,2,90.0,98.0,1,-33.4333,-70.7167
150189800,4,3,90.0,200.0,2,-33.6167,-70.5667
473347000,4,2,110.0,258.0,2,-33.4088,-70.5671
199837850,5,3,178.0,264.0,1,-33.6167,-70.5667
155000000,3,1,40.0,198.0,2,-33.2773,-70.6106
126807170,4,3,80.0,105.0,3,-33.6167,-70.5667
266925000,3,3,107.0,180.0,2,-33.3641,-70.6134
220000000,5,2,182.0,250.0,4,-33.368,-70.642
151257500,6,3,450.0,450.0,0,-33.5167,-70.6389
80077500,3,1,62.0,74.0,0,-33.6167,-70.5667
201083500,3,3,99.0,300.0,3,-33.6167,-70.5667
286499500,4,2,119.0,182.0,2,-33.4624,-70.6491
78120050,3,1,74.0,160.0,4,-33.472,-70.683
130000000,4,2,84.0,90.0,2,-33.5167,-70.7667
56000000,3,1,53.0,63.0,0,-33.519,-70.629
110329000,3,1,56.0,90.0,1,-33.6167,-70.5667
925340000,11,4,567.0,702.0,1269,-33.2773,-70.6106
115000000,3,2,62.0,100.0,1,-33.5167,-70.7667
150000000,3,2,65.0,105.0,1,-33.5167,-70.6389
551645000,4,3,200.0,500.0,3,-33.4088,-70.5671
284720000,3,1,88.0,275.0,0,-33.443,-70.532
745000000,6,5,180.0,542.0,2,-33.4088,-70.5671
391490000,3,2,122.0,226.0,2,-33.4088,-70.5671
261586500,3,1,91.0,91.0,0,-33.435,-70.615
319954100,4,2,119.0,165.0,1,-33.443,-70.532
1204721500,6,7,520.0,832.0,0,-33.35,-70.6
632790200,4,3,281.0,500.0,4,-33.435,-70.615
444875000,5,4,130.0,150.0,2,-33.3867,-70.5688
396828500,3,3,113.0,253.0,2,-33.4088,-70.5671
65841500,2,1,80.0,56.0,1,-33.3667,-70.7333
1281240000,5,5,330.0,560.0,4,-33.3867,-70.5688
398608000,3,2,75.0,229.0,3,-33.4088,-70.5671
202863000,6,2,299.0,390.0,6,-33.4264,-70.6996
1263445000,4,4,168.0,233.0,3,-33.4088,-70.5671
82000000,4,2,48.0,123.0,2,-33.6167,-70.5667
109000000,4,2,90.0,140.0,1,-33.7015,-70.79
160000000,3,3,140.0,160.0,2,-33.688,-71.2113
125000000,4,2,100.0,245.0,6,-33.4037,-70.64
118000000,6,3,120.0,140.0,1,-33.688,-71.2113
65000000,2,1,55.0,70.0,1,-33.2833,-70.8778
85416000,5,2,98.0,107.0,1,-33.582,-70.692
156596000,4,2,123.0,181.0,1,-33.5167,-70.6389
263010100,3,2,83.0,144.0,0,-33.4088,-70.5671
412488100,5,4,178.0,495.0,0,-33.1829,-70.6747
248774100,4,3,108.0,424.0,0,-33.1829,-70.6747
252689000,4,3,115.0,350.0,0,-33.1829,-70.6747
313192000,5,3,128.0,422.0,0,-33.1829,-70.6747
1096172000,5,5,290.0,500.0,0,-33.4088,-70.5671
1060582000,5,5,293.0,800.0,0,-33.4088,-70.5671
583676000,5,4,260.0,550.0,1,-33.4833,-70.55
462314100,4,4,188.0,389.0,0,-33.1829,-70.6747
409285000,3,3,325.0,325.0,3,-33.5167,-70.6389
222437500,5,2,120.0,242.0,2,-33.5167,-70.7667
427080000,6,4,179.0,400.0,2,-33.4833,-70.55
469788000,5,4,160.0,505.0,3,-33.4833,-70.55
288279000,3,3,122.0,200.0,3,-33.4833,-70.55
270484000,4,3,110.0,220.0,2,-33.4833,-70.55
306074000,4,3,115.0,300.0,3,-33.5167,-70.6389
1138880000,5,5,350.0,750.0,2,-33.35,-70.6
302515000,3,2,115.0,172.0,2,-33.2773,-70.6106
220622410,4,3,135.0,260.0,3,-33.5719,-70.8068
295000000,4,2,87.0,144.0,0,-33.2773,-70.6106
391490000,5,7,1327.0,250.0,0,-33.435,-70.615
78298000,3,1,120.0,65.0,0,-33.519,-70.629
462670000,15,3,367.0,237.0,0,-33.4624,-70.6491
85000000,3,1,67.0,160.0,0,-33.368,-70.642
587235000,5,4,190.0,395.0,3,-33.4088,-70.5671
370136000,3,2,110.0,225.0,3,-33.4088,-70.5671
807893000,4,4,260.0,830.0,0,-33.443,-70.532
640620000,6,4,240.0,226.0,4,-33.4088,-70.5671
1103290000,4,4,380.0,960.0,3,-33.4088,-70.5671
120000000,2,2,70.0,160.0,0,-33.5167,-70.7667
66000000,3,1,70.0,114.0,1,-33.6167,-70.5667
220000000,4,3,115.0,212.0,2,-33.4333,-70.7167
1245650000,7,4,250.0,960.0,4,-33.4088,-70.5671
925340000,5,4,240.0,500.0,5,-33.435,-70.615
661974000,6,5,180.0,373.0,0,-33.4088,-70.5671
726036000,6,3,250.0,649.0,6,-33.35,-70.6
484024000,4,6,160.0,825.0,4,-33.1829,-70.6747
484024000,4,6,220.0,825.0,4,-33.1829,-70.6747
957015100,4,4,290.0,720.0,4,-33.35,-70.6
1637140000,4,4,402.0,795.0,5,-33.3867,-70.5688
1633581000,4,4,356.0,812.0,5,-33.3867,-70.5688
1170911000,5,4,304.0,600.0,4,-33.35,-70.6
73000000,4,1,66.0,100.0,1,-33.349,-70.6383
658415000,4,3,222.0,766.0,6,-33.35,-70.6
782980000,5,5,210.0,500.0,0,-33.35,-70.6
971607000,5,5,280.0,800.0,4,-33.35,-70.6
1423600,4,4,200.0,831.0,6,-33.35,-70.6
1423600,4,4,200.0,731.0,0,-33.35,-70.6
1423600,5,4,350.0,950.0,10,-33.35,-70.6
462670000,6,2,180.0,406.0,0,-33.35,-70.6
996520000,4,3,260.0,830.0,2,-33.35,-70.6
150000000,3,3,93.0,93.0,2,-33.5985,-70.8734
127990000,3,2,61.0,176.0,3,-33.5167,-70.7667
255322660,4,3,174.0,209.0,2,-33.5167,-70.6389
75000000,4,2,140.0,162.0,2,-33.5667,-70.7167
67000000,4,1,100.0,106.0,2,-33.452,-70.723
154900000,3,1,100.0,100.0,2,-33.2773,-70.6106
100719700,3,1,110.0,220.0,1,-33.443,-70.532
86092210,2,1,98.0,169.0,1,-33.6167,-70.5667
412844000,4,3,140.0,313.0,3,-33.4833,-70.55
355188200,3,2,112.0,151.0,0,-33.435,-70.615
499000000,5,3,245.0,630.0,0,-33.5007,-70.6514
342518160,4,2,117.0,531.0,0,-33.5007,-70.6514
455552000,5,4,160.0,286.0,3,-33.443,-70.532
201083500,4,3,108.0,217.0,2,-33.4333,-70.7167
615707000,4,3,176.0,600.0,4,-33.443,-70.532
56900000,2,1,36.0,64.0,1,-33.4333,-70.7167
88000000,3,2,85.0,90.0,1,-33.3667,-70.7333
542747500,3,4,150.0,518.0,2,-33.1829,-70.6747
56000000,3,2,100.0,100.0,1,-33.6167,-70.5667
444875000,3,2,115.0,250.0,0,-33.4088,-70.5671
517300650,5,1,15951.0,250.0,3,-33.3867,-70.5688
476870410,4,3,167.0,599.0,0,-33.2773,-70.6106
105000000,2,2,107.0,110.0,1,-33.45,-70.7
330987000,5,3,146.0,213.0,0,-33.435,-70.615
199410770,3,1,174.0,314.0,0,-33.5167,-70.7667
142004100,5,2,92.0,120.0,2,-33.5167,-70.7667
682758560,5,3,229.0,317.0,0,-33.2773,-70.6106
266960590,5,4,146.0,393.0,0,-33.1829,-70.6747
187096630,3,1,273.0,273.0,0,-33.4037,-70.64
138480690,3,2,104.0,95.0,0,-33.2468,-70.625
195745000,4,1,170.0,230.0,0,-33.2642,-70.715
832806000,4,3,200.0,700.0,3,-33.35,-70.6
179195650,3,2,133.0,256.0,3,-33.5007,-70.6514
765185000,4,4,225.0,504.0,0,-33.3867,-70.5688
765185000,4,4,225.0,504.0,4,-33.3867,-70.5688
989402000,4,4,337.0,809.0,3,-33.35,-70.6
540968000,5,3,153.0,193.0,2,-33.35,-70.6
587235000,5,4,171.0,434.0,3,-33.35,-70.6
516055000,3,3,230.0,528.0,4,-33.435,-70.615
498260000,6,5,170.0,350.0,4,-33.4088,-70.5671
412844000,4,2,140.0,780.0,3,-33.4333,-70.7167
232758600,3,3,112.0,261.0,2,-33.4333,-70.7167
338105000,5,5,490.0,500.0,0,-33.5167,-70.6333
658415000,6,4,220.0,265.0,2,-33.4088,-70.5671
170000000,5,2,127.0,210.0,2,-33.5167,-70.7667
1064141000,5,4,260.0,700.0,0,-33.35,-70.6
254432910,3,2,70.0,84.0,0,-33.2773,-70.6106
387575100,3,2,99.0,127.0,0,-33.2773,-70.6106
384016100,3,2,94.0,122.0,0,-33.2773,-70.6106
355544100,2,2,93.0,124.0,0,-33.2773,-70.6106
352341000,2,3,96.0,123.0,1,-33.2773,-70.6106
711800000,4,4,275.0,921.0,5,-33.35,-70.6
1064141000,4,5,389.0,900.0,6,-33.35,-70.6
491142000,4,4,152.0,500.0,3,-33.4088,-70.5671
675498200,8,4,240.0,20.0,3,-33.435,-70.615
428859500,3,3,140.0,200.0,0,-33.35,-70.6
316751000,5,4,140.0,256.0,2,-33.4833,-70.55
943135000,5,4,241.0,706.0,0,-33.4088,-70.5671
818570000,7,4,250.0,480.0,0,-33.4088,-70.5671
439536500,4,3,109.0,261.0,0,-33.3867,-70.5688
250000000,5,3,153.0,382.0,0,-33.2468,-70.625
160155000,3,3,92.0,180.0,2,-33.6167,-70.5667
640620000,6,5,202.0,638.0,0,-33.443,-70.532
601471000,10,5,310.0,926.0,0,-33.443,-70.532
145000000,4,2,92.0,162.0,3,-33.5167,-70.6389
186847500,3,3,90.0,150.0,1,-33.6167,-70.5667
137000000,4,2,100.0,191.0,4,-33.6167,-70.5667
85000000,3,1,75.0,75.0,0,-33.2773,-70.6106
195745000,3,1,94.0,267.0,2,-33.5167,-70.7667
249130000,4,2,118.0,200.0,2,-33.3641,-70.6134
551645000,4,3,164.0,220.0,2,-33.35,-70.6
484024000,3,3,125.0,256.0,2,-33.3867,-70.5688
747034100,5,4,167.0,482.0,0,-33.4088,-70.5671
1174470000,6,5,235.0,815.0,0,-33.35,-70.6
1156675000,5,5,293.0,742.0,0,-33.35,-70.6
1064141000,5,5,294.0,818.0,0,-33.35,-70.6
1103290000,6,4,282.0,875.0,0,-33.35,-70.6
400000000,3,3,121.0,379.0,0,-33.35,-70.6
1032110000,5,5,264.0,881.0,0,-33.35,-70.6
889750000,8,5,220.0,455.0,6,-33.3867,-70.5688
1423600000,4,4,328.0,924.0,6,-33.35,-70.6
200000000,6,3,183.0,282.0,2,-33.452,-70.723
1423600000,4,3,236.0,936.0,5,-33.35,-70.6
498260000,4,3,150.0,315.0,0,-33.35,-70.6
52317300,2,1,100.0,120.0,1,-33.452,-70.723
565881000,4,3,140.0,270.0,2,-33.3867,-70.5688
694005000,5,4,205.0,480.0,2,-33.35,-70.6
565881000,4,2,145.0,289.0,0,-33.3867,-70.5688
675854100,5,4,176.0,469.0,2,-33.35,-70.6
1562401000,5,4,404.0,906.0,0,-33.35,-70.6
230000000,3,2,180.0,254.0,2,-33.4037,-70.64
135000000,3,2,104.0,166.0,0,-33.5167,-70.6389
1099731000,5,7,330.0,970.0,3,-33.35,-70.6
889750000,7,4,327.0,950.0,5,-33.35,-70.6
90000000,3,1,97.0,120.0,0,-33.368,-70.642
597912000,5,3,225.0,486.0,3,-33.443,-70.532
836365000,5,5,260.0,694.0,2,-33.35,-70.6
57000000,4,2,57.0,79.0,2,-33.2833,-70.8778
135000000,3,3,83.0,120.0,3,-33.4034,-70.7213
533494100,4,2,160.0,200.0,0,-33.4088,-70.5671
553424500,6,4,242.0,443.0,4,-33.2773,-70.6106
460890500,4,2,135.0,319.0,2,-33.4088,-70.5671
423521000,4,3,140.0,303.0,2,-33.3867,-70.5688
960930000,5,5,297.0,780.0,6,-33.443,-70.532
1281240000,7,5,360.0,578.0,2,-33.3867,-70.5688
676210000,6,5,250.0,464.0,2,-33.35,-70.6
498260000,5,3,170.0,210.0,2,-33.3867,-70.5688
701123000,5,5,215.0,611.0,3,-33.35,-70.6
925340000,6,5,294.0,551.0,3,-33.435,-70.615
711800000,5,5,200.0,539.0,2,-33.35,-70.6
494701000,5,5,166.0,619.0,2,-33.1829,-70.6747
729595000,5,6,227.0,532.0,2,-33.35,-70.6
491142000,5,5,180.0,216.0,2,-33.35,-70.6
533850000,6,5,162.0,216.0,2,-33.35,-70.6
779421000,4,3,140.0,420.0,2,-33.3867,-70.5688
711800000,6,4,210.0,480.0,2,-33.4088,-70.5671
1042787000,5,4,425.0,506.0,0,-33.435,-70.615
921781000,5,5,266.0,836.0,3,-33.4088,-70.5671
500000000,6,4,325.0,125.0,1,-33.435,-70.615
140000000,4,2,90.0,198.0,2,-33.4975,-70.6287
560000000,6,3,484.0,437.0,4,-33.45,-70.7
327428000,4,2,115.0,307.0,2,-33.5167,-70.6389
853448200,4,5,280.0,515.0,2,-33.4088,-70.5671
280000000,4,2,139.0,199.0,2,-33.5167,-70.6389
160155000,4,3,96.0,148.0,1,-33.6167,-70.5667
302515000,3,3,93.0,121.0,0,-33.2773,-70.6106
85416000,2,1,52.0,91.0,0,-33.1829,-70.6747
391134100,5,3,155.0,299.0,4,-33.5167,-70.6389
177950000,3,3,90.0,100.0,1,-33.5167,-70.6389
758067000,5,4,248.0,470.0,0,-33.435,-70.615
320310000,4,2,120.0,288.0,3,-33.5167,-70.6389
170000000,4,2,127.0,370.0,3,-33.5167,-70.6389
533850000,4,2,135.0,356.0,3,-33.435,-70.615
260000000,4,2,160.0,260.0,2,-33.5167,-70.7667
183288500,3,3,90.0,180.0,2,-33.5167,-70.7667
218000000,4,2,200.0,260.0,0,-33.4037,-70.64
263366000,4,2,110.0,278.0,2,-33.4833,-70.55
390000000,3,2,132.0,216.0,0,-33.2773,-70.6106
273687100,3,2,87.0,158.0,2,-33.443,-70.532
516055000,5,3,163.0,497.0,3,-33.443,-70.532
185000000,5,1,110.0,156.0,0,-33.4624,-70.6491
448434000,5,3,167.0,228.0,4,-33.2773,-70.6106
310000000,4,3,189.0,200.0,3,-33.4833,-70.55
228000000,3,2,125.0,300.0,3,-33.5007,-70.6514
205000000,5,3,163.0,175.0,3,-33.5007,-70.6514
960930000,4,3,300.0,380.0,3,-33.435,-70.615
380813000,4,2,105.0,220.0,2,-33.4088,-70.5671
256248000,7,2,112.0,190.0,0,-33.4766,-70.6062
316751000,5,2,103.0,216.0,0,-33.443,-70.532
151257500,5,3,115.0,155.0,3,-33.45,-70.7
233114500,4,3,202.0,332.0,0,-33.4624,-70.6491
504666200,4,2,102.0,210.0,1,-33.4088,-70.5671
389710500,5,2,124.0,320.0,0,-33.4088,-70.5671
569440000,7,1,158.0,577.0,0,-33.4088,-70.5671
231335000,3,2,130.0,200.0,2,-33.4833,-70.55
491142000,5,3,140.0,200.0,2,-33.3867,-70.5688
130000000,5,2,75.0,144.0,1,-33.3641,-70.6134
82000000,2,1,38.0,124.0,1,-33.6167,-70.5667
170000000,3,1,87.0,350.0,1,-33.3667,-70.7333
270484000,4,3,147.0,176.0,3,-33.4833,-70.55
740272000,6,5,270.0,573.0,4,-33.443,-70.532
420000000,6,2,180.0,360.0,0,-33.4624,-70.6491
854160000,5,4,240.0,600.0,7,-33.443,-70.532
175000000,4,3,119.0,300.0,0,-33.5167,-70.7667
77000000,4,2,75.0,112.0,0,-33.6167,-70.5667
160000000,3,1,54.0,418.0,0,-33.5667,-70.7167
229911400,3,2,200.0,340.0,0,-33.4624,-70.6491
55000000,2,2,59.0,67.0,1,-33.1829,-70.6747
503954400,1,1,708.0,708.0,0,-33.4624,-70.6491
213540000,3,3,110.0,200.0,2,-33.3641,-70.6134
551645000,6,5,170.0,290.0,0,-33.4088,-70.5671
546306500,4,4,181.0,252.0,2,-33.4088,-70.5671
882632000,5,5,270.0,820.0,5,-33.4088,-70.5671
797216000,6,4,190.0,398.0,2,-33.4088,-70.5671
996164100,5,4,259.0,633.0,4,-33.4088,-70.5671
1245650000,3,3,200.0,501.0,0,-33.4088,-70.5671
1242091000,4,5,330.0,600.0,4,-33.4088,-70.5671
1388010000,5,4,470.0,980.0,7,-33.35,-70.6
686887000,4,3,168.0,630.0,0,-33.4088,-70.5671
971607000,5,4,228.0,837.0,2,-33.35,-70.6
921781000,5,3,261.0,300.0,0,-33.4088,-70.5671
1242091000,6,6,443.0,943.0,4,-33.4088,-70.5671
658059100,4,4,235.0,502.0,3,-33.35,-70.6
395049000,4,3,136.0,110.0,2,-33.35,-70.6
180000000,7,3,114.0,162.0,1,-33.4833,-70.55
1156710590,4,4,295.0,631.0,0,-33.35,-70.6
1033747140,3,3,254.0,529.0,3,-33.35,-70.6
764829100,4,3,172.0,374.0,3,-33.4088,-70.5671
832806000,4,1,180.0,685.0,0,-33.35,-70.6
2028630000,1,2,250.0,512.0,0,-33.3867,-70.5688
697208100,5,4,214.0,614.0,2,-33.35,-70.6
765185000,6,4,205.0,491.0,2,-33.35,-70.6
1167352000,5,4,310.0,735.0,4,-33.35,-70.6
533850000,5,3,150.0,320.0,2,-33.35,-70.6
775862000,3,3,245.0,465.0,0,-33.35,-70.6
169999990,3,3,97.0,137.0,1,-33.6167,-70.5667
352341000,3,2,92.0,420.0,5,-33.443,-70.532
1138880000,5,4,274.0,731.0,0,-33.35,-70.6
1206501000,5,4,330.0,753.0,3,-33.35,-70.6
633502000,5,4,157.0,328.0,0,-33.35,-70.6
1135321000,5,5,273.0,731.0,3,-33.35,-70.6
562322000,5,4,140.0,150.0,4,-33.3867,-70.5688
601471000,5,5,175.0,510.0,2,-33.1829,-70.6747
373695000,4,3,175.0,318.0,0,-33.443,-70.532
373695000,3,2,133.0,261.0,0,-33.2773,-70.6106
373339100,5,3,127.0,176.0,0,-33.2773,-70.6106
960930000,5,3,243.0,980.0,0,-33.4088,-70.5671
170000000,3,2,129.0,163.0,0,-33.4624,-70.6491
311412500,4,3,110.0,300.0,2,-33.4833,-70.55
765185000,4,3,145.0,803.0,5,-33.443,-70.532
622825000,5,4,211.0,300.0,2,-33.35,-70.6
1128203000,5,4,295.0,707.0,3,-33.35,-70.6
1352420000,6,4,392.0,961.0,3,-33.35,-70.6
701123000,5,3,160.0,684.0,5,-33.4088,-70.5671
423165100,3,3,90.0,178.0,1,-33.3867,-70.5688
1174470000,4,4,334.0,795.0,0,-33.35,-70.6
1316830000,4,4,333.0,811.0,5,-33.35,-70.6
1423600000,4,4,335.0,809.0,5,-33.35,-70.6
1388010000,6,4,375.0,900.0,3,-33.35,-70.6
533850000,6,3,178.0,321.0,0,-33.35,-70.6
110329000,3,2,75.0,139.0,0,-33.6167,-70.5667
1057023000,6,5,295.0,858.0,0,-33.35,-70.6
674430500,6,3,210.0,400.0,3,-33.3867,-70.5688
476906000,4,3,160.0,410.0,2,-33.4833,-70.55
80000000,2,1,56.0,92.0,1,-33.4624,-70.6491
300735500,3,3,136.0,200.0,0,-33.5167,-70.6389
889750000,5,4,236.0,477.0,1,-33.3867,-70.5688
640620000,5,4,146.0,178.0,1,-33.3867,-70.5688
992249200,5,5,265.0,720.0,3,-33.35,-70.6
854160000,5,3,228.0,668.0,3,-33.35,-70.6
106414100,3,2,68.0,200.0,0,-33.2833,-70.8778
370136000,4,3,180.0,330.0,2,-33.2773,-70.6106
320310000,3,3,115.0,300.0,2,-33.5167,-70.6389
277602000,3,3,123.0,335.0,0,-33.5167,-70.6389
729595000,6,4,232.0,327.0,3,-33.35,-70.6
565881000,5,4,140.0,342.0,2,-33.35,-70.6
782980000,8,6,373.0,615.0,2,-33.435,-70.615
1028551000,6,2,314.0,750.0,6,-33.435,-70.615
338105000,3,4,140.0,450.0,2,-33.1829,-70.6747
711800000,4,1,174.0,485.0,0,-33.4088,-70.5671
551645000,4,4,170.0,300.0,2,-33.4088,-70.5671
277602000,3,4,197.0,446.0,0,-33.5167,-70.6389
505378000,4,5,166.0,619.0,3,-33.1829,-70.6747
462670000,4,2,133.0,306.0,4,-33.4088,-70.5671
537409000,5,4,140.0,321.0,2,-33.35,-70.6
462314100,4,4,140.0,447.0,5,-33.1829,-70.6747
518902200,5,4,180.0,560.0,2,-33.1829,-70.6747
515699100,4,4,160.0,600.0,0,-33.1829,-70.6747
516055000,6,4,140.0,277.0,0,-33.35,-70.6
379567350,3,1,65.0,328.0,0,-33.2773,-70.6106
471567500,3,4,178.0,469.0,0,-33.1829,-70.6747
854160000,4,4,131.0,375.0,0,-33.3867,-70.5688
587235000,4,3,160.0,504.0,3,-33.4088,-70.5671
121006000,3,1,60.0,150.0,0,-33.5167,-70.6333
569262050,5,4,300.0,437.0,5,-33.4088,-70.5671
494701000,5,3,141.0,435.0,2,-33.4088,-70.5671
1067700000,4,3,393.0,485.0,0,-33.3867,-70.5688
250375650,6,3,263.0,201.0,0,-33.4624,-70.6491
434198000,5,4,120.0,360.0,0,-33.35,-70.6
444875000,4,3,132.0,264.0,0,-33.435,-70.615
204393370,4,4,267.0,250.0,0,-33.4833,-70.55
775862000,6,4,250.0,660.0,2,-33.2773,-70.6106
640620000,3,2,200.0,490.0,5,-33.4088,-70.5671
348782000,4,2,119.0,163.0,0,-33.2773,-70.6106
135242000,3,1,70.0,100.0,0,-33.5167,-70.7667
249130000,6,2,154.0,128.0,0,-33.2773,-70.6106
85000000,2,2,67.0,66.0,0,-33.4037,-70.64
195745000,4,2,150.0,200.0,0,-33.4264,-70.6996
165066420,3,2,161.0,231.0,0,-33.5167,-70.7667
871955000,5,3,270.0,808.0,6,-33.35,-70.6
133818400,3,2,82.0,120.0,2,-33.6167,-70.5667
569440000,4,2,186.0,527.0,3,-33.2468,-70.625
352341000,3,2,112.0,212.0,3,-33.4088,-70.5671
847042000,5,5,247.0,500.0,4,-33.4088,-70.5671
569440000,6,4,192.0,347.0,3,-33.4088,-70.5671
100000000,4,1,80.0,80.0,0,-33.4264,-70.6996
601471000,4,3,133.0,392.0,2,-33.4088,-70.5671
676210000,4,4,204.0,260.0,0,-33.4088,-70.5671
569084100,3,4,220.0,290.0,3,-33.4088,-70.5671
612148000,5,5,180.0,300.0,0,-33.4088,-70.5671
672651000,5,4,234.0,446.0,0,-33.4088,-70.5671
1170911000,6,6,320.0,826.0,8,-33.4088,-70.5671
669092000,5,4,162.0,442.0,4,-33.4088,-70.5671
580117000,4,3,152.0,348.0,0,-33.4088,-70.5671
793301100,5,5,240.0,400.0,5,-33.4088,-70.5671
400000000,4,4,180.0,288.0,2,-33.4088,-70.5671
427080000,7,3,200.0,314.0,3,-33.6167,-70.5667
761626000,5,4,312.0,523.0,4,-33.4088,-70.5671
782980000,6,4,203.0,475.0,2,-33.4088,-70.5671
1049905000,6,5,390.0,668.0,5,-33.4088,-70.5671
551645000,6,3,218.0,400.0,0,-33.4088,-70.5671
850601000,7,5,270.0,448.0,0,-33.4088,-70.5671
1049905000,5,5,293.0,800.0,5,-33.4088,-70.5671
761626000,5,4,266.0,805.0,2,-33.4088,-70.5671
1297077550,6,5,229.0,600.0,0,-33.435,-70.615
316751000,4,4,140.0,270.0,2,-33.3641,-70.6134
248774100,3,4,128.0,208.0,2,-33.3641,-70.6134
259451100,3,3,140.0,280.0,0,-33.3641,-70.6134
444519100,5,5,156.0,533.0,4,-33.3641,-70.6134
284364100,4,4,140.0,276.0,2,-33.3641,-70.6134
120000000,3,1,90.0,135.0,0,-33.1829,-70.6747
1049905000,6,4,274.0,725.0,0,-33.3867,-70.5688
122000000,5,2,131.0,130.0,2,-33.5167,-70.7667
145000000,4,3,84.0,194.0,2,-33.1829,-70.6747
132000000,7,3,145.0,110.0,1,-33.5167,-70.7667
119000000,5,2,113.0,108.0,2,-33.5167,-70.7667
140000000,5,2,116.0,166.0,2,-33.5167,-70.7667
165000000,4,4,154.0,159.0,2,-33.5167,-70.7667
139000000,5,2,127.0,112.0,2,-33.5167,-70.7667
145000000,4,3,84.0,194.0,2,-33.1829,-70.6747
160155000,3,2,101.0,191.0,2,-33.5167,-70.7667
140000000,6,3,108.0,124.0,0,-33.5167,-70.7667
147057880,4,1,112.0,115.0,2,-33.5167,-70.6389
396828500,4,4,140.0,740.0,3,-33.727,-70.7046
135000000,3,2,68.0,113.0,1,-33.5719,-70.8068
175000000,8,6,200.0,190.0,0,-33.2642,-70.715
169586350,3,1,98.0,237.0,0,-33.4975,-70.6287
120000000,4,3,96.0,217.0,3,-33.4274,-70.4843
200000000,5,1,290.0,333.0,1,-33.422,-70.72
400000000,4,3,214.0,220.0,0,-33.4624,-70.6491
551645000,3,1,66.0,326.0,0,-33.3867,-70.5688
594353000,4,4,188.0,748.0,0,-33.1829,-70.6747
1423600000,7,5,399.0,824.0,20,-33.435,-70.615
540968000,6,4,190.0,250.0,0,-33.4088,-70.5671
127000000,3,2,66.0,140.0,1,-33.3667,-70.7333
943135000,5,3,297.0,800.0,3,-33.35,-70.6
348070200,4,3,198.0,524.0,0,-33.443,-70.532
259800000,5,2,139.0,220.0,1,-33.443,-70.532
299600000,4,2,136.0,215.0,2,-33.2773,-70.6106
49114200,3,1,68.0,62.0,1,-33.5167,-70.7667
960930000,6,5,415.0,720.0,2,-33.3867,-70.5688
384372000,3,3,130.0,430.0,2,-33.1829,-70.6747
626384000,6,4,197.0,508.0,0,-33.4088,-70.5671
653076500,7,5,237.0,701.0,4,-33.4833,-70.55
818570000,4,3,240.0,442.0,0,-33.4088,-70.5671
387575100,5,3,190.0,290.0,2,-33.4833,-70.55
854160000,5,5,216.0,260.0,2,-33.35,-70.6
462314100,4,3,133.0,340.0,0,-33.35,-70.6
497904100,5,4,140.0,503.0,0,-33.4833,-70.55
405370100,5,4,150.0,256.0,0,-33.35,-70.6
747390000,6,4,500.0,500.0,0,-33.4624,-70.6491
672651000,5,4,902.0,284.0,0,-33.1829,-70.6747
426581740,6,4,161.0,528.0,10,-33.443,-70.532
462670000,4,2,196.0,516.0,0,-33.2773,-70.6106
1281240000,5,4,300.0,930.0,0,-33.3867,-70.5688
72000000,3,2,51.0,72.0,1,-33.5719,-70.8068
854160000,3,3,200.0,500.0,0,-33.3867,-70.5688
587235000,8,6,264.0,420.0,0,-33.2468,-70.625
1210060000,4,4,280.0,550.0,0,-33.4088,-70.5671
455552000,6,4,250.0,810.0,2,-33.5167,-70.6389
943135000,5,4,236.0,783.0,0,-33.4088,-70.5671
612148000,4,4,230.0,430.0,0,-33.4088,-70.5671
711800000,5,5,185.0,497.0,0,-33.4088,-70.5671
960930000,6,5,260.0,580.0,0,-33.4088,-70.5671
795436500,4,4,186.0,706.0,0,-33.35,-70.6
640620000,5,3,200.0,481.0,0,-33.4088,-70.5671
779421000,6,4,215.0,587.0,0,-33.4088,-70.5671
800775000,5,5,259.0,450.0,0,-33.4088,-70.5671
996520000,5,5,220.0,916.0,0,-33.4088,-70.5671
427080000,3,3,133.0,242.0,0,-33.4088,-70.5671
516055000,4,3,190.0,290.0,0,-33.4088,-70.5671
889750000,5,5,295.0,625.0,2,-33.4088,-70.5671
708241000,4,3,170.0,410.0,2,-33.4088,-70.5671
694005000,5,4,241.0,400.0,1,-33.4088,-70.5671
978725000,6,4,268.0,490.0,0,-33.4088,-70.5671
1014315000,6,5,454.0,820.0,6,-33.4088,-70.5671
871599100,5,4,273.0,811.0,3,-33.4088,-70.5671
800775000,4,4,198.0,690.0,0,-33.4088,-70.5671
1779500000,5,7,520.0,925.0,0,-33.35,-70.6
800775000,6,5,210.0,450.0,0,-33.4088,-70.5671
978369100,7,5,280.0,980.0,6,-33.4088,-70.5671
782980000,5,5,360.0,840.0,0,-33.4088,-70.5671
1064141000,6,6,376.0,875.0,0,-33.4088,-70.5671
1218957500,5,4,260.0,536.0,4,-33.4088,-70.5671
809672500,4,4,200.0,600.0,0,-33.4088,-70.5671
1281240000,3,2,235.0,434.0,0,-33.435,-70.615
238453000,5,3,161.0,352.0,3,-33.5167,-70.6389
1014315000,5,5,245.0,500.0,0,-33.4088,-70.5671
226708300,4,3,115.0,321.0,2,-33.5719,-70.8068
56000000,2,1,90.0,80.0,0,-33.4333,-70.7167
127412200,2,3,122.0,134.0,2,-33.422,-70.72
355544100,5,4,140.0,294.0,0,-33.3641,-70.6134
241656100,4,4,132.0,190.0,0,-33.3641,-70.6134
316751000,5,4,140.0,350.0,2,-33.3641,-70.6134
337749100,5,1,163.0,348.0,0,-33.3641,-70.6134
302159100,5,4,140.0,272.0,0,-33.3641,-70.6134
380457100,5,4,136.0,434.0,2,-33.3641,-70.6134
120000000,6,2,90.0,128.0,1,-33.5167,-70.7667
403590600,4,2,129.0,240.0,0,-33.3867,-70.5688
1459190000,6,3,220.0,800.0,0,-33.4088,-70.5671
1156675000,5,4,280.0,700.0,2,-33.35,-70.6
729595000,5,4,160.0,276.0,2,-33.3867,-70.5688
637061000,5,3,220.0,468.0,0,-33.35,-70.6
943135000,5,4,256.0,936.0,0,-33.35,-70.6
565881000,3,3,100.0,369.0,2,-33.3867,-70.5688
1064141000,4,3,240.0,750.0,0,-33.3867,-70.5688
170000000,3,3,140.0,128.0,0,-33.582,-70.692
1067700000,4,3,280.0,736.0,2,-33.35,-70.6
953812000,6,5,456.0,666.0,3,-33.4088,-70.5671
763761400,6,3,239.0,322.0,2,-33.435,-70.615
334546000,4,3,100.0,251.0,3,-33.4088,-70.5671
350000000,3,1,75.0,190.0,0,-33.4088,-70.5671
1138880000,5,4,306.0,900.0,2,-33.3867,-70.5688
619266000,5,4,200.0,450.0,4,-33.35,-70.6
150000000,3,3,94.0,180.0,0,-33.727,-70.7046
498260000,3,2,100.0,348.0,2,-33.4088,-70.5671
658415000,3,3,100.0,600.0,0,-33.35,-70.6
1313271000,5,4,371.0,905.0,5,-33.35,-70.6
944629780,5,4,236.0,741.0,0,-33.35,-70.6
993494850,5,4,236.0,830.0,3,-33.35,-70.6
946871950,5,4,236.0,742.0,3,-33.35,-70.6
544527000,4,3,125.0,304.0,2,-33.3867,-70.5688
996520000,9,5,330.0,924.0,4,-33.4088,-70.5671
316751000,4,2,184.0,178.0,0,-33.435,-70.615
889750000,5,4,280.0,962.0,6,-33.4088,-70.5671
373695000,5,3,120.0,430.0,0,-33.5007,-70.6514
781200500,6,5,300.0,450.0,5,-33.3867,-70.5688
704682000,6,4,190.0,250.0,2,-33.4088,-70.5671
355900000,3,2,90.0,250.0,2,-33.4088,-70.5671
185000000,4,3,110.0,149.0,3,-33.3667,-70.7333
213540000,3,3,89.0,130.0,2,-33.3641,-70.6134
119084140,4,1,120.0,120.0,2,-33.5167,-70.7667
213540000,3,3,89.0,130.0,2,-33.3641,-70.6134
188627000,3,2,81.0,140.0,2,-33.1829,-70.6747
209625100,3,3,81.0,171.0,2,-33.2833,-70.8778
622825000,5,4,250.0,820.0,0,-33.1829,-70.6747
729595000,6,5,321.0,420.0,0,-33.435,-70.615
391490000,3,3,139.0,365.0,0,-33.443,-70.532
183466450,4,3,132.0,100.0,2,-33.5167,-70.7667
1014315000,4,4,204.0,519.0,0,-33.3867,-70.5688
423521000,3,2,140.0,350.0,0,-33.1829,-70.6747
67621000,3,2,120.0,202.0,2,-33.1829,-70.6747
650000000,3,4,210.0,539.0,4,-33.4088,-70.5671
587235000,6,5,244.0,400.0,4,-33.4088,-70.5671
225284700,4,3,172.0,341.0,3,-33.4264,-70.6996
694005000,4,5,200.0,340.0,0,-33.4088,-70.5671
658415000,5,3,260.0,778.0,0,-33.4088,-70.5671
462670000,5,3,139.0,252.0,0,-33.3867,-70.5688
350561500,3,2,88.0,240.0,0,-33.3867,-70.5688
153037000,3,2,80.0,120.0,0,-33.1829,-70.6747
914663000,7,4,280.0,828.0,6,-33.45,-70.7
195745000,3,3,130.0,180.0,0,-33.5167,-70.7667
140000000,5,2,120.0,192.0,1,-33.582,-70.692
711800000,10,4,220.0,380.0,0,-33.435,-70.615
145000000,5,2,200.0,290.0,0,-33.4037,-70.64
202507100,5,3,235.0,280.0,0,-33.4037,-70.64
953812000,5,4,240.0,800.0,6,-33.35,-70.6
210000000,3,1,76.0,90.0,0,-33.45,-70.7
130000000,3,2,74.0,101.0,2,-33.5167,-70.7667
110000000,3,2,105.0,125.0,0,-33.45,-70.7
130508530,2,1,73.0,102.0,1,-33.5167,-70.6389
1128203000,4,3,430.0,986.0,5,-33.4088,-70.5671
391490000,4,4,183.0,438.0,3,-33.1829,-70.6747
871955000,4,3,215.0,820.0,2,-33.4088,-70.5671
130508530,2,1,70.0,102.0,1,-33.5167,-70.6389
1637140000,5,6,356.0,809.0,5,-33.3867,-70.5688
953812000,5,5,427.0,900.0,3,-33.4088,-70.5671
1245650000,10,4,300.0,400.0,0,-33.435,-70.615
1067700000,6,4,290.0,600.0,3,-33.4088,-70.5671
640620000,5,4,230.0,380.0,0,-33.4088,-70.5671
533850000,5,2,200.0,620.0,6,-33.4766,-70.6062
462670000,2,2,136.0,260.0,3,-33.4088,-70.5671
694005000,4,3,180.0,605.0,2,-33.4088,-70.5671
601471000,5,3,130.0,225.0,0,-33.4088,-70.5671
76447320,5,2,78.0,90.0,2,-33.6167,-70.5667
95000000,3,2,80.0,120.0,0,-33.5167,-70.7667
281161000,4,3,140.0,450.0,0,-33.1829,-70.6747
864837000,4,3,254.0,635.0,2,-33.35,-70.6
450213500,3,3,140.0,630.0,2,-33.1829,-70.6747
69900000,3,1,65.0,68.0,1,-33.519,-70.629
220088560,4,2,220.0,450.0,1,-33.2468,-70.625
391490000,3,3,140.0,300.0,2,-33.1829,-70.6747
80077500,3,2,75.0,80.0,1,-33.582,-70.692
556983500,6,3,354.0,354.0,4,-33.4088,-70.5671
765185000,3,4,375.0,860.0,0,-33.1829,-70.6747
815011000,4,3,240.0,500.0,3,-33.35,-70.6
409285000,3,2,107.0,267.0,2,-33.3867,-70.5688
560542500,5,4,180.0,280.0,2,-33.3867,-70.5688
516055000,4,3,140.0,294.0,2,-33.3867,-70.5688
586879100,4,4,180.0,280.0,1,-33.3867,-70.5688
516055000,4,4,267.0,293.0,2,-33.3867,-70.5688
560542500,5,4,180.0,280.0,2,-33.3867,-70.5688
320310000,10,5,175.0,200.0,0,-33.4624,-70.6491
494701000,4,3,170.0,350.0,3,-33.435,-70.615
548086000,5,4,187.0,280.0,1,-33.3867,-70.5688
427080000,3,4,160.0,400.0,2,-33.4833,-70.55
658415000,4,4,180.0,250.0,2,-33.3867,-70.5688
523173000,3,4,160.0,197.0,0,-33.3867,-70.5688
850601000,4,4,170.0,500.0,2,-33.35,-70.6
516055000,4,3,140.0,294.0,2,-33.3867,-70.5688
815011000,4,4,400.0,260.0,2,-33.35,-70.6
690446000,4,3,250.0,370.0,4,-33.3867,-70.5688
694005000,4,3,250.0,370.0,4,-33.3867,-70.5688
75000000,3,2,85.0,78.0,0,-33.1829,-70.6747
142000000,4,2,47.0,152.0,6,-33.5167,-70.7667
441316000,3,4,200.0,508.0,2,-33.443,-70.532
200000000,3,3,140.0,128.0,0,-33.582,-70.692
60467410,2,1,42.0,42.0,1,-33.4333,-70.7167
149122100,3,1,140.0,140.0,2,-33.4333,-70.7167
123015800,4,2,170.0,150.0,0,-33.4264,-70.6996
459111000,4,2,133.0,430.0,3,-33.4088,-70.5671
551645000,4,2,151.0,451.0,1,-33.4088,-70.5671
613927500,3,3,126.0,310.0,2,-33.4088,-70.5671
318174600,3,2,106.0,225.0,2,-33.2773,-70.6106
460890500,4,3,120.0,335.0,4,-33.4088,-70.5671
622825000,3,3,126.0,310.0,2,-33.4088,-70.5671
601471000,4,3,195.0,300.0,3,-33.4088,-70.5671
637061000,5,3,205.0,320.0,3,-33.4088,-70.5671
836365000,4,3,145.0,240.0,3,-33.3867,-70.5688
427578260,5,3,190.0,600.0,5,-33.443,-70.532
551645000,4,2,151.0,451.0,1,-33.4088,-70.5671
836365000,4,3,145.0,240.0,3,-33.3867,-70.5688
516055000,4,2,133.0,430.0,3,-33.4088,-70.5671
231335000,4,3,115.0,140.0,1,-33.3641,-70.6134
140000000,3,3,74.0,100.0,2,-33.6167,-70.5667
231335000,4,3,115.0,140.0,1,-33.3641,-70.6134
100000000,5,2,250.0,200.0,0,-33.6167,-70.5667
163714000,4,3,90.0,145.0,2,-33.6167,-70.5667
355000000,3,3,103.0,144.0,2,-33.443,-70.532
597912000,4,3,139.0,274.0,3,-33.3867,-70.5688
640620000,5,4,139.0,300.0,2,-33.4088,-70.5671
889750000,7,6,360.0,500.0,0,-33.435,-70.615
110000000,3,2,95.0,230.0,0,-33.3864,-71.1369
556983500,6,3,354.0,354.0,4,-33.4088,-70.5671
838500400,7,3,160.0,460.0,0,-33.3867,-70.5688
423521000,4,2,129.0,199.0,0,-33.4088,-70.5671
266925000,4,3,120.0,326.0,2,-33.5719,-70.8068
302515000,3,3,180.0,400.0,4,-33.5719,-70.8068
72000000,4,1,88.0,88.0,1,-33.1829,-70.6747
110329000,4,2,89.0,137.0,1,-33.3641,-70.6134
65000000,3,1,70.0,90.0,2,-33.4333,-70.7167
188627000,3,3,110.0,154.0,0,-33.6167,-70.5667
135000000,3,3,80.0,120.0,0,-33.6167,-70.5667
95000000,4,2,108.0,130.0,2,-33.6167,-70.5667
516055000,4,4,150.0,240.0,2,-33.35,-70.6
395049000,4,3,80.0,195.0,2,-33.5167,-70.6389
215000000,4,3,171.0,207.0,0,-33.5167,-70.7667
260000000,8,3,175.0,175.0,0,-33.4624,-70.6491
375474500,4,3,140.0,401.0,2,-33.5167,-70.6389
295000000,4,2,87.0,144.0,1,-33.2773,-70.6106
329207500,3,2,100.0,180.0,2,-33.2773,-70.6106
62000000,2,1,42.0,190.0,3,-33.4034,-70.7213
223718740,4,5,178.0,200.0,0,-33.4624,-70.6491
97000000,4,2,144.0,180.0,1,-33.519,-70.629
120294200,4,2,110.0,200.0,4,-33.582,-70.692
210000000,3,2,134.0,194.0,0,-33.3667,-70.7333
129800000,4,3,85.0,129.0,2,-33.5167,-70.7667
122800000,4,2,127.0,129.0,1,-33.5167,-70.7667
533494100,4,2,160.0,200.0,1,-33.4088,-70.5671
800775000,5,4,240.0,600.0,2,-33.2773,-70.6106
384372000,4,3,136.0,412.0,2,-33.5167,-70.6389
391490000,3,3,140.0,420.0,2,-33.1829,-70.6747
708241000,4,3,144.0,530.0,4,-33.3867,-70.5688
284364100,5,3,140.0,500.0,2,-33.1829,-70.6747
516055000,5,4,180.0,390.0,2,-33.443,-70.532
402167000,4,4,156.0,280.0,2,-33.4833,-70.55
410000000,3,2,114.0,246.0,2,-33.2773,-70.6106
580117000,4,2,396.0,200.0,2,-33.4088,-70.5671
120000000,5,2,97.0,137.0,3,-33.6167,-70.5667
284364100,4,5,98.0,214.0,2,-33.443,-70.532
85000000,3,2,78.0,123.0,2,-33.5667,-70.7167
180000000,4,2,93.0,86.0,2,-33.4766,-70.6062
170000000,2,2,86.0,173.0,1,-33.5167,-70.6389
85000000,3,1,58.0,65.0,1,-33.6167,-70.5667
130000000,3,1,60.0,150.0,1,-33.6167,-70.5667
195000000,5,2,173.0,72.0,1,-33.5167,-70.6389
480000000,5,6,240.0,600.0,7,-33.5167,-70.6389
90000000,3,1,75.0,75.0,0,-33.4624,-70.6491
130000000,3,2,62.0,160.0,1,-33.4833,-70.55
444519100,3,3,188.0,389.0,0,-33.1829,-70.6747
135000000,3,1,60.0,160.0,1,-33.5167,-70.7667
195000000,4,3,115.0,200.0,2,-33.5167,-70.6389
350000000,3,2,96.0,211.0,2,-33.4088,-70.5671
190000000,4,3,112.0,105.0,2,-33.45,-70.7
103211000,3,1,54.0,108.0,1,-33.6167,-70.5667
340596300,3,2,110.0,334.0,0,-33.5167,-70.7667
551645000,4,3,280.0,430.0,3,-33.4088,-70.5671
81000000,3,2,51.0,138.0,0,-33.5167,-70.7667
120000000,3,1,45.0,134.0,3,-33.5167,-70.7667
250000000,3,1,84.0,345.0,2,-33.443,-70.532
75000000,3,1,70.0,80.0,1,-33.3667,-70.7333
130000000,3,3,76.0,135.0,1,-33.2833,-70.8778
150000000,3,2,100.0,150.0,2,-33.6167,-70.5667
332766500,4,3,144.0,283.0,3,-33.4333,-70.7167
159000000,3,3,85.0,130.0,4,-33.6167,-70.5667
338105000,3,3,104.0,316.0,2,-33.5167,-70.6389
672651000,3,3,436.0,770.0,1,-33.1829,-70.6747
160404130,5,2,78.0,129.0,2,-33.5167,-70.6389
149228870,3,1,121.0,328.0,4,-33.5985,-70.8734
587519720,7,6,203.0,378.0,5,-33.4037,-70.64
189232030,8,3,113.0,181.0,2,-33.5167,-70.6389
367965010,4,3,140.0,227.0,2,-33.5167,-70.6389
262832150,3,1,67.0,227.0,4,-33.5167,-70.6389
105000000,4,3,115.0,170.0,2,-33.3667,-70.7333
177594100,6,3,98.0,195.0,1,-33.2833,-70.8778
80433400,3,1,52.0,76.0,2,-33.6167,-70.5667
113354150,4,2,92.0,151.0,2,-33.6167,-70.5667
672651000,3,3,436.0,770.0,1,-33.1829,-70.6747
90000000,3,2,80.0,120.0,2,-33.6167,-70.5667
87000000,2,1,71.0,162.0,2,-33.368,-70.642
75000000,2,1,50.0,85.0,1,-33.6167,-70.5667
92000000,4,2,100.0,198.0,3,-33.7509,-70.8983
65000000,4,1,68.0,248.0,1,-33.7509,-70.8983
170120200,4,2,115.0,192.0,3,-33.2642,-70.715
150000000,5,2,105.0,128.0,1,-33.5167,-70.6389
65000000,2,1,50.0,50.0,0,-33.5167,-70.7667
451993000,5,2,163.0,189.0,1,-33.4088,-70.5671
128124000,5,2,80.0,155.0,1,-33.5167,-70.7667
644179000,4,4,213.0,470.0,5,-33.443,-70.532
914663000,4,4,240.0,800.0,4,-33.35,-70.6
1388010000,5,3,382.0,944.0,4,-33.3867,-70.5688
145919000,3,2,68.0,130.0,2,-33.5167,-70.6389
391134100,3,2,119.0,270.0,3,-33.2773,-70.6106
334546000,4,2,190.0,408.0,4,-33.2773,-70.6106
391490000,3,2,128.0,233.0,3,-33.443,-70.532
694005000,4,4,271.0,817.0,2,-33.3641,-70.6134
117660540,3,2,84.0,134.0,2,-33.688,-71.2113
672651000,5,4,231.0,446.0,4,-33.4088,-70.5671
1049905000,6,5,250.0,627.0,1,-33.3867,-70.5688
330987000,3,1,77.0,160.0,1,-33.4088,-70.5671
170000000,3,3,97.0,137.0,1,-33.6167,-70.5667
1245650000,5,5,330.0,760.0,0,-33.35,-70.6
159000000,4,2,135.0,250.0,2,-33.5167,-70.6333
177950000,3,3,101.0,200.0,1,-33.6167,-70.5667
173000000,4,3,117.0,140.0,2,-33.5167,-70.7667
302515000,3,2,115.0,172.0,2,-33.2773,-70.6106
307853500,3,3,106.0,244.0,1,-33.4833,-70.55
307853500,3,3,106.0,244.0,1,-33.4833,-70.55
220622410,4,3,135.0,260.0,3,-33.5719,-70.8068
130000000,3,3,72.0,76.0,2,-33.6167,-70.5667
359459000,4,2,105.0,286.0,4,-33.4088,-70.5671
223000000,4,3,145.0,225.0,2,-33.6167,-70.5667
409285000,4,4,153.0,286.0,2,-33.4088,-70.5671
350561500,4,4,167.0,350.0,2,-33.1829,-70.6747
444875000,3,3,139.0,380.0,2,-33.1829,-70.6747
765185000,5,4,312.0,523.0,3,-33.4088,-70.5671
473347000,4,3,239.0,160.0,3,-33.3867,-70.5688
569440000,6,4,192.0,347.0,4,-33.4088,-70.5671
864837000,4,3,254.0,635.0,2,-33.35,-70.6
217099000,4,4,171.0,208.0,2,-33.2468,-70.625
355900000,5,3,194.0,200.0,1,-33.4624,-70.6491
426724100,4,2,133.0,405.0,2,-33.443,-70.532
1338184000,5,5,343.0,800.0,5,-33.443,-70.532
61000000,2,1,98.0,45.0,1,-33.727,-70.7046
142395590,4,3,160.0,162.0,0,-33.5167,-70.7667
87017550,5,2,160.0,480.0,2,-33.1829,-70.6747
160190590,4,2,86.0,141.0,2,-33.6167,-70.5667
185103590,3,2,110.0,180.0,2,-33.7843,-70.7217
208201500,3,3,90.0,167.0,1,-33.3667,-70.7333
80468990,3,1,70.0,105.0,1,-33.7843,-70.7217
255927690,4,3,112.0,250.0,1,-33.4833,-70.55
74000000,3,1,60.0,105.0,0,-33.7843,-70.7217
73706890,3,1,70.0,105.0,0,-33.7843,-70.7217
55000001,2,1,80.0,80.0,1,-33.6167,-70.5667
765185000,6,4,244.0,420.0,3,-33.435,-70.615
921781000,5,4,270.0,840.0,4,-33.4088,-70.5671
836365000,4,3,252.0,808.0,6,-33.35,-70.6
80682530,2,1,65.0,66.0,1,-33.6167,-70.5667
409285000,4,4,180.0,221.0,0,-33.4833,-70.55
516055000,4,3,150.0,220.0,2,-33.35,-70.6
882632000,4,4,200.0,515.0,2,-33.3867,-70.5688
555204000,3,3,165.0,375.0,2,-33.35,-70.6
519614000,3,3,140.0,250.0,2,-33.4088,-70.5671
373695000,4,3,146.0,204.0,2,-33.3867,-70.5688
1013959100,3,5,214.0,524.0,8,-33.3867,-70.5688
580117000,5,3,174.0,326.0,3,-33.4088,-70.5671
240000000,4,3,194.0,200.0,2,-33.4766,-70.6062
996520000,6,4,340.0,680.0,6,-33.4088,-70.5671
1067700000,5,4,280.0,585.0,3,-33.4088,-70.5671
391490000,3,2,75.0,150.0,2,-33.4088,-70.5671
1032110000,6,5,332.0,683.0,3,-33.3867,-70.5688
996520000,4,3,320.0,541.0,3,-33.4088,-70.5671
772303000,4,4,248.0,918.0,6,-33.35,-70.6
350000000,13,6,374.0,237.0,1,-33.4624,-70.6491
270000000,3,2,105.0,330.0,4,-33.5167,-70.6333
133106600,3,2,82.0,120.0,0,-33.6167,-70.5667
68000000,2,1,68.0,70.0,0,-33.3667,-70.7333
135000000,7,3,129.0,162.0,0,-33.519,-70.629
603250500,4,2,154.0,400.0,2,-33.4088,-70.5671
126000000,3,2,84.0,162.0,0,-33.5167,-70.6389
116201350,3,1,82.0,190.0,0,-33.5985,-70.8734
138445100,9,2,160.0,160.0,2,-33.2642,-70.715
134245480,3,2,70.0,113.0,4,-33.5167,-70.7667
100933240,4,2,93.0,115.0,2,-33.5167,-70.6389
391454410,5,4,172.0,234.0,3,-33.2773,-70.6106
556983500,6,3,354.0,354.0,4,-33.4088,-70.5671
184178250,3,2,89.0,219.0,3,-33.4833,-70.55
151257500,5,2,180.0,200.0,2,-33.2468,-70.625
222437500,4,2,150.0,200.0,0,-33.4624,-70.6491
201261450,4,3,101.0,149.0,3,-33.6167,-70.5667
772303000,4,3,244.0,443.0,4,-33.4088,-70.5671
487227100,5,3,218.0,512.0,3,-33.1829,-70.6747
921745410,5,4,254.0,825.0,3,-33.443,-70.532
419962000,4,3,169.0,408.0,4,-33.443,-70.532
100000000,2,1,74.0,74.0,0,-33.2468,-70.625
120000000,4,2,180.0,250.0,2,-33.4034,-70.7213
152681100,3,3,107.0,147.0,2,-33.5167,-70.7667
530291000,4,4,182.0,579.0,2,-33.1829,-70.6747
489362500,5,4,223.0,325.0,2,-33.4088,-70.5671
540612100,7,4,167.0,413.0,3,-33.35,-70.6
124565000,2,1,70.0,120.0,1,-33.2468,-70.625
530291000,3,2,104.0,281.0,2,-33.3867,-70.5688
125000000,4,2,104.0,126.0,2,-33.5167,-70.7667
221369800,4,3,270.0,300.0,1,-33.5167,-70.7667
544882900,6,4,348.0,248.0,2,-33.2773,-70.6106
434198000,5,4,178.0,400.0,2,-33.4833,-70.55
193000000,5,2,150.0,190.0,0,-33.45,-70.7
109000000,2,1,76.0,128.0,0,-33.6167,-70.5667
115000000,3,3,62.0,126.0,6,-33.5719,-70.8068
622825000,3,3,208.0,400.0,5,-33.35,-70.6
213540000,4,4,80.0,120.0,1,-33.6167,-70.5667
496480500,4,2,120.0,154.0,2,-33.435,-70.615
134000000,4,1,84.0,150.0,1,-33.6167,-70.5667
42352100,2,1,55.0,72.0,0,-33.6167,-70.5667
444875000,4,4,164.0,362.0,2,-33.4833,-70.55
1014315000,5,5,252.0,560.0,2,-33.4088,-70.5671
176170500,4,2,130.0,114.0,0,-33.452,-70.723
191830100,3,3,84.0,145.0,2,-33.452,-70.723
156062150,3,3,95.0,180.0,3,-33.5985,-70.8734
704682000,4,4,221.0,221.0,3,-33.3867,-70.5688
360000000,4,2,500.0,500.0,0,-33.4624,-70.6491
484024000,15,4,386.0,386.0,0,-33.4624,-70.6491
225996500,4,3,120.0,310.0,2,-33.582,-70.692
140580500,4,3,120.0,140.0,1,-33.582,-70.692
99000000,4,2,110.0,110.0,2,-33.6167,-70.5667
64000000,3,1,80.0,66.0,0,-33.5667,-70.7167
313192000,4,2,140.0,268.0,2,-33.4088,-70.5671
103000000,3,2,62.0,100.0,0,-33.5719,-70.8068
125988600,3,1,63.0,156.0,2,-33.5167,-70.7667
143000000,4,3,88.0,200.0,0,-33.2833,-70.8778
97000000,3,2,76.0,135.0,1,-33.5167,-70.6389
180000000,5,2,130.0,296.0,3,-33.368,-70.642
222437500,4,3,125.0,300.0,0,-33.7509,-70.8983
455552000,4,3,140.0,514.0,0,-33.1829,-70.6747
205000000,4,2,100.0,234.0,3,-33.4833,-70.55
68000000,3,1,65.0,120.0,1,-33.3667,-70.7333
225000000,5,2,145.0,285.0,4,-33.4667,-70.6667
225747370,5,2,145.0,285.0,4,-33.4667,-70.6667
145000000,6,4,195.0,195.0,2,-33.5167,-70.7667
145491920,6,4,195.0,195.0,2,-33.5167,-70.7667
201083500,3,2,77.0,128.0,3,-33.3667,-70.7333
98000000,2,1,140.0,83.0,0,-33.3667,-70.7333
619266000,4,3,154.0,224.0,2,-33.4088,-70.5671
390000000,3,3,180.0,800.0,5,-33.368,-70.642
88000000,3,1,86.0,98.0,2,-33.5167,-70.7667
78298000,3,1,44.0,76.0,0,-33.727,-70.7046
56000000,3,1,42.0,42.0,2,-33.6167,-70.5667
238453000,3,2,178.0,216.0,3,-33.3667,-70.7333
93000000,3,1,80.0,120.0,1,-33.6167,-70.5667
289800000,5,4,140.0,370.0,2,-33.6167,-70.5667
207489700,5,3,170.0,198.0,3,-33.6167,-70.5667
134886100,3,2,68.0,100.0,1,-33.5719,-70.8068
176170500,4,2,103.0,194.0,2,-33.5167,-70.6389
62000000,4,1,90.0,110.0,0,-33.1829,-70.6747
135242000,1,2,70.0,70.0,1,-33.4037,-70.64
80433400,1,1,35.0,42.0,0,-33.4037,-70.64
201083500,5,3,140.0,205.0,3,-33.6167,-70.5667
137990000,3,2,111.0,136.0,1,-33.6167,-70.5667
160155000,3,3,94.0,120.0,3,-33.5985,-70.8734
160155000,3,3,94.0,140.0,3,-33.5985,-70.8734
75000000,4,3,97.0,144.0,0,-33.5167,-70.6389
135000000,4,3,72.0,138.0,1,-33.6167,-70.5667
497904100,4,4,225.0,430.0,2,-33.1829,-70.6747
84000000,3,1,61.0,81.0,1,-33.6167,-70.5667
594353000,3,3,458.0,600.0,6,-33.6167,-70.5667
245215100,4,2,123.0,361.0,4,-33.5167,-70.6389
370000000,6,3,184.0,287.0,2,-33.4088,-70.5671
231335000,7,3,148.0,140.0,0,-33.45,-70.7
60503000,2,1,66.0,102.0,0,-33.4034,-70.7213
151969300,5,3,105.0,118.0,2,-33.6167,-70.5667
551289100,3,3,170.0,674.0,2,-33.1829,-70.6747
330987000,3,2,150.0,800.0,10,-33.368,-70.642
83000000,3,2,96.0,110.0,1,-33.727,-70.7046
188627000,2,1,50.0,170.0,0,-33.4088,-70.5671
91110400,4,2,134.0,128.0,1,-33.6167,-70.5667
708241000,4,4,205.0,320.0,1,-33.35,-70.6
155000000,7,2,140.0,130.0,0,-33.2468,-70.625
113354150,3,2,60.0,120.0,1,-33.727,-70.7046
491142000,4,5,136.0,338.0,5,-33.4088,-70.5671
162895430,4,2,120.0,80.0,0,-33.2468,-70.625
79899550,2,1,118.0,118.0,3,-33.582,-70.692
60000000,5,1,109.0,168.0,0,-33.582,-70.692
108549500,3,2,88.0,97.0,1,-33.5167,-70.7667
69400500,3,1,50.0,86.0,1,-33.727,-70.7046
48046500,2,1,55.0,55.0,1,-33.5167,-70.7667
530291000,5,4,211.0,528.0,6,-33.4088,-70.5671
145919000,3,1,200.0,200.0,1,-33.5167,-70.7667
145919000,5,1,350.0,350.0,4,-33.452,-70.723
152000000,3,2,75.0,124.0,1,-33.5167,-70.7667
256248000,4,3,110.0,202.0,3,-33.727,-70.7046
175900000,4,3,120.0,170.0,0,-33.6167,-70.5667
729595000,6,5,259.0,425.0,0,-33.2773,-70.6106
195000000,3,1,180.0,197.0,0,-33.4624,-70.6491
150000000,4,2,115.0,200.0,1,-33.4667,-70.6667
245000000,4,3,200.0,800.0,3,-33.7843,-70.7217
238000000,5,1,110.0,363.0,1,-33.452,-70.723
77000000,2,1,45.0,85.0,1,-33.727,-70.7046
70000000,3,1,49.0,82.0,1,-33.727,-70.7046
140000000,3,2,65.0,117.0,1,-33.727,-70.7046
80000000,2,1,51.0,98.0,1,-33.727,-70.7046
943135000,4,4,270.0,400.0,2,-33.35,-70.6
366577000,3,2,80.0,240.0,2,-33.4088,-70.5671
320310000,6,3,166.0,166.0,1,-33.5007,-70.6514
155000000,5,1,200.0,200.0,2,-33.5007,-70.6514
145000000,3,2,107.0,107.0,0,-33.4975,-70.6287
63000000,3,2,55.0,58.0,1,-33.582,-70.692
85000000,2,1,47.0,47.0,3,-33.519,-70.629
93000000,3,1,102.0,121.0,2,-33.519,-70.629
149000000,5,4,140.0,170.0,2,-33.519,-70.629
209625100,3,2,111.0,111.0,1,-33.5167,-70.6389
382592500,5,7,180.0,380.0,3,-33.3864,-71.1369
48000000,3,1,102.0,54.0,0,-33.5167,-70.6389
637061000,4,4,210.0,500.0,6,-33.4088,-70.5671
190000000,4,1,90.0,575.0,2,-33.452,-70.723
87195500,2,1,62.0,62.0,2,-33.582,-70.692
138801000,3,3,75.0,75.0,1,-33.727,-70.7046
249130000,4,3,100.0,100.0,5,-33.727,-70.7046
434198000,7,2,233.0,550.0,4,-33.443,-70.532
79000000,2,1,68.0,87.0,0,-33.4264,-70.6996
135000000,4,2,73.0,73.0,1,-33.6167,-70.5667
65000000,5,2,87.0,92.0,1,-33.1829,-70.6747
85000000,4,1,90.0,95.0,1,-33.422,-70.72
569440000,5,5,187.0,837.0,3,-33.4833,-70.55
138801000,3,3,80.0,190.0,1,-33.1829,-70.6747
55000000,3,1,80.0,100.0,0,-33.5167,-70.7667
526732000,6,4,140.0,311.0,3,-33.2773,-70.6106
306074000,4,2,150.0,190.0,1,-33.2773,-70.6106
338105000,5,3,103.0,184.0,1,-33.2773,-70.6106
462670000,7,7,370.0,400.0,0,-33.2773,-70.6106
234800000,4,1,90.0,558.0,10,-33.4037,-70.64
480465000,3,3,120.0,433.0,4,-33.4088,-70.5671
1067700000,8,3,477.0,922.0,5,-33.4088,-70.5671
316751000,4,2,117.0,277.0,3,-33.443,-70.532
306074000,6,4,120.0,700.0,4,-33.35,-70.6
188627000,3,3,82.0,177.0,4,-33.5167,-70.6389
604674100,5,4,140.0,400.0,2,-33.35,-70.6
462634410,5,3,165.0,340.0,2,-33.4833,-70.55
658415000,6,5,218.0,440.0,4,-33.443,-70.532
654856000,5,5,222.0,508.0,2,-33.1829,-70.6747
640264100,4,3,245.0,650.0,0,-33.1829,-70.6747
672651000,4,4,200.0,625.0,3,-33.4833,-70.55
60000000,4,1,70.0,62.0,1,-33.3667,-70.7333
943135000,4,3,189.0,517.0,2,-33.35,-70.6
281516900,5,2,138.0,351.0,2,-33.4037,-70.64
174746900,3,3,94.0,140.0,1,-33.3667,-70.7333
544527000,3,2,136.0,308.0,4,-33.4088,-70.5671
259807000,4,3,135.0,184.0,0,-33.5167,-70.6389
775862000,6,5,276.0,436.0,3,-33.4088,-70.5671
1708320000,4,4,488.0,488.0,10,-33.4088,-70.5671
1103290000,5,4,240.0,240.0,0,-33.443,-70.532
85000000,3,1,76.0,89.0,1,-33.5167,-70.6389
139000000,3,1,84.0,160.0,2,-33.5167,-70.6389
135000000,3,1,72.0,171.0,1,-33.5167,-70.7667
581896500,3,3,140.0,140.0,1,-33.4624,-70.6491
526411690,6,3,350.0,525.0,4,-33.4624,-70.6491
138801000,4,2,114.0,230.0,0,-33.4037,-70.64
98940200,3,1,72.0,112.0,1,-33.6167,-70.5667
67265100,2,1,60.0,80.0,1,-33.5985,-70.8734
86839600,3,2,65.0,60.0,1,-33.5167,-70.7667
117091100,3,3,90.0,167.0,2,-33.2833,-70.8778
90754500,3,1,93.0,90.0,0,-33.2468,-70.625
136523240,5,2,140.0,275.0,3,-33.452,-70.723
120116250,4,2,140.0,140.0,2,-33.4333,-70.7167
256248000,3,3,140.0,200.0,2,-33.3641,-70.6134
140000000,2,1,231.0,181.0,0,-33.4624,-70.6491
55000000,3,1,80.0,276.0,1,-33.4274,-70.4843
120000000,4,2,98.0,133.0,2,-33.6167,-70.5667
135000000,3,2,65.0,102.0,1,-33.6167,-70.5667
68000000,2,1,45.0,45.0,1,-33.6167,-70.5667
130000000,3,2,80.0,110.0,1,-33.6167,-70.5667
75000000,4,1,50.0,87.0,1,-33.4333,-70.7167
121006000,3,2,60.0,145.0,2,-33.452,-70.723
150000000,2,2,51.0,51.0,2,-33.435,-70.615
129000000,3,3,72.0,156.0,2,-33.5719,-70.8068
274932750,3,3,95.0,95.0,0,-33.443,-70.532
88000000,4,2,85.0,100.0,1,-33.4333,-70.7167
150000000,3,2,58.0,140.0,1,-33.5167,-70.7667
160000000,6,2,120.0,160.0,1,-33.5167,-70.7667
77000000,4,1,72.0,100.0,1,-33.5167,-70.7667
130000000,4,2,120.0,160.0,2,-33.5167,-70.7667
137733300,3,3,66.0,118.0,1,-33.5167,-70.7667
160000000,3,3,90.0,180.0,1,-33.5167,-70.7667
96000000,4,2,86.0,134.0,3,-33.5167,-70.6389
190000000,5,3,150.0,200.0,4,-33.5167,-70.7667
95000000,3,2,80.0,128.0,2,-33.5167,-70.7667
125000000,4,2,130.0,198.0,1,-33.5167,-70.7667
516055000,4,4,220.0,351.0,3,-33.435,-70.615
491142000,4,4,156.0,320.0,2,-33.4088,-70.5671
55164500,3,1,78.0,78.0,1,-33.4624,-70.6491
95594740,3,1,89.0,110.0,1,-33.727,-70.7046
137946840,3,3,81.0,201.0,1,-33.727,-70.7046
565881000,3,2,94.0,577.0,4,-33.4088,-70.5671
81002840,3,1,70.0,70.0,2,-33.7843,-70.7217
52566430,4,2,60.0,60.0,2,-33.7843,-70.7217
80219860,2,1,52.0,52.0,2,-33.7843,-70.7217
161934500,3,2,88.0,128.0,3,-33.3667,-70.7333
396116700,4,2,120.0,355.0,0,-33.435,-70.615
70000000,3,1,70.0,70.0,0,-33.472,-70.683
132000000,3,1,60.0,60.0,2,-33.5167,-70.6389
398608000,3,2,139.0,187.0,2,-33.435,-70.615
151000000,4,3,100.0,175.0,2,-33.5167,-70.6389
138801000,4,1,93.0,223.0,0,-33.582,-70.692
480109100,4,4,139.0,241.0,3,-33.443,-70.532
153214950,3,2,110.0,200.0,3,-33.6167,-70.5667
209981000,3,2,150.0,150.0,307,-33.45,-70.7
45000000,1,1,40.0,102.0,1,-33.349,-70.6383
122963450,3,3,98.0,98.0,1,-33.3667,-70.7333
50000000,4,1,117.0,117.0,0,-33.7843,-70.7217
139500000,4,2,80.0,80.0,1,-33.727,-70.7046
75000000,4,2,130.0,130.0,0,-33.727,-70.7046
120000000,4,3,130.0,200.0,3,-33.727,-70.7046
350000000,3,1,98.0,560.0,0,-33.727,-70.7046
190000000,3,3,100.0,412.0,4,-33.727,-70.7046
120000000,3,2,70.0,154.0,1,-33.6167,-70.5667
53000000,3,1,70.0,90.0,0,-33.6167,-70.5667
229555500,4,2,240.0,640.0,4,-33.519,-70.629
391490000,4,2,80.0,200.0,3,-33.2773,-70.6106
186491600,4,3,130.0,153.0,0,-33.6167,-70.5667
836365000,4,5,250.0,360.0,0,-33.4088,-70.5671
747390000,4,4,206.0,206.0,3,-33.4088,-70.5671
160155000,3,1,275.0,275.0,2,-33.452,-70.723
818570000,5,5,205.0,250.0,2,-33.4088,-70.5671
164781700,4,3,99.0,273.0,2,-33.2833,-70.8778
140366960,3,2,100.0,199.0,0,-33.2833,-70.8778
92534000,3,2,130.0,145.0,1,-33.6844,-70.9248
255892100,7,2,320.0,350.0,0,-33.4624,-70.6491
153037000,3,3,90.0,260.0,2,-33.7509,-70.8983
170832000,4,3,116.0,260.0,2,-33.7509,-70.8983
213540000,4,3,126.0,280.0,3,-33.7509,-70.8983
88975000,3,1,54.0,140.0,1,-33.6936,-71.0118
231335000,3,2,137.0,175.0,0,-33.2773,-70.6106
78000000,3,1,52.0,52.0,1,-33.5167,-70.7667
338105000,3,3,99.0,113.0,1,-33.4624,-70.6491
206422000,4,3,126.0,126.0,2,-33.7509,-70.8983
992961000,7,9,287.0,825.0,3,-33.4624,-70.6491
290000000,3,2,93.0,328.0,3,-33.4766,-70.6062
78000000,2,1,53.0,75.0,2,-33.3667,-70.7333
146274900,3,2,96.0,160.0,0,-33.4667,-70.6667
590794000,5,3,192.0,595.0,4,-33.2773,-70.6106
491142000,3,4,140.0,350.0,3,-33.1829,-70.6747
150000000,4,3,110.0,110.0,1,-33.4333,-70.7167
94900000,3,1,93.0,200.0,4,-33.519,-70.629
110000000,4,1,88.0,128.0,3,-33.5167,-70.6389
78298000,2,1,50.0,69.0,1,-33.3667,-70.7333
113900000,4,2,90.0,130.0,2,-33.3667,-70.7333
302515000,4,2,119.0,304.0,0,-33.5167,-70.6389
120000000,3,1,80.0,350.0,6,-33.3667,-70.7333
90000000,4,1,77.0,91.0,0,-33.4333,-70.7167
92000000,2,2,55.0,85.0,2,-33.5167,-70.7667
58000000,4,1,120.0,120.0,1,-33.6844,-70.9248
80000000,5,2,100.0,100.0,1,-33.6844,-70.9248
64000000,4,1,65.0,65.0,1,-33.6844,-70.9248
68000000,3,1,58.0,58.0,1,-33.6844,-70.9248
370000000,5,4,200.0,200.0,10,-33.6844,-70.9248
55000000,3,1,70.0,70.0,0,-33.6844,-70.9248
105000000,2,2,73.0,73.0,0,-33.4624,-70.6491
80000000,3,1,90.0,90.0,1,-33.4274,-70.4843
155000000,3,2,75.0,75.0,3,-33.4975,-70.6287
79000000,4,2,133.0,133.0,0,-33.582,-70.692
40000000,2,1,50.0,25.0,10,-33.5985,-70.8734
65000000,3,1,82.0,82.0,0,-33.5985,-70.8734
80000000,3,2,90.0,90.0,0,-33.5985,-70.8734
60000000,4,3,90.0,90.0,1,-33.5985,-70.8734
79000000,2,1,58.0,58.0,0,-33.5985,-70.8734
75000000,2,1,50.0,50.0,0,-33.5985,-70.8734
155000000,4,2,140.0,140.0,0,-33.5985,-70.8734
119000000,3,3,57.0,57.0,1,-33.5719,-70.8068
77000000,3,2,91.0,91.0,0,-33.5167,-70.7667
120000000,3,1,70.0,70.0,0,-33.5167,-70.7667
140000000,2,2,75.0,75.0,1,-33.5167,-70.7667
115000000,3,2,133.0,133.0,0,-33.5667,-70.7167
140000000,3,1,100.0,100.0,3,-33.7015,-70.79
126878350,2,2,62.0,153.0,2,-33.5719,-70.8068
409285000,3,3,105.0,310.0,2,-33.5167,-70.6389
146900000,4,2,100.0,120.0,3,-33.3667,-70.7333
160155000,3,2,69.0,88.0,2,-33.5167,-70.6389
5427000,2,1,63.0,63.0,1,-33.582,-70.692
106770000,3,1,58.0,58.0,1,-33.4624,-70.6491
118000000,3,3,67.0,67.0,3,-33.582,-70.692
73000000,6,1,130.0,75.0,1,-33.4333,-70.7167
125000000,4,2,157.0,160.0,1,-33.422,-70.72
90000000,2,1,120.0,120.0,0,-33.2773,-70.6106
98500000,3,2,64.0,68.0,0,-33.4624,-70.6491
130000000,2,1,60.0,256.0,1,-33.4975,-70.6287
605030000,4,4,153.0,875.0,4,-33.4833,-70.55
177238200,4,2,95.0,109.0,2,-33.4833,-70.55
73000000,3,1,51.0,63.0,1,-33.5167,-70.7667
419962000,5,4,150.0,200.0,2,-33.443,-70.532
160000000,3,2,80.0,80.0,4,-33.5985,-70.8734
70468200,3,1,73.0,62.0,1,-33.582,-70.692
64140500,1,1,18.0,18.0,0,-33.4624,-70.6491
551645000,4,2,160.0,200.0,1,-33.4088,-70.5671
241406970,4,3,110.0,272.0,2,-33.5985,-70.8734
209981000,6,2,170.0,178.0,0,-33.4037,-70.64
145919000,3,2,150.0,228.0,2,-33.5985,-70.8734
42000000,1,1,48.0,102.0,1,-33.349,-70.6383
167273000,4,2,90.0,130.0,1,-33.3667,-70.7333
153037000,3,3,79.0,90.0,0,-33.1829,-70.6747
670871500,5,5,330.0,330.0,10,-33.1829,-70.6747
314971500,3,2,100.0,170.0,0,-33.4624,-70.6491
250000000,3,1,100.0,500.0,8,-33.4037,-70.64
1601194100,3,5,380.0,600.0,5,-33.4624,-70.6491
1420041000,5,3,250.0,556.0,7,-33.4624,-70.6491
409285000,4,4,152.0,152.0,0,-33.4624,-70.6491
469788000,8,4,220.0,220.0,4,-33.435,-70.615
99652000,3,1,95.0,87.0,1,-33.5985,-70.8734
77000000,2,2,97.0,69.0,0,-33.422,-70.72
172575910,3,1,100.0,190.0,1,-33.368,-70.642
350000000,4,2,143.0,348.0,2,-33.443,-70.532
310000000,3,3,150.0,755.0,0,-33.4333,-70.7167
153037000,4,3,105.0,200.0,1,-33.582,-70.692
338105000,4,3,135.0,125.0,0,-33.4833,-70.55
142004100,3,1,107.0,135.0,2,-33.4264,-70.6996
79900000,4,1,76.0,85.0,2,-33.5167,-70.7667
480465000,5,2,202.0,574.0,2,-33.4088,-70.5671
345899210,5,4,240.0,240.0,1,-33.4624,-70.6491
78000000,3,2,58.0,90.0,1,-33.6167,-70.5667
130259400,3,2,70.0,144.0,1,-33.6167,-70.5667
183288500,3,3,98.0,180.0,2,-33.5167,-70.7667
150000000,3,3,80.0,120.0,2,-33.6167,-70.5667
105000000,3,2,98.0,98.0,2,-33.6167,-70.5667
97000000,4,2,80.0,80.0,1,-33.6167,-70.5667
135242000,1,1,37.0,37.0,1,-33.2773,-70.6106
815011000,5,4,154.0,154.0,2,-33.3867,-70.5688
153037000,3,3,90.0,90.0,2,-33.7509,-70.8983
95000000,4,2,75.0,171.0,0,-33.4037,-70.64
335969600,3,3,122.0,134.0,0,-33.4833,-70.55
640620000,3,3,165.0,165.0,0,-33.4833,-70.55
83636500,2,1,43.0,43.0,1,-33.2468,-70.625
124000000,3,2,90.0,110.0,2,-33.5167,-70.7667
565881000,3,2,244.0,244.0,2,-33.1829,-70.6747
601471000,4,4,380.0,380.0,6,-33.1829,-70.6747
1708320000,6,5,765.0,765.0,10,-33.4088,-70.5671
622825000,4,4,200.0,200.0,2,-33.1829,-70.6747
533850000,3,3,204.0,204.0,2,-33.1829,-70.6747
615707000,4,3,266.0,266.0,8,-33.1829,-70.6747
597912000,4,4,197.0,197.0,2,-33.1829,-70.6747
498260000,4,4,250.0,250.0,2,-33.1829,-70.6747
491142000,3,3,193.0,193.0,4,-33.1829,-70.6747
107900000,3,2,70.0,108.0,3,-33.2833,-70.8778
120000000,4,2,132.0,232.0,0,-33.2642,-70.715
469788000,3,3,140.0,140.0,0,-33.1829,-70.6747
455552000,5,4,260.0,260.0,5,-33.1829,-70.6747
373695000,3,4,232.0,232.0,5,-33.1829,-70.6747
401419610,3,3,140.0,140.0,0,-33.1829,-70.6747
437757000,3,3,140.0,140.0,2,-33.1829,-70.6747
978725000,5,6,680.0,680.0,13,-33.1829,-70.6747
960930000,6,5,375.0,375.0,12,-33.1829,-70.6747
800775000,4,4,271.0,271.0,13,-33.1829,-70.6747
708241000,3,4,350.0,350.0,2,-33.1829,-70.6747
694005000,4,4,354.0,354.0,6,-33.1829,-70.6747
669092000,3,3,262.0,262.0,4,-33.1829,-70.6747
629943000,4,4,230.0,230.0,2,-33.1829,-70.6747
480465000,4,4,180.0,180.0,8,-33.1829,-70.6747
314971500,3,3,173.0,173.0,2,-33.1829,-70.6747
708241000,5,5,404.0,404.0,1,-33.1829,-70.6747
818570000,5,4,424.0,424.0,0,-33.1829,-70.6747
708241000,5,3,400.0,400.0,10,-33.1829,-70.6747
604674100,3,5,386.0,386.0,6,-33.1829,-70.6747
494701000,5,5,272.0,272.0,1,-33.1829,-70.6747
448434000,5,3,370.0,370.0,0,-33.1829,-70.6747
1334625000,5,5,516.0,516.0,11,-33.1829,-70.6747
98000000,2,1,48.0,91.0,2,-33.2833,-70.8778
836365000,5,6,400.0,400.0,15,-33.1829,-70.6747
1067700000,5,4,450.0,450.0,2,-33.1829,-70.6747
978725000,5,4,376.0,376.0,0,-33.1829,-70.6747
115000000,2,2,84.0,84.0,0,-33.5167,-70.7667
462670000,4,4,471.0,471.0,1,-33.1829,-70.6747
384372000,4,4,140.0,250.0,2,-33.443,-70.532
155000000,3,2,75.0,190.0,2,-33.5167,-70.7667
78298000,2,1,52.0,110.0,1,-33.4975,-70.6287
93245800,2,1,80.0,97.0,2,-33.2833,-70.8778
89900000,4,1,75.0,120.0,2,-33.368,-70.642
170832000,3,3,116.0,116.0,2,-33.7509,-70.8983
166205300,3,2,87.0,138.0,0,-33.452,-70.723
188627000,2,2,49.0,58.0,1,-33.4624,-70.6491
622825000,9,4,350.0,350.0,4,-33.443,-70.532
160297360,3,1,63.0,135.0,0,-33.5167,-70.6389
149478000,4,2,99.0,175.0,0,-33.582,-70.692
150000000,4,1,105.0,294.0,4,-33.5167,-70.7667
142004100,3,2,68.0,188.0,1,-33.6167,-70.5667
134530200,3,2,145.0,62.0,2,-33.5167,-70.6389
129900000,4,2,100.0,198.0,3,-33.2833,-70.8778
132003310,3,3,66.0,141.0,2,-33.5167,-70.7667
107624160,5,2,100.0,100.0,1,-33.3667,-70.7333
87195500,5,2,160.0,200.0,0,,
140189010,3,2,96.0,529.0,0,,
55000000,5,1,90.0,120.0,0,-33.5167,-70.7667
129156110,3,2,60.0,98.0,0,-33.6167,-70.5667
97445420,3,2,106.0,106.0,1,-33.5167,-70.7667
199304000,4,3,116.0,209.0,1,-33.6167,-70.5667
196000000,2,2,65.0,220.0,0,-33.5167,-70.6389
132900000,3,2,77.0,120.0,2,-33.1829,-70.6747
298000000,3,2,476.0,476.0,4,-33.4975,-70.6287
89000000,6,2,118.0,280.0,0,-33.4333,-70.7167
102000000,2,2,65.0,179.0,2,-33.5985,-70.8734
110000000,2,2,55.0,55.0,3,-33.5167,-70.7667
60000000,4,1,61.0,61.0,1,-33.5667,-70.7167
800775000,4,4,230.0,283.0,2,-33.3867,-70.5688
400000000,3,2,100.0,100.0,2,-33.3867,-70.5688
201261450,3,2,90.0,230.0,2,-33.5167,-70.6389
779421000,4,4,250.0,250.0,4,-33.1829,-70.6747
84900000,3,2,62.0,88.0,2,-33.3667,-70.7333
286000000,5,4,213.0,292.0,7,-33.4766,-70.6062
145385150,3,2,94.0,94.0,2,-33.6167,-70.5667
79900000,2,1,60.0,95.0,3,-33.3667,-70.7333
89686800,3,1,65.0,65.0,1,-33.5167,-70.6389
1281240000,5,5,360.0,650.0,0,-33.35,-70.6
170832000,3,3,110.0,270.0,2,-33.1829,-70.6747
220658000,3,3,120.0,220.0,2,-33.2833,-70.8778
122000000,3,2,100.0,150.0,0,-33.5667,-70.7167
145200000,4,4,110.0,162.0,0,-33.1829,-70.6747
44200000,3,1,65.0,67.0,0,-33.1829,-70.6747
140000000,4,2,71.0,136.0,0,-33.5167,-70.7667
85000000,5,1,108.0,108.0,0,-33.582,-70.692
110000000,2,1,110.0,543.0,0,-33.1829,-70.6747
72000000,3,1,78.0,78.0,1,-33.4833,-70.55
105000000,3,1,65.0,77.0,2,-33.4833,-70.55
491142000,3,2,100.0,576.0,20,-33.4833,-70.55
130000000,6,4,100.0,171.0,0,-33.4833,-70.55
115000000,6,3,114.0,162.0,2,-33.422,-70.72
117000000,3,3,85.0,162.0,1,-33.4833,-70.55
291838000,4,2,100.0,245.0,2,-33.2773,-70.6106
403946500,3,3,105.0,267.0,2,-33.4088,-70.5671
1601550000,6,4,618.0,618.0,7,-33.35,-70.6
302515000,4,3,165.0,262.0,0,-33.3641,-70.6134
551645000,5,2,150.0,200.0,1,-33.4088,-70.5671
160155000,3,3,99.0,112.0,0,-33.5167,-70.6389
145919000,3,2,61.0,167.0,0,-33.5167,-70.6389
391490000,2,4,140.0,347.0,1,-33.4833,-70.55
284720000,4,3,210.0,358.0,0,-33.5167,-70.6389
130971200,3,2,71.0,135.0,2,-33.5167,-70.7667
294000000,4,3,142.0,275.0,0,-33.5167,-70.6389
491142000,6,5,207.0,437.0,0,-33.4833,-70.55
533494100,6,4,180.0,520.0,0,-33.4833,-70.55
288279000,4,3,108.0,234.0,0,-33.5167,-70.6389
173000000,2,1,90.0,295.0,0,-33.4766,-70.6062
355900000,5,4,180.0,426.0,1,-33.4833,-70.55
240000000,4,2,295.0,295.0,3,-33.4037,-70.64
130000000,3,2,86.0,155.0,2,-33.727,-70.7046
69400500,2,1,50.0,62.0,1,-33.4034,-70.7213
126486860,3,1,74.0,162.0,1,-33.4037,-70.64
76874400,3,1,68.0,48.0,0,-33.4264,-70.6996
132000000,6,2,160.0,204.0,1,-33.3641,-70.6134
60000000,4,1,80.0,90.0,2,-33.5667,-70.7167
250000000,5,2,109.0,285.0,2,-33.4264,-70.6996
140000000,5,3,110.0,110.0,1,-33.5167,-70.7667
130000000,3,2,75.0,75.0,2,-33.6167,-70.5667
98000000,2,2,70.0,70.0,1,-33.6167,-70.5667
138000000,4,2,100.0,160.0,2,-33.5167,-70.6389
65000000,2,1,48.0,50.0,0,-33.5167,-70.6389
139000000,4,2,100.0,160.0,2,-33.5167,-70.6389
150000000,3,1,162.0,162.0,3,-33.5167,-70.6389
410000000,5,2,245.0,245.0,6,-33.5167,-70.6333
225996500,4,3,200.0,200.0,2,-33.4624,-70.6491
248000000,5,3,122.0,374.0,2,-33.4624,-70.6491
302728093,4,4,172.0,192.0,2,-33.4624,-70.6491
320000000,6,3,250.0,400.0,5,-33.4624,-70.6491
157000000,3,3,81.0,152.0,2,-33.4624,-70.6491
170592048,4,3,83.0,123.0,2,-33.4624,-70.6491
235427850,4,3,114.0,153.0,4,-33.452,-70.723
270448410,4,2,180.0,467.0,0,-33.4624,-70.6491
142288820,3,2,140.0,140.0,1,-33.5167,-70.7667
80000000,3,1,69.0,125.0,2,-33.6167,-70.5667
80000000,4,1,68.0,128.0,1,-33.6844,-70.9248
87000000,2,1,90.0,80.0,1,-33.6167,-70.5667
42000000,3,1,60.0,69.0,1,-33.349,-70.6383
80000000,3,2,54.0,94.0,2,-33.349,-70.6383
142004100,3,2,70.0,121.0,2,-33.5167,-70.6389
280000000,4,3,200.0,412.0,4,-33.6167,-70.5667
83990000,2,1,60.0,70.0,1,-33.6167,-70.5667
560791630,6,3,190.0,511.0,2,-33.582,-70.692
179000000,4,3,140.0,162.0,1,-33.6167,-70.5667
153037000,6,3,225.0,324.0,0,-33.4037,-70.64
249130000,4,4,98.0,260.0,2,-33.582,-70.692
259807000,2,1,40.0,400.0,0,-33.5167,-70.6389
150000000,4,2,103.0,103.0,1,-33.4624,-70.6491
199268410,4,3,123.0,159.0,2,-33.6167,-70.5667
210000000,5,1,94.0,164.0,2,-33.5167,-70.7667
117980850,3,3,120.0,190.0,0,-33.582,-70.692
124565000,7,4,168.0,190.0,0,-33.422,-70.72
284720000,7,2,200.0,200.0,3,-33.5007,-70.6514
165493500,3,2,96.0,120.0,0,-33.6167,-70.5667
138445100,3,3,90.0,163.0,1,-33.727,-70.7046
80000000,3,1,47.0,94.0,1,-33.4624,-70.6491
95000000,3,1,66.0,120.0,0,-33.5167,-70.7667
220658000,3,3,96.0,201.0,2,-33.727,-70.7046
100000000,2,1,90.0,90.0,2,-33.422,-70.72
145919000,3,1,70.0,168.0,0,-33.5167,-70.6389
75000000,2,1,52.0,74.0,2,-33.6167,-70.5667
650000000,5,2,230.0,510.0,6,-33.4766,-70.6062
150000000,4,2,165.0,210.0,1,-33.4264,-70.6996
100000000,5,2,103.0,163.0,0,-33.5667,-70.7167
117000000,4,1,95.0,167.0,1,-33.7843,-70.7217
747390000,4,5,240.0,650.0,3,-33.1829,-70.6747
95025300,3,1,112.0,80.0,0,-33.4037,-70.64
151257500,3,3,92.0,150.0,0,-33.6167,-70.5667
630000000,4,2,216.0,237.0,2,-33.435,-70.615
578337500,2,1,120.0,709.0,3,-33.2773,-70.6106
480109100,3,2,171.0,371.0,0,-33.4088,-70.5671
426724100,7,4,335.0,182.0,4,-33.2773,-70.6106
419962000,4,2,104.0,420.0,2,-33.443,-70.532
302515000,5,3,148.0,272.0,4,-33.5167,-70.6389
277602000,4,3,116.0,236.0,3,-33.4833,-70.55
100648520,7,3,90.0,223.0,0,-33.4975,-70.6287
10677000,3,3,100.0,237.0,0,-33.5719,-70.8068
408929100,3,3,140.0,460.0,5,-33.1829,-70.6747
90000000,2,1,60.0,80.0,2,-33.6167,-70.5667
125000000,3,3,100.0,258.0,5,-33.2833,-70.8778
75806700,3,2,70.0,80.0,1,-33.5719,-70.8068
191830100,3,2,178.0,178.0,2,-33.6167,-70.5667
160902390,4,2,110.0,170.0,3,-33.5167,-70.7667
300000000,3,1,64.0,390.0,8,-33.4037,-70.64
85000000,2,1,45.0,60.0,1,-33.6167,-70.5667
229555500,7,2,86.0,103.0,0,-33.4624,-70.6491
300000000,3,2,120.0,263.0,1,-33.3667,-70.7333
105000000,6,3,90.0,100.0,0,-33.2642,-70.715
157236620,4,3,108.0,124.0,2,-33.5167,-70.7667
448434000,3,2,120.0,350.0,2,-33.4088,-70.5671
155000000,3,3,100.0,200.0,3,-33.582,-70.692
270484000,4,3,160.0,210.0,2,-33.3641,-70.6134
782980000,6,5,210.0,700.0,2,-33.4088,-70.5671
800775000,4,4,285.0,800.0,2,-33.1829,-70.6747
140000000,3,1,122.0,180.0,2,-33.45,-70.7
320310000,3,4,139.0,230.0,1,-33.3641,-70.6134
218878500,4,3,130.0,180.0,2,-33.5167,-70.6333
242012000,3,3,111.0,242.0,2,-33.3667,-70.7333
90000000,3,2,50.0,110.0,2,-33.6167,-70.5667
1063073300,4,4,2080.0,369.0,3,-33.35,-70.6
120000000,3,2,63.0,113.0,0,-33.4034,-70.7213
138445100,3,2,93.0,163.0,1,-33.6167,-70.5667
272000000,5,5,209.0,400.0,0,-33.4264,-70.6996
234894000,3,3,180.0,329.0,3,-33.5167,-70.6333
162000000,3,2,92.0,170.0,2,-33.452,-70.723
160155000,3,3,92.0,128.0,1,-33.3667,-70.7333
122571960,3,1,100.0,146.0,0,-33.4037,-70.64
132000000,4,1,90.0,160.0,3,-33.2642,-70.715
85000000,7,3,100.0,130.0,1,-33.582,-70.692
590000000,4,3,198.0,837.0,5,-33.4833,-70.55
105000000,4,2,80.0,90.0,2,-33.5167,-70.7667
601471000,4,2,126.0,437.0,3,-33.435,-70.615
316751000,5,3,225.0,340.0,3,-33.5719,-70.8068
373695000,4,3,200.0,489.0,5,-33.5167,-70.6333
186954270,3,2,139.0,149.0,2,-33.452,-70.723
147698500,4,1,119.0,156.0,1,-33.5167,-70.7667
100000000,3,1,121.0,98.0,0,-33.2773,-70.6106
95000000,3,2,125.0,165.0,2,-33.4034,-70.7213
158375500,4,3,114.0,178.0,0,-33.3667,-70.7333
60000000,1,1,60.0,81.0,0,-33.2773,-70.6106
105000000,8,2,139.0,162.0,2,-33.4833,-70.55
115000000,2,2,128.0,143.0,0,-33.5167,-70.6389
81857000,3,1,96.0,170.0,0,-33.6167,-70.5667
234894000,3,2,139.0,139.0,1,-33.2773,-70.6106
370136000,6,2,429.0,429.0,2,-33.5007,-70.6514
749000000,5,2,876.0,876.0,6,-33.4037,-70.64
197275370,5,2,150.0,150.0,3,-33.452,-70.723
199304000,4,3,209.0,209.0,2,-33.6167,-70.5667
150296570,4,3,80.0,80.0,1,-33.5167,-70.7667
266569100,4,2,130.0,252.0,4,-33.3667,-70.7333
125000000,3,2,54.0,141.0,0,-33.6167,-70.5667
185000000,3,3,95.0,142.0,0,-33.5167,-70.7667
300000000,4,3,250.0,476.0,0,-33.5167,-70.6389
183500000,3,2,85.0,223.0,3,-33.5167,-70.7667
577696880,8,3,228.0,350.0,10,-33.4088,-70.5671
331485260,3,4,180.0,200.0,3,-33.5719,-70.8068
77230300,3,2,75.0,100.0,1,-33.5719,-70.8068
140000000,3,1,128.0,127.0,0,-33.6167,-70.5667
208201500,2,2,54.0,58.0,0,-33.2773,-70.6106
676210000,5,3,183.0,270.0,4,-33.3867,-70.5688
85593950,4,1,100.0,130.0,3,-33.6167,-70.5667
231335000,4,3,125.0,162.0,3,-33.3641,-70.6134
100000000,2,1,6388.0,70.0,1,-33.4333,-70.7167
81607870,4,2,95.0,100.0,1,-33.3667,-70.7333
308565300,3,3,127.0,287.0,3,-33.5167,-70.6389
288279000,4,2,98.0,360.0,2,-33.443,-70.532
128000000,4,3,98.0,105.0,1,-33.582,-70.692
82000000,2,1,50.0,60.0,1,-33.5719,-70.8068
140000000,3,1,120.0,130.0,0,-33.6167,-70.5667
72000000,3,1,67.0,101.0,1,-33.519,-70.629
105204040,4,2,71.0,171.0,2,-33.4766,-70.6062
75130490,4,1,50.0,84.0,0,-33.6167,-70.5667
85000000,2,1,54.0,91.0,0,-33.349,-70.6383
201384357,8,2,132.0,184.0,0,-33.4624,-70.6491
54000000,2,2,44.0,63.0,1,-33.349,-70.6383
185000000,3,1,94.0,357.0,0,-33.4264,-70.6996
66000000,2,2,89.0,102.0,0,-33.349,-70.6383
69471680,3,1,56.0,114.0,2,-33.5667,-70.7167
550000000,4,2,475.0,475.0,0,-33.4264,-70.6996
120000000,3,2,150.0,180.0,2,-33.422,-70.72
54900000,2,2,57.0,77.0,2,-33.2833,-70.8778
160000000,4,3,99.0,273.0,2,-33.2833,-70.8778
451993000,4,4,250.0,400.0,4,-33.5167,-70.6389
94000000,4,1,110.0,154.0,0,-33.4037,-70.64
569404410,3,1,100.0,392.0,0,-33.4088,-70.5671
75000000,2,1,56.0,70.0,1,-33.5167,-70.7667
462670000,4,2,147.0,310.0,2,-33.435,-70.615
259807000,3,3,177.0,216.0,1,-33.3667,-70.7333
113888000,3,3,181.0,533.0,4,-33.5167,-70.6389
391134100,3,4,243.0,643.0,2,-33.4333,-70.7167
393127140,3,2,119.0,600.0,7,-33.5167,-70.7667
410000000,5,2,245.0,245.0,6,-33.5167,-70.6333
250000000,3,1,100.0,500.0,8,-33.4037,-70.64
489362500,3,3,144.0,200.0,2,-33.4088,-70.5671
152000000,3,2,75.0,124.0,1,-33.5167,-70.7667
5427000,2,1,63.0,63.0,1,-33.582,-70.692
80000000,5,1,190.0,154.0,1,-33.6936,-71.0118
71713850,2,1,80.0,81.0,3,-33.582,-70.692
115000000,4,2,84.0,208.0,2,-33.582,-70.692
508937000,4,3,140.0,513.0,2,-33.4833,-70.55
185000000,3,2,85.0,171.0,1,-33.2773,-70.6106
78000000,4,2,86.0,80.0,1,-33.6167,-70.5667
80000000,3,2,71.0,75.0,1,-33.5985,-70.8734
90000000,3,2,83.0,88.0,1,-33.5985,-70.8734
297176500,4,2,100.0,218.0,2,-33.4088,-70.5671
133818400,5,3,146.0,182.0,1,-33.5167,-70.6389
745432550,8,6,267.0,400.0,4,-33.4088,-70.5671
121006000,4,2,80.0,150.0,1,-33.3667,-70.7333
327285640,3,3,137.0,293.0,2,-33.443,-70.532
516055000,4,3,140.0,297.0,2,-33.3867,-70.5688
419962000,5,4,230.0,400.0,2,-33.5167,-70.6389
270484000,4,4,135.0,185.0,2,-33.5167,-70.6389
180000000,3,1,100.0,450.0,0,-33.4034,-70.7213
51605500,5,1,130.0,180.0,0,-33.3641,-70.6134
83636500,1,2,140.0,162.0,0,-33.4833,-70.55
526732000,4,3,200.0,680.0,2,-33.1829,-70.6747
516055000,3,4,140.0,426.0,6,-33.1829,-70.6747
200000000,4,3,139.0,214.0,1,-33.6167,-70.5667
85000000,3,1,78.0,122.0,0,-33.5167,-70.6389
65000000,4,1,54.0,92.0,1,-33.6167,-70.5667
480109100,4,3,220.0,320.0,3,-33.443,-70.532
245571000,3,2,124.0,270.0,2,-33.4088,-70.5671
387931000,4,3,125.0,222.0,1,-33.4088,-70.5671
280000000,4,2,180.0,215.0,4,-33.2773,-70.6106
772303000,5,4,283.0,703.0,1,-33.35,-70.6
327428000,3,1,69.0,200.0,2,-33.3867,-70.5688
551645000,5,2,200.0,400.0,0,-33.2773,-70.6106
234894000,3,2,139.0,139.0,1,-33.2773,-70.6106
365000000,4,2,423.0,423.0,2,-33.4264,-70.6996
126522450,3,2,79.0,143.0,0,-33.1829,-70.6747
615707000,5,3,168.0,368.0,2,-33.3867,-70.5688
129000000,2,1,144.0,54.0,0,-33.5167,-70.7667
551645000,4,3,159.0,319.0,0,-33.4088,-70.5671
266925000,4,3,109.0,400.0,2,-33.1829,-70.6747
90000000,3,2,80.0,103.0,0,-33.349,-70.6383
238453000,4,3,103.0,204.0,2,-33.4333,-70.7167
704682000,4,4,220.0,493.0,0,-33.4088,-70.5671
490430200,4,4,161.0,193.0,0,-33.3867,-70.5688
205176350,3,2,155.0,144.0,2,-33.5167,-70.6389
139512800,3,2,67.0,144.0,1,-33.6167,-70.5667
373339100,4,3,140.0,277.0,2,-33.4833,-70.55
526732000,4,4,156.0,300.0,2,-33.443,-70.532
155000001,3,2,76.0,172.0,2,-33.5167,-70.6389
132000000,3,3,76.0,124.0,3,-33.452,-70.723
190000000,3,3,85.0,147.0,2,-33.452,-70.723
110000000,3,1,80.0,80.0,3,-33.6167,-70.5667
384372000,6,3,923.0,923.0,0,-33.582,-70.692
460178700,3,3,123.0,180.0,4,-33.4088,-70.5671
765185000,6,4,361.0,668.0,4,-33.2773,-70.6106
556983500,5,3,199.0,354.0,4,-33.4088,-70.5671
142324410,3,3,104.0,125.0,1,-33.3667,-70.7333
128124000,4,2,85.0,300.0,0,-33.5167,-70.7667
45000000,4,1,80.0,97.0,0,-33.349,-70.6383
160155000,3,2,110.0,270.0,2,-33.4667,-70.6667
55000000,3,1,54.0,85.0,0,-33.1829,-70.6747
46000000,3,1,64.0,90.0,0,-33.1829,-70.6747
158000000,3,2,70.0,142.0,1,-33.6167,-70.5667
832806000,5,3,234.0,476.0,5,-33.4088,-70.5671
1204721500,7,7,520.0,820.0,7,-33.35,-70.6
230000000,6,4,180.0,200.0,0,-33.45,-70.7
220000000,3,1,102.0,246.0,1,-33.4088,-70.5671
704682000,4,3,300.0,900.0,2,-33.4088,-70.5671
886191000,6,5,420.0,770.0,5,-33.35,-70.6
921781000,4,4,235.0,440.0,3,-33.35,-70.6
288279000,4,2,98.0,360.0,2,-33.443,-70.532
220000000,3,2,190.0,250.0,0,-33.5167,-70.6389
281161000,6,3,140.0,300.0,2,-33.3641,-70.6134
444875000,5,3,133.0,240.0,1,-33.443,-70.532
95000000,4,2,95.0,120.0,1,-33.4833,-70.55
160000000,5,3,70.0,120.0,1,-33.582,-70.692
160155000,3,2,70.0,128.0,1,-33.3667,-70.7333
371915500,3,3,135.0,342.0,2,-33.4833,-70.55
99000000,2,1,47.0,128.0,3,-33.5167,-70.7667
270484000,3,3,113.0,258.0,2,-33.5167,-70.6389
65000000,3,2,68.0,162.0,2,-33.5167,-70.7667
472991100,4,3,137.0,327.0,3,-33.435,-70.615
165000000,3,3,132.0,169.0,3,-33.6167,-70.5667
129000000,3,2,82.0,108.0,1,-33.5167,-70.7667
78000000,2,1,47.0,86.0,1,-33.5167,-70.7667
85000000,2,1,55.0,121.0,2,-33.5167,-70.7667
120000000,4,2,99.0,147.0,1,-33.582,-70.692
200000000,6,2,168.0,290.0,2,-33.4333,-70.7167
156596000,4,3,120.0,180.0,2,-33.2833,-70.8778
125000000,3,3,66.0,141.0,2,-33.5167,-70.7667
498260000,4,4,140.0,500.0,3,-33.4833,-70.55
341664000,4,2,86.0,193.0,2,-33.4088,-70.5671
110000000,3,3,70.0,100.0,1,-33.5167,-70.7667
132000000,7,3,132.0,142.0,1,-33.5167,-70.7667
98000000,3,1,102.0,162.0,2,-33.2642,-70.715
135000000,3,2,90.0,140.0,1,-33.5719,-70.8068
480465000,6,5,237.0,594.0,2,-33.5007,-70.6514
704682000,5,6,300.0,880.0,4,-33.4833,-70.55
1067700000,4,3,352.0,734.0,9,-33.2773,-70.6106
782980000,9,6,422.0,480.0,0,-33.435,-70.615
124565000,3,2,75.0,200.0,2,-33.2833,-70.8778
352341000,5,3,222.0,264.0,0,-33.435,-70.615
91000000,3,1,55.0,100.0,1,-33.5167,-70.7667
168340700,3,3,100.0,110.0,2,-33.5167,-70.7667
195000000,5,2,148.0,306.0,1,-33.582,-70.692
444875000,3,2,130.0,264.0,2,-33.435,-70.615
336325500,3,3,110.0,380.0,4,-33.5167,-70.6389
125000000,3,1,92.0,252.0,2,-33.4975,-70.6287
55000000,1,1,55.0,59.0,0,-33.435,-70.615
100000000,5,1,102.0,160.0,1,-33.422,-70.72
175800000,4,3,110.0,165.0,2,-33.5985,-70.8734
49500000,2,1,46.0,70.0,0,-33.2833,-70.8778
120000000,3,2,94.0,120.0,0,-33.2833,-70.8778
542747500,3,3,150.0,518.0,0,-33.1829,-70.6747
88600000,3,2,90.0,160.0,1,-33.582,-70.692
80000000,2,1,70.0,162.0,1,-33.422,-70.72
128000000,4,2,94.0,131.0,0,-33.5167,-70.7667
92534000,3,2,60.0,120.0,0,-33.45,-70.7
90000000,3,1,62.0,121.0,3,-33.4833,-70.55
227776000,4,3,120.0,210.0,2,-33.2833,-70.8778
170832000,3,3,94.0,180.0,2,-33.6167,-70.5667
176170500,3,3,94.0,154.0,2,-33.6167,-70.5667
176170500,3,3,94.0,200.0,2,-33.6167,-70.5667
144900000,4,3,72.0,120.0,1,-33.6167,-70.5667
140000000,5,3,81.0,162.0,1,-33.5167,-70.6389
190000000,4,4,130.0,200.0,0,-33.5167,-70.7667
125000000,3,1,76.0,204.0,2,-33.4264,-70.6996
105844660,4,2,122.0,104.0,3,-33.582,-70.692
175000000,4,3,78.0,192.0,3,-33.45,-70.7
291838000,4,1,235.0,787.0,0,-33.5167,-70.6333
427080000,3,1,85.0,285.0,2,-33.4088,-70.5671
88975000,1,1,42.0,42.0,0,-33.5167,-70.6389
135000000,4,1,92.0,136.0,0,-33.5167,-70.6389
60000000,3,2,60.0,100.0,2,-33.582,-70.692
120000000,4,2,90.0,200.0,0,-33.5167,-70.7667
250000000,5,2,120.0,300.0,0,-33.45,-70.7
105000000,4,2,128.0,70.0,0,-33.5167,-70.7667
110000000,5,3,110.0,225.0,3,-33.452,-70.723
110000000,4,2,72.0,75.0,1,-33.4333,-70.7167
150000000,7,4,240.0,310.0,0,-33.4333,-70.7167
130000000,3,1,200.0,210.0,0,-33.4624,-70.6491
165000000,3,1,58.0,282.0,2,-33.5167,-70.7667
63000000,3,1,50.0,118.0,3,-33.582,-70.692
95000000,6,3,85.0,90.0,0,-33.4333,-70.7167
65000000,5,2,75.0,105.0,0,-33.582,-70.692
118000000,3,2,57.0,149.0,3,-33.6167,-70.5667
65000000,3,1,50.0,118.0,1,-33.582,-70.692
131683000,3,1,90.0,120.0,1,-33.6167,-70.5667
65000000,1,1,72.0,72.0,0,-33.2833,-70.8778
125000000,3,2,125.0,112.0,1,-33.349,-70.6383
320310000,4,3,120.0,313.0,1,-33.5167,-70.6389
142004100,2,1,107.0,134.0,0,-33.4264,-70.6996
747034100,7,4,265.0,522.0,0,-33.35,-70.6
142004100,3,2,84.0,128.0,2,-33.5167,-70.7667
1138880000,5,3,380.0,800.0,5,-33.3867,-70.5688
65000000,4,2,74.0,87.0,2,-33.2833,-70.8778
130330580,3,1,45.0,145.0,0,-33.4088,-70.5671
220000000,4,1,148.0,148.0,1,-33.5167,-70.6389
932458000,4,3,280.0,640.0,4,-33.3867,-70.5688
50000000,3,1,65.0,60.0,0,-33.5167,-70.6389
140000000,3,2,92.0,195.0,0,-33.5167,-70.7667
100000000,4,1,100.0,150.0,1,-33.443,-70.532
806860890,4,1,115.0,849.0,0,-33.443,-70.532
185000000,3,1,101.0,246.0,2,-33.2468,-70.625
170000000,4,2,102.0,290.0,0,-33.5167,-70.6389
300699910,10,6,249.0,321.0,2,-33.4766,-70.6062
252689000,5,2,184.0,360.0,3,-33.4766,-70.6062
180441300,3,3,120.0,150.0,1,-33.5167,-70.6389
423521000,3,3,110.0,195.0,1,-33.4088,-70.5671
140000000,4,2,120.0,140.0,0,-33.5167,-70.7667
139000000,3,2,153.0,162.0,0,-33.4624,-70.6491
68012490,2,1,67.0,75.0,0,-33.1829,-70.6747
135000000,5,2,152.0,152.0,1,-33.582,-70.692
352341000,4,2,123.0,485.0,4,-33.5167,-70.6389
75000000,2,1,120.0,200.0,1,-33.6167,-70.5667
130000000,4,2,54.0,135.0,2,-33.6167,-70.5667
170000000,3,1,87.0,350.0,1,-33.3667,-70.7333
174391000,3,3,94.0,165.0,0,-33.5719,-70.8068
319954100,4,2,100.0,172.0,0,-33.2773,-70.6106
523173000,3,3,180.0,427.0,2,-33.1829,-70.6747
187915200,4,1,68.0,171.0,0,-33.5167,-70.7667
302515000,5,3,137.0,296.0,2,-33.4333,-70.7167
515699100,4,3,189.0,745.0,1,-33.1829,-70.6747
55000000,3,2,80.0,79.0,2,-33.6167,-70.5667
140000000,5,2,162.0,108.0,0,-33.368,-70.642
398252100,3,3,140.0,350.0,2,-33.1829,-70.6747
366577000,5,4,172.0,231.0,3,-33.4833,-70.55
252333100,5,2,221.0,262.0,4,-33.4624,-70.6491
533850000,4,2,135.0,356.0,1,-33.435,-70.615
419962000,3,4,160.0,400.0,2,-33.4833,-70.55
95000000,3,2,120.0,189.0,1,-33.5719,-70.8068
420000000,5,5,210.0,450.0,3,-33.443,-70.532
1637140000,5,5,1080.0,500.0,5,-33.3867,-70.5688
505378000,4,3,170.0,300.0,3,-33.4833,-70.55
423165100,4,3,130.0,275.0,1,-33.3867,-70.5688
365000000,4,2,142.0,423.0,2,-33.4264,-70.6996
69900000,2,1,48.0,76.0,2,-33.1829,-70.6747
117447000,2,1,67.0,324.0,1,-33.452,-70.723
512496000,5,4,234.0,426.0,2,-33.3641,-70.6134
75000000,2,1,68.0,69.0,0,-33.45,-70.7
128000000,3,2,87.0,95.0,1,-33.582,-70.692
52000000,3,1,76.0,60.0,1,-33.519,-70.629
85000000,2,2,70.0,105.0,2,-33.6167,-70.5667
45000000,4,1,88.0,66.0,0,-33.688,-71.2113
120543330,5,2,160.0,140.0,0,-33.7843,-70.7217
460890500,4,3,212.0,212.0,2,-33.4088,-70.5671
423521000,6,3,183.0,452.0,1,-33.443,-70.532
65000000,3,1,15.0,100.0,1,-33.6167,-70.5667
96093000,7,2,170.0,200.0,0,-33.4264,-70.6996
131683000,3,2,194.0,195.0,2,-33.6167,-70.5667
460890500,4,3,120.0,212.0,2,-33.4088,-70.5671
102380000,3,1,102.0,162.0,0,-33.2642,-70.715
75000000,3,2,49.0,79.0,0,-33.6167,-70.5667
338105000,4,4,140.0,312.0,0,-33.5167,-70.6389
79000000,3,2,70.0,92.0,2,-33.582,-70.692
135000000,3,2,85.0,193.0,2,-33.5167,-70.7667
154990000,3,3,75.0,120.0,0,-33.2833,-70.8778
120000000,7,1,140.0,180.0,3,-33.5667,-70.7167
76518500,3,1,49.0,49.0,0,-33.4264,-70.6996
154500000,3,3,110.0,160.0,4,-33.582,-70.692
219127630,6,2,120.0,120.0,0,-33.4037,-70.64
270484000,4,3,147.0,176.0,1,-33.4833,-70.55
72959500,1,1,41.0,41.0,0,-33.4624,-70.6491
259451100,3,2,110.0,239.0,4,-33.5167,-70.6389
366577000,3,2,80.0,240.0,0,-33.4088,-70.5671
180000000,5,3,170.0,194.0,2,-33.3667,-70.7333
298956000,3,2,98.0,228.0,3,-33.443,-70.532
110000000,3,3,77.0,114.0,1,-33.3667,-70.7333
462670000,4,2,130.0,359.0,0,-33.443,-70.532
533850000,5,2,171.0,322.0,0,-33.35,-70.6
110329000,3,2,57.0,94.0,2,-33.6167,-70.5667
110000000,4,2,220.0,220.0,0,-33.5667,-70.7167
128124000,4,3,89.0,122.0,1,-33.5167,-70.7667
996520000,5,5,300.0,700.0,3,-33.35,-70.6
204749270,6,3,182.0,302.0,2,-33.5167,-70.6389
590794000,3,3,127.0,207.0,2,-33.4088,-70.5671
701123000,4,2,140.0,335.0,0,-33.3867,-70.5688
300000000,3,1,720.0,720.0,0,-33.6167,-70.5667
90000000,4,1,83.0,120.0,2,-33.5167,-70.6389
180000000,4,2,166.0,181.0,1,-33.6167,-70.5667
85000000,4,2,150.0,84.0,0,-33.4333,-70.7167
180000000,3,1,320.0,320.0,3,-33.5167,-70.6389
389710500,5,2,124.0,320.0,3,-33.4088,-70.5671
205176350,4,2,152.0,144.0,1,-33.5167,-70.6389
93000000,2,1,70.0,160.0,0,-33.582,-70.692
562322000,4,3,170.0,250.0,0,-33.4088,-70.5671
148600000,3,2,110.0,220.0,3,-33.582,-70.692
70000000,2,1,90.0,105.0,1,-33.1829,-70.6747
185000000,3,3,89.0,160.0,2,-33.6167,-70.5667
70000000,2,1,52.0,71.0,0,-33.3667,-70.7333
676210000,4,3,140.0,330.0,2,-33.3867,-70.5688
530291000,4,4,130.0,195.0,1,-33.3867,-70.5688
150000000,3,1,90.0,161.0,2,-33.4766,-70.6062
533850000,3,4,198.0,340.0,2,-33.443,-70.532
871955000,5,5,237.0,839.0,0,-33.35,-70.6
237000000,3,1,67.0,214.0,0,-33.1829,-70.6747
151257500,3,2,98.0,174.0,2,-33.6167,-70.5667
62000000,2,1,52.0,80.0,0,-33.582,-70.692
88975000,2,2,54.0,100.0,1,-33.727,-70.7046
516055000,4,4,152.0,420.0,0,-33.1829,-70.6747
512496000,3,4,151.0,384.0,0,-33.1829,-70.6747
409285000,5,4,140.0,300.0,2,-33.4833,-70.55
65000000,4,1,69.0,75.0,0,-33.1829,-70.6747
80000000,3,1,95.0,198.0,2,-33.422,-70.72
94000000,2,1,70.0,122.0,1,-33.6167,-70.5667
124990000,2,2,90.0,90.0,1,-33.6167,-70.5667
637061000,3,4,250.0,250.0,1,-33.3867,-70.5688
106770000,3,1,80.0,60.0,2,-33.5167,-70.7667
142004100,4,3,95.0,130.0,1,-33.6167,-70.5667
129990000,4,2,156.0,80.0,1,-33.6167,-70.5667
125000000,4,3,98.0,108.0,0,-33.6844,-70.9248
125000000,3,2,61.0,150.0,1,-33.5167,-70.7667
295397000,4,3,138.0,254.0,2,-33.5167,-70.6389
130000000,2,2,91.0,184.0,0,-33.5985,-70.8734
153570000,3,2,100.0,160.0,0,-33.6167,-70.5667
120000000,4,2,141.0,300.0,0,-33.2833,-70.8778
130000000,5,1,150.0,220.0,0,-33.582,-70.692
462670000,4,2,230.0,600.0,0,-33.4975,-70.6287
57000000,3,2,62.0,62.0,0,-33.5167,-70.6389
163358100,3,3,109.0,268.0,0,-33.0833,-70.9167
103211000,3,2,66.0,101.0,1,-33.5167,-70.7667
99000000,3,2,75.0,130.0,1,-33.582,-70.692
180000000,5,3,126.0,170.0,0,-33.5167,-70.6333
1530014100,15,11,800.0,157.0,0,-33.4624,-70.6491
670871500,4,4,190.0,302.0,2,-33.4088,-70.5671
85000000,3,2,184.0,184.0,2,-33.6167,-70.5667
69400500,1,1,32.0,34.0,0,-33.45,-70.7
957371000,5,2,149.0,544.0,4,-33.3867,-70.5688
414623500,5,3,129.0,348.0,0,-33.443,-70.532
1060582000,5,4,355.0,924.0,4,-33.35,-70.6
95381200,4,1,75.0,128.0,0,-33.452,-70.723
285000000,3,2,110.0,334.0,0,-33.5167,-70.7667
265000000,5,2,127.0,162.0,0,-33.4833,-70.55
295397000,5,3,139.0,295.0,5,-33.5167,-70.7667
533494100,4,4,175.0,433.0,0,-33.435,-70.615
65000000,1,1,70.0,71.0,0,-33.2833,-70.8778
110000000,3,1,120.0,145.0,1,-33.5167,-70.7667
189000000,6,3,138.0,220.0,3,-33.5167,-70.7667
101431500,4,1,88.0,250.0,0,-33.452,-70.723
75000000,3,1,55.0,150.0,0,-33.6936,-71.0118
67000000,3,1,70.0,63.0,1,-33.3667,-70.7333
175000000,4,3,119.0,300.0,1,-33.5167,-70.7667
84600000,4,2,70.0,100.0,2,-33.5667,-70.7167
174391000,4,3,90.0,120.0,0,-33.1829,-70.6747
160000000,7,4,130.0,167.0,0,-33.422,-70.72
171508210,5,2,222.0,100.0,0,-33.4624,-70.6491
633502000,1,2,175.0,300.0,0,-33.35,-70.6
56000000,2,1,40.0,70.0,1,-33.2833,-70.8778
240000000,6,3,125.0,300.0,2,-33.5167,-70.7667
99652000,4,2,80.0,134.0,0,-33.5167,-70.7667
177950000,3,3,105.0,270.0,3,-33.4667,-70.6667
190000000,6,3,152.0,269.0,6,-33.5167,-70.6389
138801000,3,3,69.0,80.0,1,-33.5167,-70.6389
761946310,5,4,178.0,480.0,0,-33.435,-70.615
135000000,3,1,97.0,130.0,0,-33.45,-70.7
105000000,3,1,111.0,160.0,0,-33.4264,-70.6996
327428000,3,3,120.0,350.0,2,-33.1829,-70.6747
57000000,4,1,83.0,94.0,0,-33.582,-70.692
633146100,5,3,200.0,385.0,0,-33.443,-70.532
50000000,2,1,30.0,56.0,0,-33.2773,-70.6106
110329000,5,2,160.0,160.0,1,-33.4975,-70.6287
154816500,3,3,93.0,145.0,1,-33.5167,-70.7667
153000000,5,2,96.0,105.0,1,-33.6167,-70.5667
170000000,3,2,91.0,177.0,0,-33.5167,-70.6389
599999990,18,5,300.0,550.0,0,-33.4624,-70.6491
320000000,3,1,177.0,938.0,0,-33.5167,-70.6333
219500000,5,3,145.0,150.0,1,-33.582,-70.692
150000000,5,2,100.0,120.0,0,-33.2642,-70.715
348782000,4,2,120.0,300.0,2,-33.5007,-70.6514
339528600,8,3,253.0,530.0,0,-33.5007,-70.6514
274043000,3,3,140.0,628.0,2,-33.1829,-70.6747
65592370,2,1,53.0,58.0,1,-33.5719,-70.8068
293617500,3,3,104.0,284.0,2,-33.1829,-70.6747
1281240000,7,5,394.0,394.0,8,-33.35,-70.6
134500000,4,2,120.0,180.0,3,-33.5667,-70.7167
127000000,3,1,70.0,200.0,0,-33.4667,-70.6667
160000000,7,3,180.0,180.0,2,-33.4833,-70.55
280000000,4,2,139.0,199.0,2,-33.5167,-70.6389
547623330,3,2,1338.0,280.0,0,-33.6844,-70.9248
101075600,2,1,50.0,121.0,1,-33.5167,-70.7667
640620000,4,3,260.0,800.0,0,-33.5167,-70.6389
78000000,2,1,98.0,98.0,0,-33.4624,-70.6491
109500000,3,1,70.0,300.0,0,-33.5667,-70.7167
370136000,5,4,160.0,302.0,2,-33.4833,-70.55
373695000,3,3,140.0,250.0,2,-33.4088,-70.5671
110000000,2,1,80.0,300.0,0,-33.4667,-70.6667
135000000,3,2,120.0,210.0,0,-33.4264,-70.6996
605030000,4,3,180.0,360.0,3,-33.443,-70.532
726036000,7,4,255.0,650.0,0,-33.35,-70.6
272000000,5,5,209.0,400.0,0,-33.4264,-70.6996
785435710,5,4,230.0,645.0,1,-33.2773,-70.6106
370000000,4,2,223.0,330.0,0,-33.45,-70.7
921781000,3,2,190.0,670.0,4,-33.4088,-70.5671
683328000,6,4,650.0,690.0,0,-33.4624,-70.6491
150000000,5,2,220.0,120.0,1,-33.4833,-70.55
69000000,3,2,40.0,74.0,0,-33.6167,-70.5667
100000000,3,2,73.0,153.0,0,-33.5007,-70.6514
530000000,3,3,330.0,600.0,4,-33.4766,-70.6062
170654050,4,2,100.0,129.0,1,-33.3667,-70.7333
420000000,6,2,180.0,360.0,0,-33.4624,-70.6491
765185000,4,4,188.0,518.0,0,-33.443,-70.532
320310000,3,3,165.0,450.0,2,-33.1829,-70.6747
487583000,3,2,110.0,240.0,1,-33.3867,-70.5688
95000000,4,1,43.0,100.0,1,-33.4333,-70.7167
327428000,4,2,139.0,230.0,2,-33.4088,-70.5671
94000000,3,2,110.0,120.0,3,-33.519,-70.629
313192000,3,1,100.0,218.0,2,-33.443,-70.532
569475590,3,2,164.0,620.0,0,-33.1829,-70.6747
138000000,3,2,127.0,130.0,1,-33.5167,-70.7667
444875000,3,2,118.0,115.0,2,-33.3867,-70.5688
117500000,2,1,100.0,198.0,1,-33.5167,-70.7667
747390000,4,2,700.0,700.0,0,-33.5667,-70.7167
140000000,3,2,157.0,214.0,0,-33.4624,-70.6491
145919000,3,2,74.0,128.0,0,-33.582,-70.692
121006000,3,1,149.0,149.0,1,-33.4766,-70.6062
140000000,4,1,270.0,270.0,2,-33.422,-70.72
440960100,4,5,175.0,800.0,4,-33.1829,-70.6747
215000000,3,2,80.0,315.0,0,-33.4088,-70.5671
476870410,4,3,167.0,544.0,3,-33.2773,-70.6106
134530200,3,2,62.0,62.0,2,-33.5167,-70.6389
87195500,3,2,90.0,48.0,1,-33.582,-70.692
112700000,3,1,120.0,200.0,0,-33.45,-70.7
590046610,5,2,207.0,467.0,1,-33.4037,-70.64
297176500,4,3,140.0,275.0,2,-33.4333,-70.7167
338105000,5,4,140.0,312.0,2,-33.5167,-70.6389
250000000,4,2,100.0,120.0,3,-33.4766,-70.6062
569084100,4,3,140.0,346.0,0,-33.443,-70.532
89000000,3,1,51.0,154.0,1,-33.4667,-70.6667
60000000,4,1,100.0,100.0,1,-33.5985,-70.8734
125000000,6,2,220.0,135.0,0,-33.582,-70.692
115000000,3,3,85.0,123.0,0,-33.5167,-70.7667
254824400,3,3,123.0,123.0,0,-33.4833,-70.55
70000000,3,2,82.0,70.0,0,-33.6167,-70.5667
79000000,2,11,47.0,89.0,1,-33.3667,-70.7333
551645000,3,3,168.0,294.0,2,-33.4088,-70.5671
100000000,3,1,75.0,95.0,1,-33.452,-70.723
148000000,4,2,113.0,189.0,2,-33.2642,-70.715
176000000,4,3,109.0,153.0,0,-33.6167,-70.5667
74739000,2,1,66.0,160.0,3,-33.422,-70.72
124565000,3,2,65.0,100.0,1,-33.5167,-70.7667
74500000,3,2,126.0,101.0,1,-33.582,-70.692
1014315000,5,6,454.0,454.0,6,-33.4088,-70.5671
850245100,8,5,165.0,351.0,1,-33.2773,-70.6106
943135000,4,4,350.0,930.0,6,-33.1829,-70.6747
180000000,4,2,116.0,120.0,2,-33.5167,-70.6389
135000000,3,2,75.0,102.0,0,-33.6167,-70.5667
637061000,5,3,270.0,529.0,2,-33.435,-70.615
141577020,3,2,69.0,131.0,1,-33.5167,-70.6389
68000000,3,1,72.0,53.0,1,-33.5167,-70.7667
70000000,3,2,70.0,90.0,0,-33.5167,-70.6389
772303000,4,4,250.0,250.0,0,-33.4624,-70.6491
119938300,3,1,80.0,150.0,1,-33.452,-70.723
195745000,4,2,150.0,200.0,2,-33.4264,-70.6996
160155000,5,2,180.0,160.0,4,-33.2642,-70.715
319598200,3,3,140.0,400.0,2,-33.4333,-70.7167
355188200,6,4,190.0,345.0,2,-33.4333,-70.7167
327428000,3,3,130.0,350.0,2,-33.4333,-70.7167
135000000,5,2,80.0,290.0,1,-33.4975,-70.6287
7990,4,3,161.0,233.0,2,-33.4333,-70.7167
373339100,3,4,180.0,390.0,2,-33.4333,-70.7167
302515000,6,3,145.0,270.0,2,-33.4333,-70.7167
337749100,3,3,165.0,300.0,2,-33.4333,-70.7167
223505200,3,3,100.0,160.0,1,-33.4333,-70.7167
238453000,3,2,115.0,270.0,3,-33.4333,-70.7167
338105000,4,3,145.0,400.0,3,-33.4333,-70.7167
145000000,4,3,129.0,208.0,3,-33.6167,-70.5667
208201500,7,3,250.0,310.0,0,-33.4264,-70.6996
1209704100,7,6,260.0,580.0,0,-33.435,-70.615
65000000,3,1,78.0,60.0,0,-33.5167,-70.7667
150000000,2,2,105.0,190.0,3,-33.45,-70.7
263366000,4,2,110.0,278.0,1,-33.4833,-70.55
153600000,2,1,80.0,317.0,0,-33.582,-70.692
120000000,2,2,101.0,140.0,1,-33.3667,-70.7333
389141060,6,3,700.0,700.0,8,-33.4975,-70.6287
210000000,6,2,288.0,288.0,2,-33.6167,-70.5667
120000000,3,1,59.0,177.0,5,-33.519,-70.629
327250050,11,3,218.0,172.0,0,-33.435,-70.615
132500000,4,3,100.0,130.0,2,-33.582,-70.692
140000000,4,2,275.0,275.0,1,-33.5167,-70.6389
367466750,5,3,240.0,180.0,1,-33.2773,-70.6106
90000000,2,1,80.0,105.0,1,-33.5167,-70.7667
1096172000,5,5,351.0,855.0,3,-33.35,-70.6
142004100,3,3,72.0,147.0,2,-33.727,-70.7046
85000000,4,2,43.0,50.0,0,-33.5167,-70.7667
288848440,3,3,156.0,463.0,0,-33.582,-70.692
118000000,2,1,100.0,189.0,3,-33.6167,-70.5667
105000000,4,2,120.0,96.0,0,-33.3667,-70.7333
218000000,4,2,164.0,243.0,2,-33.2642,-70.715
658415000,5,4,179.0,356.0,0,-33.4088,-70.5671
75000000,3,1,77.0,125.0,0,-33.6167,-70.5667
81500000,3,1,84.0,103.0,0,-33.452,-70.723
91000000,4,2,75.0,50.0,0,-33.6167,-70.5667
73279810,3,1,60.0,60.0,1,-33.5167,-70.7667
80000000,5,2,116.0,116.0,0,-33.5167,-70.7667
836365000,6,4,330.0,750.0,5,-33.4088,-70.5671
189000000,4,2,120.0,100.0,0,-33.6167,-70.5667
505378000,3,3,135.0,190.0,2,-33.4088,-70.5671
165000000,6,2,165.0,200.0,0,-33.582,-70.692
373339100,4,4,140.0,393.0,3,-33.1829,-70.6747
327428000,4,3,120.0,239.0,2,-33.4833,-70.55
62000000,2,1,48.0,97.0,0,-33.6167,-70.5667
80000000,2,1,63.0,98.0,0,-33.3667,-70.7333
125000000,5,2,99.0,127.0,0,-33.5167,-70.7667
145000000,3,2,70.0,161.0,2,-33.582,-70.692
90000000,4,2,111.0,90.0,0,-33.4624,-70.6491
107500000,3,2,67.0,145.0,0,-33.7843,-70.7217
202863000,4,2,134.0,255.0,0,-33.5167,-70.7667
382592500,4,2,244.0,464.0,4,-33.5167,-70.7667
605030000,4,2,140.0,200.0,1,-33.4088,-70.5671
93900000,4,1,129.0,175.0,3,-33.4034,-70.7213
125490340,3,2,78.0,110.0,2,-33.5167,-70.6389
213184100,3,4,175.0,294.0,0,-33.5167,-70.6333
889750000,3,2,150.0,930.0,0,-33.4088,-70.5671
348782000,4,3,172.0,272.0,2,-33.4833,-70.55
653432400,3,2,288.0,636.0,2,-33.2773,-70.6106
14500000,2,1,20.0,20.0,0,-33.582,-70.692
105000000,3,2,142.0,170.0,0,-33.582,-70.692
640620000,6,2,308.0,316.0,3,-33.435,-70.615
694005000,3,3,170.0,703.0,0,-33.35,-70.6
135000000,4,3,114.0,162.0,1,-33.4833,-70.55
110000000,5,2,75.0,92.0,0,-33.5167,-70.6389
608589000,3,2,171.0,800.0,5,-33.5167,-70.7667
100000000,4,2,130.0,130.0,1,-33.6844,-70.9248
618910100,6,5,180.0,300.0,2,-33.4088,-70.5671
603629179,15,4,249.0,410.0,0,-33.4624,-70.6491
400387500,4,4,350.0,375.0,4,-33.2773,-70.6106
390000000,3,2,132.0,216.0,1,-33.2773,-70.6106
117447000,3,3,90.0,120.0,0,-33.3667,-70.7333
149478000,4,2,118.0,318.0,0,-33.6167,-70.5667
148766200,3,2,98.0,150.0,2,-33.5167,-70.6389
142360000,4,2,129.0,123.0,2,-33.3667,-70.7333
503954400,1,1,708.0,708.0,0,-33.4624,-70.6491
78298000,3,2,60.0,80.0,2,-33.6167,-70.5667
135000000,4,2,134.0,100.0,0,-33.5167,-70.6389
490786100,4,4,161.0,193.0,0,-33.3867,-70.5688
957371000,5,4,400.0,670.0,0,-33.4088,-70.5671
115000000,3,2,65.0,150.0,3,-33.688,-71.2113
105000000,3,2,98.0,98.0,2,-33.6167,-70.5667
79000000,3,2,70.0,70.0,0,-33.582,-70.692
190000000,5,2,200.0,210.0,0,-33.5167,-70.6333
288243410,5,3,140.0,252.0,2,-33.5167,-70.7667
363018000,5,4,160.0,318.0,1,-33.3641,-70.6134
658415000,3,2,162.0,600.0,0,-33.4088,-70.5671
907545000,7,4,260.0,280.0,2,-33.4088,-70.5671
443095500,4,4,173.0,386.0,0,-33.1829,-70.6747
153037000,3,2,80.0,130.0,2,-33.5167,-70.7667
60000000,4,1,57.0,63.0,0,-33.582,-70.692
170000000,3,3,150.0,110.0,2,-33.3667,-70.7333
85000000,3,1,92.0,123.0,0,-33.4034,-70.7213
170000000,5,4,184.0,72.0,1,-33.4624,-70.6491
185068000,2,2,4.0,57.0,1,-33.435,-70.615
143071800,2,2,120.0,130.0,1,-33.5167,-70.6389
113000000,5,3,170.0,170.0,0,-33.4333,-70.7167
175000000,4,3,98.0,117.0,1,-33.3667,-70.7333
300000000,6,4,280.0,144.0,0,-33.4624,-70.6491
160000000,3,1,54.0,418.0,0,-33.5667,-70.7167
240000000,6,3,135.0,150.0,2,-33.4766,-70.6062
75000000,3,1,64.0,250.0,0,-33.5167,-70.7667
477100000,6,5,186.0,467.0,3,-33.5167,-70.6389
90000000,3,1,65.0,110.0,0,-33.6167,-70.5667
491142000,5,3,140.0,200.0,2,-33.3867,-70.5688
266569100,4,3,160.0,253.0,0,-33.6167,-70.5667
50000000,5,1,100.0,72.0,0,-33.2833,-70.8778
300735500,4,4,139.0,295.0,1,-33.4833,-70.55
836365000,6,3,262.0,565.0,0,-33.4088,-70.5671
163714000,4,1,65.0,199.0,2,-33.5167,-70.7667
1316830000,5,5,370.0,370.0,6,-33.4624,-70.6491
260000000,4,2,160.0,260.0,2,-33.5167,-70.7667
183288500,5,3,120.0,130.0,1,-33.5167,-70.7667
462670000,2,2,110.0,400.0,2,-33.4088,-70.5671
145919000,3,2,120.0,250.0,0,-33.6167,-70.5667
815011000,4,2,144.0,530.0,7,-33.3867,-70.5688
553000000,6,4,192.0,348.0,4,-33.4088,-70.5671
1169131500,7,7,535.0,835.0,0,-33.35,-70.6
1209704100,7,6,260.0,580.0,0,-33.435,-70.615
82000000,2,1,38.0,124.0,1,-33.6167,-70.5667
249130000,4,3,112.0,200.0,2,-33.6167,-70.5667
110329000,5,2,160.0,160.0,1,-33.4624,-70.6491
88000000,2,1,45.0,71.0,0,-33.4037,-70.64
245000000,6,3,140.0,436.0,2,-33.4975,-70.6287
55000000,2,1,55.0,110.0,0,-33.582,-70.692
85000000,4,1,40.0,127.0,0,-33.4034,-70.7213
380000000,7,3,170.0,303.0,0,-33.2773,-70.6106
556676291,4,4,547.0,234.0,1,-33.2773,-70.6106
130000000,2,1,68.0,310.0,3,-33.5667,-70.7167
75000000,4,2,76.0,110.0,0,-33.422,-70.72
80931660,3,1,75.0,140.0,0,-33.1829,-70.6747
259807000,2,1,76.0,530.0,0,-33.5167,-70.6333
106000000,3,1,60.0,120.0,2,-33.582,-70.692
55000000,3,2,55.0,80.0,3,-33.5985,-70.8734
260000000,8,3,175.0,105.0,0,-33.4624,-70.6491
126344500,7,4,133.0,190.0,2,-33.4037,-70.64
150000000,4,3,121.0,80.0,1,-33.5167,-70.7667
366577000,5,2,189.0,400.0,0,-33.5007,-70.6514
195000000,4,2,150.0,100.0,1,-33.4833,-70.55
639908200,4,3,193.0,315.0,0,-33.4088,-70.5671
601471000,4,3,140.0,300.0,2,-33.4088,-70.5671
444519100,4,4,149.0,397.0,3,-33.1829,-70.6747
201439400,4,2,111.0,111.0,1,-33.5167,-70.6389
505378000,5,4,250.0,504.0,6,-33.2773,-70.6106
55000000,2,1,42.0,84.0,0,-33.519,-70.629
183288500,3,3,90.0,180.0,1,-33.5167,-70.7667
130000000,5,2,75.0,144.0,1,-33.3641,-70.6134
250000000,4,2,165.0,377.0,3,-33.452,-70.723
426724100,4,2,170.0,300.0,3,-33.2773,-70.6106
475000000,4,3,213.0,185.0,2,-33.4088,-70.5671
370136000,10,4,314.0,314.0,0,-33.4624,-70.6491
250000000,2,1,167.0,396.0,4,-33.5167,-70.6333
210000000,4,3,119.0,200.0,3,-33.5167,-70.6389
1014315000,5,5,453.0,820.0,5,-33.4088,-70.5671
199999990,4,4,306.0,316.0,4,-33.422,-70.72
125000000,3,1,65.0,150.0,1,-33.5167,-70.7667
300735500,3,3,94.0,143.0,3,-33.443,-70.532
188627000,3,3,86.0,193.0,3,-33.727,-70.7046
199304000,3,2,124.0,319.0,3,-33.452,-70.723
94999990,4,1,100.0,75.0,3,-33.5167,-70.6389
130000000,4,2,130.0,80.0,1,-33.452,-70.723
110000000,3,1,48.0,166.0,1,-33.4333,-70.7167
782980000,4,5,300.0,805.0,5,-33.3641,-70.6134
78000000,3,2,68.0,68.0,0,-33.4624,-70.6491
135000000,3,1,55.0,215.0,0,-33.5719,-70.8068
55000000,3,1,50.0,70.0,0,-33.582,-70.692
124565000,2,3,73.0,128.0,0,-33.4034,-70.7213
747390000,5,3,250.0,821.0,1,-33.2773,-70.6106
160000000,7,2,178.0,225.0,1,-33.2642,-70.715
125000000,4,2,64.0,140.0,0,-33.1829,-70.6747
587235000,3,2,129.0,211.0,0,-33.435,-70.615
427080000,3,3,146.0,196.0,1,-33.4624,-70.6491
370136000,5,4,194.0,454.0,2,-33.5167,-70.6389
409285000,4,3,140.0,223.0,0,-33.4088,-70.5671
622825000,4,4,195.0,438.0,0,-33.35,-70.6
180000000,3,2,125.0,500.0,4,-33.7015,-70.79
530291000,4,5,180.0,220.0,1,-33.35,-70.6
711444100,4,2,173.0,433.0,1,-33.4088,-70.5671
672651000,3,4,160.0,400.0,2,-33.35,-70.6
80000000,4,1,90.0,72.0,0,-33.2833,-70.8778
637061000,3,3,220.0,500.0,2,-33.35,-70.6
50000000,2,1,42.0,128.0,0,-33.1829,-70.6747
411242450,5,5,379.0,426.0,0,-33.4624,-70.6491
89600000,3,3,90.0,170.0,2,-33.582,-70.692
170000000,5,2,122.0,120.0,0,-33.519,-70.629
1601550000,5,6,930.0,466.0,4,-33.4088,-70.5671
85000000,2,3,73.0,132.0,0,-33.582,-70.692
117447000,4,2,72.0,75.0,2,-33.4333,-70.7167
160000000,3,2,100.0,164.0,1,-33.4624,-70.6491
128000000,3,2,70.0,96.0,0,-33.5167,-70.7667
160155000,3,3,80.0,155.0,4,-33.2833,-70.8778
996520000,4,3,250.0,890.0,4,-33.435,-70.615
230000000,10,5,110.0,470.0,4,-33.368,-70.642
142360000,1,1,138.0,224.0,0,-33.4624,-70.6491
115000000,3,2,86.0,105.0,1,-33.6167,-70.5667
160000000,4,2,100.0,185.0,0,-33.6167,-70.5667
936017000,6,5,340.0,589.0,3,-33.435,-70.615
539188500,3,3,170.0,662.0,4,-33.1829,-70.6747
191758920,3,1,115.0,298.0,1,-33.4264,-70.6996
150000000,4,3,95.0,142.0,3,-33.3667,-70.7333
459111000,2,3,173.0,650.0,6,-33.1829,-70.6747
124565000,3,2,110.0,160.0,0,-33.5167,-70.6389
117000000,3,2,88.0,80.0,1,-33.6167,-70.5667
95000000,3,1,92.0,120.0,0,-33.5985,-70.8734
120000000,3,1,58.0,180.0,3,-33.4766,-70.6062
170500000,4,3,120.0,160.0,4,-33.582,-70.692
1060582000,4,3,290.0,800.0,4,-33.4088,-70.5671
129903500,3,3,100.0,180.0,2,-33.5167,-70.7667
211760500,3,3,98.0,197.0,2,-33.582,-70.692
242012000,9,6,250.0,209.0,2,-33.4833,-70.55
135000000,4,2,134.0,180.0,2,-33.368,-70.642
95000000,3,2,70.0,100.0,2,-33.3641,-70.6134
75000000,3,1,100.0,77.0,1,-33.2833,-70.8778
78000000,3,2,51.0,74.0,0,-33.582,-70.692
78000000,4,1,199.0,181.0,3,-33.4274,-70.4843
373695000,5,3,267.0,246.0,2,-33.4624,-70.6491
55000000,3,2,65.0,65.0,0,-33.5719,-70.8068
259807000,4,3,250.0,500.0,4,-33.5167,-70.6333
95000000,2,1,49.0,120.0,1,-33.4333,-70.7167
115000000,2,2,80.0,157.0,3,-33.5667,-70.7167
85000000,6,2,125.0,144.0,0,-33.5167,-70.6389
101787400,3,1,60.0,85.0,0,-33.6167,-70.5667
160000000,3,3,89.0,195.0,0,-33.5007,-70.6514
138801000,4,2,95.0,132.0,1,-33.5167,-70.7667
758067000,5,4,248.0,470.0,0,-33.435,-70.615
157000000,3,3,85.0,103.0,2,-33.3667,-70.7333
139000000,5,2,105.0,122.0,0,-33.4624,-70.6491
140000000,2,2,78.0,55.0,1,-33.2773,-70.6106
501819000,5,3,138.0,198.0,2,-33.4088,-70.5671
177594100,3,2,95.0,414.0,0,-33.1829,-70.6747
403946500,3,2,125.0,350.0,0,-33.1829,-70.6747
113000000,2,1,150.0,300.0,2,-33.519,-70.629
807893000,5,3,227.0,227.0,3,-33.4088,-70.5671
35000000,3,1,71.0,63.0,0,-33.6167,-70.5667
110000000,4,2,51.0,117.0,2,-33.349,-70.6383
373695000,5,2,113.0,232.0,2,-33.443,-70.532
160155000,3,3,90.0,151.0,1,-33.582,-70.692
71180000,3,2,55.0,58.0,0,-33.582,-70.692
65000000,3,1,50.0,118.0,1,-33.582,-70.692
87195500,3,2,180.0,180.0,2,-33.582,-70.692
192186000,4,2,122.0,237.0,1,-33.2468,-70.625
103211000,4,2,110.0,130.0,2,-33.582,-70.692
142360000,4,3,89.0,160.0,2,-33.582,-70.692
113888000,3,2,82.0,106.0,1,-33.582,-70.692
1173822210,12,6,1446.0,563.0,0,-33.3867,-70.5688
189000000,4,4,121.0,200.0,4,-33.5167,-70.7667
88975000,2,1,52.0,80.0,0,-33.6167,-70.5667
54000000,5,2,65.0,90.0,0,-33.6167,-70.5667
510894450,3,2,96.0,319.0,0,-33.4088,-70.5671
2040000000,5,3,340.0,800.0,14,-33.4088,-70.5671
65000000,2,1,66.0,70.0,0,-33.2833,-70.8778
405726000,4,4,140.0,400.0,2,-33.3641,-70.6134
220000000,8,8,112.0,112.0,0,-33.435,-70.615
701123000,4,3,140.0,450.0,0,-33.3867,-70.5688
61430000,4,1,81.0,81.0,0,-33.6167,-70.5667
220658000,3,3,98.0,220.0,2,-33.727,-70.7046
50000000,3,1,130.0,90.0,0,-33.1829,-70.6747
133462500,3,2,84.0,140.0,1,-33.582,-70.692
70000000,2,1,103.0,87.0,0,-33.727,-70.7046
60000000,3,1,90.0,60.0,0,-33.5167,-70.7667
70000000,3,1,92.0,170.0,1,-33.6167,-70.5667
125000000,3,3,80.0,85.0,1,-33.3667,-70.7333
180000000,4,3,120.0,200.0,1,-33.2833,-70.8778
419606100,4,4,140.0,407.0,2,-33.4833,-70.55
636349200,6,3,272.0,435.0,0,-33.435,-70.615
210000000,4,3,120.0,225.0,2,-33.5167,-70.7667
350000000,4,4,133.0,168.0,3,-33.5167,-70.6389
88000000,5,2,105.0,171.0,0,-33.4274,-70.4843
179165000,6,2,201.0,171.0,0,-33.2468,-70.625
816754910,7,2,1500.0,218.0,2,-33.5007,-70.6514
118000000,3,1,64.0,80.0,0,-33.5167,-70.7667
5516450000,4,3,140.0,160.0,2,-33.4088,-70.5671
120000000,3,1,58.0,135.0,1,-33.6167,-70.5667
135419950,3,2,77.0,140.0,1,-33.5719,-70.8068
491142000,5,2,175.0,609.0,1,-33.2773,-70.6106
120000000,2,1,65.0,289.0,0,-33.5167,-70.7667
339884500,3,3,135.0,400.0,2,-33.1829,-70.6747
86000000,2,2,62.0,107.0,0,-33.6167,-70.5667
153570000,6,2,161.0,166.0,2,-33.582,-70.692
469788000,4,4,140.0,463.0,2,-33.1829,-70.6747
154000000,5,3,139.0,162.0,2,-33.5167,-70.6389
640620000,4,4,192.0,600.0,8,-33.1829,-70.6747
111600000,4,2,90.0,120.0,3,-33.582,-70.692
228000000,3,2,125.0,300.0,0,-33.5007,-70.6514
67570000,3,2,80.0,95.0,1,-33.6167,-70.5667
1281240000,7,5,394.0,394.0,8,-33.35,-70.6
164500000,3,3,90.0,160.0,2,-33.582,-70.692
280000000,3,2,100.0,312.0,0,-33.4766,-70.6062
508937000,3,2,154.0,220.0,1,-33.4088,-70.5671
70000000,3,1,74.0,151.0,2,-33.688,-71.2113
10999000,3,3,120.0,350.0,0,-33.1829,-70.6747
102380000,3,2,100.0,80.0,1,-33.5167,-70.7667
220000000,2,2,220.0,220.0,4,-33.368,-70.642
80000000,3,2,100.0,120.0,1,-33.2642,-70.715
168000000,4,1,140.0,200.0,2,-33.2468,-70.625
924023170,6,5,310.0,811.0,0,-33.35,-70.6
836365000,4,3,277.0,845.0,0,-33.4088,-70.5671
249094410,4,2,130.0,120.0,2,-33.5167,-70.7667
82000000,2,1,90.0,162.0,0,-33.582,-70.692
491142000,5,5,170.0,445.0,2,-33.4833,-70.55
75000000,3,1,51.0,300.0,0,-33.6936,-71.0118
78000000,3,1,50.0,50.0,0,-33.2773,-70.6106
124565000,3,3,85.0,85.0,1,-33.6167,-70.5667
175000000,4,1,120.0,240.0,3,-33.6167,-70.5667
311412500,3,2,165.0,119.0,2,-33.443,-70.532
889750000,6,5,238.0,390.0,2,-33.3867,-70.5688
151257500,4,2,78.0,179.0,0,-33.5167,-70.6389
350000000,6,2,232.0,255.0,5,-33.5007,-70.6514
275822500,6,4,140.0,212.0,2,-33.5167,-70.7667
56944000,2,1,80.0,100.0,0,-33.582,-70.692
516055000,4,4,124.0,210.0,2,-33.3867,-70.5688
418182500,4,3,200.0,315.0,6,-33.35,-70.6
77000000,5,3,50.0,70.0,1,-33.6167,-70.5667
485518780,4,3,201.0,334.0,0,-33.4766,-70.6062
387931000,4,3,124.0,222.0,1,-33.4088,-70.5671
126000000,4,2,180.0,57.0,0,-33.3667,-70.7333
605030000,4,4,120.0,300.0,3,-33.3867,-70.5688
131683000,3,1,65.0,82.0,1,-33.3667,-70.7333
800775000,6,3,260.0,600.0,3,-33.35,-70.6
54000000,3,2,60.0,470.0,2,-33.688,-71.2113
385000000,8,4,250.0,375.0,6,-33.2773,-70.6106
605030000,3,3,138.0,281.0,2,-33.4088,-70.5671
229911400,3,2,200.0,340.0,0,-33.4624,-70.6491
387931000,3,2,108.0,230.0,2,-33.2773,-70.6106
209981000,4,3,125.0,170.0,2,-33.5167,-70.6389
215000000,5,2,221.0,262.0,4,-33.4624,-70.6491
711444100,3,3,187.0,433.0,2,-33.4088,-70.5671
123000000,3,1,100.0,300.0,0,-33.4975,-70.6287
2800000000,9,4,519.0,757.0,0,-33.2468,-70.625
390000000,5,4,305.0,305.0,0,-33.4624,-70.6491
169052500,3,2,75.0,200.0,5,-33.6167,-70.5667
281161000,4,4,137.0,458.0,1,-33.727,-70.7046
658415000,4,4,180.0,789.0,2,-33.4833,-70.55
284684410,4,3,176.0,348.0,0,-33.5007,-70.6514
1067700000,6,6,400.0,620.0,8,-33.443,-70.532
512496000,5,5,234.0,426.0,2,-33.3641,-70.6134
80000000,3,1,72.0,72.0,1,-33.6167,-70.5667
118000000,3,1,65.0,220.0,0,-33.582,-70.692
180000000,4,2,130.0,147.0,0,-33.2468,-70.625
105000000,3,1,48.0,125.0,0,-33.452,-70.723
708241000,3,4,210.0,810.0,0,-33.1829,-70.6747
281161000,5,3,250.0,350.0,6,-33.7843,-70.7217
220000000,3,2,120.0,490.0,2,-33.6167,-70.5667
63350200,2,1,67.0,93.0,0,-33.6167,-70.5667
957371000,10,4,364.0,432.0,0,-33.4624,-70.6491
925340000,3,2,220.0,479.0,3,-33.3867,-70.5688
65000000,5,1,90.0,95.0,0,-33.582,-70.692
149478000,3,2,210.0,110.0,2,-33.5167,-70.6389
907545000,7,4,260.0,280.0,2,-33.4088,-70.5671
390000000,4,3,131.0,212.0,0,-33.2773,-70.6106
155000000,5,2,82.0,130.0,0,-33.45,-70.7
338105000,5,2,202.0,133.0,0,-33.435,-70.615
205000000,4,3,127.0,230.0,2,-33.5167,-70.7667
283652300,3,3,267.0,134.0,2,-33.5719,-70.8068
560000000,1,1,722.0,355.0,0,-33.4624,-70.6491
90000000,5,2,83.0,166.0,1,-33.4975,-70.6287
270128100,4,4,166.0,230.0,2,-33.3641,-70.6134
163714000,4,2,105.0,120.0,1,-33.3667,-70.7333
117447000,4,1,92.0,250.0,2,-33.5167,-70.6333
153037000,3,2,70.0,188.0,3,-33.6167,-70.5667
423521000,3,2,110.0,200.0,0,-33.4088,-70.5671
140000000,3,2,114.0,88.0,0,-33.2773,-70.6106
100000000,4,2,135.0,132.0,1,-33.5667,-70.7167
73000000,4,2,127.0,101.0,1,-33.452,-70.723
65000000,3,1,52.0,110.0,0,-33.6167,-70.5667
455196100,4,4,160.0,460.0,2,-33.1829,-70.6747
1590161200,4,4,358.0,644.0,1,-33.35,-70.6
175000000,4,4,150.0,270.0,3,-33.3641,-70.6134
497548200,3,3,170.0,400.0,2,-33.1829,-70.6747
302515000,5,4,140.0,304.0,2,-33.5167,-70.6389
218000000,4,2,200.0,260.0,0,-33.4037,-70.64
373695000,3,2,145.0,428.0,3,-33.443,-70.532
169900000,5,2,162.0,175.0,0,-33.4624,-70.6491
125000000,2,1,89.0,180.0,1,-33.4833,-70.55
103211000,2,1,75.0,75.0,1,-33.35,-70.6
58000000,2,1,42.0,70.0,1,-33.2833,-70.8778
256248000,8,2,264.0,144.0,0,-33.4264,-70.6996
90000000,3,2,75.0,84.0,1,-33.6167,-70.5667
185000000,4,2,98.0,110.0,2,-33.5167,-70.7667
105000000,3,1,89.0,158.0,1,-33.5167,-70.6389
189943830,4,2,109.0,252.0,3,-33.4975,-70.6287
333691840,7,3,138.0,450.0,2,-33.5167,-70.7667
56000000,5,1,38.0,118.0,1,-33.1829,-70.6747
327428000,4,3,120.0,200.0,1,-33.4833,-70.55
290000000,3,3,1690.0,230.0,0,-33.6433,-70.3504
106000000,2,1,85.0,175.0,0,-33.5167,-70.6333
480000000,3,2,130.0,306.0,2,-33.4088,-70.5671
437401100,5,4,160.0,280.0,2,-33.4833,-70.55
526732000,3,3,155.0,360.0,2,-33.443,-70.532
480465000,14,7,540.0,540.0,0,-33.4624,-70.6491
92534000,4,1,78.0,100.0,2,-33.6844,-70.9248
115000000,3,2,93.0,132.0,0,-33.5167,-70.7667
233114500,4,3,202.0,332.0,0,-33.4624,-70.6491
170476100,8,4,174.0,261.0,0,-33.2468,-70.625
165000000,2,1,70.0,250.0,0,-33.5719,-70.8068
637061000,6,3,190.0,588.0,1,-33.2773,-70.6106
77000000,4,2,75.0,112.0,1,-33.6167,-70.5667
540968000,3,3,190.0,705.0,3,-33.1829,-70.6747
158375500,3,2,100.0,269.0,2,-33.5985,-70.8734
180000000,6,1,100.0,294.0,0,-33.45,-70.7
451993000,5,2,210.0,600.0,0,-33.727,-70.7046
64062000,3,1,69.0,90.0,2,-33.582,-70.692
366577000,2,2,81.0,161.0,2,-33.4088,-70.5671
130000000,3,2,70.0,187.0,0,-33.5167,-70.6389
42000000,2,1,69.0,60.0,0,-33.1829,-70.6747
113888000,5,2,96.0,92.0,1,-33.5167,-70.6389
284720000,5,2,137.0,204.0,0,-33.435,-70.615
62500000,2,1,44.0,58.0,0,-33.4333,-70.7167
314046160,5,3,140.0,250.0,0,-33.4833,-70.55
65000000,2,1,51.0,90.0,0,-33.6167,-70.5667
156880720,4,2,337.0,337.0,4,-33.5167,-70.6389
62000000,2,1,42.0,42.0,0,-33.2468,-70.625
1459190000,5,4,220.0,806.0,5,-33.4088,-70.5671
235000000,6,4,208.0,985.0,6,-33.6167,-70.5667
195745000,2,3,75.0,199.0,1,-33.727,-70.7046
480000000,4,2,150.0,200.0,2,-33.2773,-70.6106
120000000,3,2,98.0,197.0,3,-33.5167,-70.7667
640264100,4,4,165.0,230.0,2,-33.3867,-70.5688
526732000,4,3,177.0,600.0,6,-33.443,-70.532
462670000,3,2,201.0,411.0,3,-33.2773,-70.6106
80000000,4,1,76.0,190.0,0,-33.45,-70.7
533850000,5,5,173.0,440.0,2,-33.1829,-70.6747
52000000,1,1,25.0,100.0,0,-33.5719,-70.8068
775862000,8,6,330.0,721.0,0,-33.435,-70.615
242723800,7,6,298.0,350.0,2,-33.2468,-70.625
489362500,4,3,144.0,200.0,0,-33.4088,-70.5671
155500000,5,2,140.0,280.0,4,-33.5667,-70.7167
220658000,3,3,97.0,97.0,2,-33.582,-70.692
56500000,3,1,85.0,85.0,0,-33.6167,-70.5667
177950000,3,3,114.0,160.0,1,-33.2833,-70.8778
185000000,2,1,60.0,160.0,0,-33.4975,-70.6287
53000000,2,1,72.0,80.0,0,-33.5667,-70.7167
992961000,6,5,450.0,715.0,3,-33.3867,-70.5688
601471000,4,4,210.0,595.0,0,-33.4624,-70.6491
1569519000,4,4,358.0,591.0,1,-33.3641,-70.6134
74739000,2,1,50.0,100.0,1,-33.6844,-70.9248
65000000,4,2,43.0,63.0,0,-33.582,-70.692
105000000,3,2,74.0,200.0,0,-33.519,-70.629
49000000,2,1,50.0,70.0,0,-33.5719,-70.8068
747390000,5,4,580.0,580.0,0,-33.435,-70.615
85000000,2,1,60.0,120.0,0,-33.4264,-70.6996
341308100,7,5,300.0,576.0,3,-33.2773,-70.6106
40000000,2,1,35.0,100.0,0,-33.5667,-70.7167
164425800,3,3,115.0,160.0,2,-33.2833,-70.8778
70000000,6,6,137.0,137.0,0,-33.349,-70.6383
749000000,5,2,177.0,876.0,6,-33.4037,-70.64
64000000,2,1,72.0,125.0,0,-33.582,-70.692
74500000,3,1,60.0,115.0,1,-33.582,-70.692
75000000,3,2,75.0,95.0,1,-33.1829,-70.6747
637061000,5,4,157.0,350.0,2,-33.443,-70.532
1014315000,4,3,257.0,257.0,3,-33.35,-70.6
327428000,4,2,92.0,178.0,2,-33.2773,-70.6106
45000000,3,1,50.0,67.0,0,-33.6167,-70.5667
195000000,3,2,100.0,286.0,0,-33.519,-70.629
492921500,4,2,136.0,200.0,1,-33.435,-70.615
386151500,5,3,150.0,147.0,0,-33.4833,-70.55
338105000,4,2,114.0,240.0,1,-33.4088,-70.5671
85416000,3,2,85.0,85.0,0,-33.6167,-70.5667
587199410,3,2,145.0,263.0,2,-33.3867,-70.5688
154500000,5,3,120.0,160.0,1,-33.582,-70.692
168055980,5,2,77.0,162.0,0,-33.4333,-70.7167
409600000,3,2,144.0,427.0,1,-33.443,-70.532
180000000,7,6,300.0,300.0,1,-33.2642,-70.715
78000000,3,2,89.0,97.0,3,-33.349,-70.6383
76162600,5,1,80.0,100.0,1,-33.688,-71.2113
181509000,3,3,129.0,138.0,2,-33.6167,-70.5667
170000000,3,1,110.0,413.0,0,-33.2468,-70.625
284720000,4,2,145.0,450.0,0,-33.5167,-70.6389
250375650,3,2,107.0,344.0,0,-33.1829,-70.6747
117447000,2,2,84.0,171.0,0,-33.5167,-70.6389
119990000,3,1,150.0,100.0,3,-33.4034,-70.7213
259990000,4,3,185.0,149.0,2,-33.5167,-70.7667
90000000,3,3,115.0,69.0,0,-33.4624,-70.6491
80990000,4,1,72.0,52.0,1,-33.6167,-70.5667
610368500,4,3,146.0,375.0,3,-33.4088,-70.5671
121006000,4,2,122.0,176.0,0,-33.5167,-70.6389
569440000,5,3,250.0,570.0,3,-33.4088,-70.5671
165849400,3,2,80.0,173.0,3,-33.727,-70.7046
380000000,5,3,208.0,235.0,0,-33.5167,-70.7667
300000000,4,2,150.0,192.0,3,-33.5007,-70.6514
889394100,10,3,330.0,860.0,0,-33.4088,-70.5671
88000000,3,1,55.0,130.0,3,-33.6167,-70.5667
173323300,6,1,130.0,124.0,0,-33.4624,-70.6491
220000000,4,2,140.0,824.0,0,-33.4333,-70.7167
854160000,5,4,147.0,465.0,5,-33.3867,-70.5688
79000000,2,1,60.0,132.0,0,-33.2833,-70.8778
105000000,3,2,78.0,105.0,1,-33.4333,-70.7167
650000000,8,4,180.0,512.0,5,-33.443,-70.532
240000000,4,2,200.0,225.0,0,-33.4624,-70.6491
139512800,3,2,81.0,178.0,1,-33.6167,-70.5667
72000000,6,1,85.0,110.0,2,-33.6936,-71.0118
149000000,4,3,94.0,177.0,1,-33.6167,-70.5667
180000000,3,1,70.0,150.0,0,-33.4088,-70.5671
135206410,10,5,181.0,300.0,3,-33.472,-70.683
90000000,2,1,49.0,185.0,6,-33.5667,-70.7167
199000000,3,1,194.0,456.0,0,-33.5667,-70.7167
63812870,3,1,50.0,100.0,0,-33.5167,-70.7667
155000000,3,3,86.0,132.0,0,-33.5167,-70.7667
256248000,4,2,212.0,133.0,0,-33.4624,-70.6491
148000000,3,1,180.0,225.0,0,-33.4975,-70.6287
150000000,4,2,120.0,140.0,0,-33.5167,-70.7667
98000000,3,2,86.0,144.0,0,-33.5167,-70.7667
61420000,4,2,85.0,85.0,1,-33.6167,-70.5667
155000000,3,3,142.0,111.0,1,-33.5167,-70.7667
128835800,3,2,93.0,136.0,4,-33.6167,-70.5667
107000000,2,1,50.0,131.0,1,-33.5167,-70.7667
380000000,10,5,326.0,163.0,0,-33.422,-70.72
112108500,4,2,80.0,100.0,1,-33.582,-70.692
100000000,4,1,77.0,170.0,1,-33.519,-70.629
160000000,4,2,100.0,139.0,1,-33.6167,-70.5667
416403000,3,3,155.0,168.0,0,-33.4088,-70.5671
82000000,3,1,84.0,84.0,1,-33.6167,-70.5667
90000000,3,2,94.0,81.0,0,-33.6167,-70.5667
150000000,4,1,100.0,250.0,0,-33.2468,-70.625
137000000,3,2,77.0,188.0,0,-33.6167,-70.5667
239990000,9,4,140.0,220.0,1,-33.5167,-70.7667
316751000,4,2,120.0,340.0,2,-33.2468,-70.625
427080000,4,3,160.0,240.0,4,-33.4088,-70.5671
355544100,3,3,130.0,480.0,4,-33.1829,-70.6747
106400000,3,2,80.0,120.0,1,-33.582,-70.692
480465000,3,2,120.0,300.0,1,-33.2468,-70.625
270484000,4,3,117.0,37.0,0,-33.3641,-70.6134
504666200,4,2,102.0,210.0,1,-33.4088,-70.5671
125000000,3,3,77.0,90.0,2,-33.3667,-70.7333
444875000,3,1,102.0,418.0,3,-33.443,-70.532
355900000,4,1,100.0,654.0,14,-33.5167,-70.6333
245215100,4,1,80.0,204.0,6,-33.2773,-70.6106
319990000,4,1,690.0,76.0,3,-33.5007,-70.6514
65000000,2,1,100.0,190.0,0,-33.5167,-70.7667
84990000,5,1,100.0,184.0,1,-33.5719,-70.8068
100000000,2,1,70.0,100.0,1,-33.2833,-70.8778
494701000,7,4,267.0,483.0,2,-33.2773,-70.6106
188627000,3,2,78.0,150.0,0,-33.5167,-70.6389
65841500,3,2,55.0,62.0,1,-33.582,-70.692
81251970,2,1,45.0,112.0,3,-33.727,-70.7046
76162600,3,1,70.0,110.0,2,-33.727,-70.7046
327428000,4,3,85.0,493.0,2,-33.5167,-70.7667
558763000,7,6,300.0,280.0,0,-33.2773,-70.6106
387575100,5,3,190.0,290.0,2,-33.4833,-70.55
117447000,4,2,120.0,189.0,0,-33.368,-70.642
280000000,4,2,140.0,320.0,1,-33.4766,-70.6062
90000000,3,2,98.0,98.0,0,-33.2833,-70.8778
125000000,3,3,84.0,149.0,0,-33.5167,-70.7667
77600000,4,2,90.0,100.0,2,-33.582,-70.692
266925000,3,3,105.0,132.0,0,-33.2773,-70.6106
94990000,4,1,120.0,75.0,3,-33.5667,-70.7167
200692010,3,3,74.0,148.0,1,-33.5167,-70.7667
102855100,4,2,76.0,122.0,0,-33.582,-70.692
68688700,2,1,58.0,60.0,0,-33.582,-70.692
501534280,3,2,193.0,442.0,0,-33.443,-70.532
640620000,4,4,210.0,510.0,5,-33.4088,-70.5671
505378000,5,4,250.0,504.0,6,-33.2773,-70.6106
140000000,6,2,140.0,200.0,2,-33.45,-70.7
97587780,4,1,78.0,133.0,2,-33.6167,-70.5667
370136000,4,3,125.0,385.0,2,-33.1829,-70.6747
91110400,2,1,80.0,150.0,0,-33.2833,-70.8778
131000000,4,2,80.0,225.0,3,-33.5167,-70.7667
63000000,4,1,70.0,80.0,0,-33.6167,-70.5667
70930870,3,2,60.0,97.0,2,-33.3667,-70.7333
82568800,3,1,67.0,104.0,0,-33.4034,-70.7213
298956000,3,2,115.0,172.0,0,-33.2773,-70.6106
135242000,3,3,150.0,180.0,0,-33.5167,-70.7667
63706100,3,1,66.0,64.0,0,-33.5167,-70.6389
126344500,3,2,65.0,116.0,0,-33.582,-70.692
82000000,4,2,100.0,85.0,2,-33.6167,-70.5667
209981000,3,2,200.0,90.0,1,-33.6167,-70.5667
225996500,4,3,120.0,200.0,2,-33.3667,-70.7333
412844000,3,3,139.0,500.0,0,-33.1829,-70.6747
125632700,3,1,82.0,82.0,0,-33.2773,-70.6106
62000000,3,1,50.0,56.0,0,-33.6167,-70.5667
120000000,4,1,80.0,100.0,3,-33.6167,-70.5667
130081450,3,2,100.0,230.0,3,-33.4975,-70.6287
328495700,5,2,151.0,417.0,0,-33.5167,-70.6333
102072120,3,2,82.0,78.0,1,-33.5167,-70.7667
160155000,4,2,140.0,176.0,0,-33.5167,-70.6333
676210000,4,3,165.0,438.0,4,-33.4088,-70.5671
130000000,3,1,100.0,75.0,3,-33.2773,-70.6106
270000000,4,2,265.0,400.0,0,-33.45,-70.7
59500000,2,1,52.0,80.0,1,-33.582,-70.692
111752600,3,2,96.0,160.0,4,-33.5167,-70.7667
125000000,4,2,134.0,134.0,1,-33.6167,-70.5667
1637104410,6,4,4000.0,200.0,3,-33.6844,-70.9248
68724290,2,1,80.0,110.0,1,-33.6936,-71.0118
65841500,3,1,50.0,105.0,0,-33.6167,-70.5667
419250200,11,5,296.0,156.0,2,-33.4624,-70.6491
448434000,5,2,180.0,900.0,0,-33.4833,-70.55
240000000,9,5,500.0,330.0,2,-33.5007,-70.6514
156596000,3,2,80.0,80.0,1,-33.1829,-70.6747
247350500,3,2,130.0,180.0,1,-33.4833,-70.55
720000000,5,3,200.0,500.0,2,-33.4088,-70.5671
175000000,3,3,140.0,220.0,3,-33.5167,-70.7667
599691500,3,3,162.0,204.0,2,-33.4088,-70.5671
170000000,3,1,85.0,198.0,0,-33.2468,-70.625
569440000,7,1,158.0,577.0,1,-33.4088,-70.5671
160000000,3,2,71.0,135.0,1,-33.5167,-70.6389
489220140,6,4,180.0,425.0,3,-33.443,-70.532
306785800,5,2,144.0,387.0,2,-33.443,-70.532
125000000,4,2,115.0,480.0,2,-33.7843,-70.7217
300000000,3,1,130.0,314.0,0,-33.45,-70.7
141000000,5,2,125.0,750.0,2,-33.7843,-70.7217
100000000,3,3,80.0,120.0,2,-33.582,-70.692
85000000,3,2,72.0,81.0,1,-33.6167,-70.5667
250000000,5,2,184.0,276.0,1,-33.4766,-70.6062
96093000,3,1,81.0,162.0,0,-33.2642,-70.715
65000000,3,1,85.0,100.0,1,-33.6167,-70.5667
180000000,4,3,132.0,140.0,3,-33.5167,-70.7667
90291830,6,2,110.0,110.0,1,-33.6167,-70.5667
491142000,6,5,207.0,437.0,2,-33.4833,-70.55
110000000,4,1,90.0,126.0,0,-33.5167,-70.7667
113888000,3,2,120.0,225.0,0,-33.3667,-70.7333
150866010,3,3,122.0,150.0,4,-33.5985,-70.8734
57000000,2,2,54.0,85.0,1,-33.1829,-70.6747
55000000,3,1,54.0,85.0,1,-33.1829,-70.6747
120000000,3,1,82.0,128.0,1,-33.4833,-70.55
1067700000,5,4,390.0,890.0,0,-33.35,-70.6
373695000,3,2,190.0,300.0,3,-33.3867,-70.5688
765185000,5,6,200.0,800.0,7,-33.4833,-70.55
60000000,3,1,78.0,104.0,2,-33.582,-70.692
532070500,5,4,218.0,370.0,3,-33.4088,-70.5671
480465000,2,2,100.0,625.0,4,-33.2773,-70.6106
75000000,2,1,48.0,78.0,1,-33.35,-70.6
150000000,3,3,152.0,105.0,2,-33.6167,-70.5667
210000000,5,2,181.0,252.0,0,-33.4037,-70.64
320310000,3,3,140.0,480.0,2,-33.1829,-70.6747
75000000,5,1,75.0,80.0,0,-33.6167,-70.5667
672651000,4,2,250.0,500.0,7,-33.435,-70.615
390000000,3,3,120.0,130.0,2,-33.443,-70.532
640620000,4,4,210.0,500.0,5,-33.4088,-70.5671
70000000,2,1,43.0,53.0,0,-33.422,-70.72
273687100,3,2,87.0,158.0,2,-33.443,-70.532
373695000,4,3,226.0,678.0,2,-33.4264,-70.6996
108000000,3,2,59.0,167.0,0,-33.5719,-70.8068
266925000,4,3,133.0,181.0,1,-33.4833,-70.55
427080000,4,2,180.0,324.0,0,-33.2773,-70.6106
386329450,4,2,180.0,500.0,1,-33.5007,-70.6514
637061000,4,3,230.0,295.0,2,-33.4088,-70.5671
80000000,4,2,44.0,82.0,0,-33.582,-70.692
81821410,2,1,55.0,80.0,0,-33.6167,-70.5667
425300500,5,4,8000.0,320.0,0,-33.5985,-70.8734
215390680,5,2,120.0,300.0,4,-33.4833,-70.55
149000000,3,3,90.0,140.0,2,-33.5719,-70.8068
200000000,4,2,150.0,230.0,3,-33.2773,-70.6106
130000000,3,2,127.0,200.0,2,-33.5167,-70.7667
494701000,7,4,216.0,326.0,2,-33.4088,-70.5671
850601000,5,4,190.0,705.0,6,-33.35,-70.6
133284550,2,2,85.0,100.0,0,-33.2468,-70.625
81857000,3,1,60.0,123.0,2,-33.7843,-70.7217
594353000,5,3,148.0,340.0,2,-33.4088,-70.5671
129903500,3,2,72.0,171.0,2,-33.452,-70.723
200000000,3,2,80.0,396.0,6,-33.5167,-70.7667
130000000,6,2,130.0,222.0,0,-33.4264,-70.6996
140000000,4,3,100.0,190.0,3,-33.6167,-70.5667
275000000,4,4,150.0,240.0,0,-33.4833,-70.55
99000000,5,2,90.0,140.0,2,-33.66,-70.55
115000000,3,1,75.0,130.0,1,-33.66,-70.55
120000000,3,2,85.0,150.0,2,-33.6167,-70.5667
300735500,3,3,125.0,205.0,2,-33.4833,-70.55
240000000,3,2,79.0,169.0,2,-33.2773,-70.6106
245215100,3,3,145.0,350.0,2,-33.2833,-70.8778
384372000,5,4,194.0,454.0,3,-33.5167,-70.6389
711800000,6,5,180.0,300.0,3,-33.435,-70.615
145000000,4,2,120.0,120.0,0,-33.1829,-70.6747
240000000,4,3,120.0,380.0,2,-33.6167,-70.5667
150000000,4,2,75.0,100.0,0,-33.5167,-70.7667
94989710,2,1,53.0,162.0,3,-33.45,-70.7
149406820,4,1,85.0,102.0,1,-33.5167,-70.7667
146452850,4,3,121.0,229.0,3,-33.45,-70.7
284720000,4,3,128.0,135.0,1,-33.4088,-70.5671
996520000,5,3,250.0,890.0,8,-33.435,-70.615
132000000,3,3,86.0,143.0,0,-33.5167,-70.7667
274043000,3,3,110.0,129.0,2,-33.443,-70.532
60000000,3,1,139.0,227.0,0,-33.472,-70.683
587235000,4,3,158.0,239.0,2,-33.3867,-70.5688
56944000,5,1,130.0,180.0,0,-33.3641,-70.6134
960930000,4,3,300.0,380.0,0,-33.435,-70.615
113888000,4,1,79.0,100.0,0,-33.4766,-70.6062
124209100,5,1,56.0,128.0,2,-33.5167,-70.7667
87907300,5,1,117.0,90.0,2,-33.2642,-70.715
224217000,3,4,107.0,75.0,1,-33.5167,-70.6389
624960400,10,4,222.0,800.0,6,-33.443,-70.532
179000000,4,3,243.0,170.0,0,-33.4037,-70.64
142004100,3,1,75.0,220.0,2,-33.452,-70.723
505378000,4,3,170.0,300.0,3,-33.4833,-70.55
129903500,2,1,80.0,126.0,1,-33.452,-70.723
487583000,4,4,150.0,254.0,2,-33.35,-70.6
110000000,4,2,120.0,130.0,1,-33.2773,-70.6106
205000000,5,3,140.0,180.0,0,-33.452,-70.723
270000000,3,2,90.0,150.0,2,-33.4088,-70.5671
601471000,4,2,170.0,375.0,2,-33.4088,-70.5671
209981000,3,2,171.0,203.0,0,-33.2468,-70.625
290000000,3,1,105.0,254.0,3,-33.4766,-70.6062
352341000,3,2,90.0,420.0,3,-33.443,-70.532
220658000,5,3,160.0,250.0,2,-33.3667,-70.7333
80000000,3,1,64.0,93.0,2,-33.6167,-70.5667
940928420,6,4,272.0,605.0,0,-33.2773,-70.6106
605030000,4,2,247.0,509.0,4,-33.2773,-70.6106
150000000,3,2,72.0,186.0,1,-33.45,-70.7
150000000,5,2,207.0,225.0,1,-33.582,-70.692
149990000,3,3,105.0,150.0,0,-33.5167,-70.7667
120000000,3,2,115.0,115.0,3,-33.5167,-70.7667
124209100,3,3,82.0,112.0,0,-33.3667,-70.7333
275822500,5,2,145.0,280.0,0,-33.5167,-70.6333
73000000,4,4,90.0,127.0,0,-33.4667,-70.6667
247457270,3,2,109.0,112.0,1,-33.2773,-70.6106
75000000,2,1,75.0,84.0,1,-33.6167,-70.5667
125000000,4,2,60.0,60.0,1,-33.6167,-70.5667
444875000,5,2,200.0,240.0,1,-33.443,-70.532
124565000,3,1,100.0,160.0,0,-33.45,-70.7
498260000,5,3,1100.0,220.0,3,-33.5167,-70.7667
455552000,4,4,170.0,274.0,4,-33.5167,-70.6389
462670000,5,3,210.0,390.0,4,-33.443,-70.532
136309700,2,2,61.0,120.0,0,-33.5167,-70.7667
160000000,4,2,120.0,250.0,2,-33.2833,-70.8778
266569100,4,4,121.0,177.0,2,-33.5167,-70.6389
290000000,5,3,250.0,240.0,1,-33.4624,-70.6491
400000000,11,4,399.0,200.0,0,-33.4624,-70.6491
179000000,2,1,70.0,300.0,4,-33.4766,-70.6062
176170500,5,4,82.0,82.0,0,-33.435,-70.615
58000000,2,1,48.0,84.0,0,-33.688,-71.2113
75000000,3,1,76.0,79.0,0,-33.4333,-70.7167
600000000,10,3,345.0,412.0,1,-33.2773,-70.6106
200000000,3,2,136.0,210.0,0,-33.6167,-70.5667
120151840,4,3,135.0,117.0,0,-33.5167,-70.6333
223861100,3,2,129.0,462.0,3,-33.4264,-70.6996
708241000,6,4,305.0,815.0,4,-33.443,-70.532
256248000,7,2,112.0,190.0,0,-33.4766,-70.6062
111645830,5,3,90.0,140.0,2,-33.582,-70.692
200000000,5,2,177.0,327.0,0,-33.2642,-70.715
363018000,4,3,160.0,390.0,0,-33.5167,-70.6389
377254000,3,3,130.0,330.0,3,-33.4833,-70.55
319954100,3,3,130.0,350.0,2,-33.1829,-70.6747
108990000,3,1,104.0,180.0,2,-33.4975,-70.6287
120000000,3,2,110.0,162.0,0,-33.5667,-70.7167
174990000,5,3,160.0,194.0,3,-33.6167,-70.5667
250000000,2,2,90.0,516.0,0,-33.5719,-70.8068
740272000,4,3,262.0,550.0,2,-33.1829,-70.6747
407505500,3,3,150.0,380.0,1,-33.35,-70.6
128124000,3,2,78.0,168.0,2,-33.5167,-70.7667
318530500,5,4,222.0,222.0,0,-33.1829,-70.6747
116201350,3,1,100.0,200.0,0,-33.5985,-70.8734
145000000,5,2,165.0,155.0,0,-33.4034,-70.7213
1028551000,4,4,261.0,706.0,6,-33.35,-70.6
284720000,5,3,125.0,225.0,4,-33.4766,-70.6062
180000000,3,2,74.0,144.0,2,-33.582,-70.692
605030000,8,4,360.0,561.0,1,-33.4088,-70.5671
316751000,6,6,199.0,354.0,3,-33.5719,-70.8068
306074000,4,2,150.0,190.0,1,-33.2773,-70.6106
363018000,5,3,318.0,318.0,4,-33.2468,-70.625
163714000,3,3,95.0,178.0,1,-33.6167,-70.5667
80000000,3,1,60.0,194.0,0,-33.4264,-70.6996
366577000,5,5,172.0,231.0,3,-33.4833,-70.55
40000000,2,1,70.0,108.0,0,-33.1829,-70.6747
59500000,9,3,187.0,162.0,0,-33.422,-70.72
248774100,4,3,120.0,210.0,2,-33.6844,-70.9248
101431500,3,2,70.0,98.0,2,-33.6167,-70.5667
412844000,3,3,160.0,420.0,3,-33.3641,-70.6134
508937000,4,4,120.0,240.0,2,-33.4088,-70.5671
72000000,2,1,66.0,81.0,1,-33.6167,-70.5667
400000000,4,2,245.0,750.0,0,-33.5167,-70.6333
163714000,3,3,98.0,149.0,0,-33.6167,-70.5667
146500000,3,3,120.0,300.0,3,-33.5667,-70.7167
391490000,3,3,119.0,270.0,2,-33.2773,-70.6106
78000000,3,2,110.0,55.0,1,-33.5719,-70.8068
480109100,4,3,132.0,336.0,0,-33.435,-70.615
177950000,3,3,90.0,160.0,1,-33.6167,-70.5667
147307010,3,2,70.0,160.0,3,-33.5167,-70.6389
462670000,3,3,140.0,400.0,3,-33.1829,-70.6747
316751000,5,3,200.0,264.0,1,-33.4833,-70.55
180000000,5,2,110.0,132.0,3,-33.5167,-70.7667
115631910,3,2,70.0,150.0,2,-33.5985,-70.8734
640620000,5,4,200.0,625.0,2,-33.4833,-70.55
305006300,4,4,140.0,240.0,3,-33.3641,-70.6134
177950000,3,4,100.0,180.0,2,-33.5985,-70.8734
107000000,3,2,100.0,100.0,2,-33.6167,-70.5667
159122890,3,3,95.0,160.0,2,-33.452,-70.723
72959500,3,1,83.0,119.0,0,-33.4975,-70.6287
281161000,4,3,147.0,397.0,4,-33.3667,-70.7333
355900000,2,2,170.0,221.0,2,-33.4088,-70.5671
112108500,4,2,80.0,100.0,1,-33.582,-70.692
145000000,3,3,75.0,177.0,0,-33.2833,-70.8778
160000000,3,3,100.0,101.0,1,-33.5167,-70.7667
532070500,5,3,157.0,352.0,4,-33.4088,-70.5671
206422000,3,3,120.0,163.0,2,-33.3641,-70.6134
127768100,3,2,108.0,279.0,2,-33.2833,-70.8778
200000000,6,2,170.0,358.0,0,-33.4975,-70.6287
370000000,6,7,196.0,234.0,0,-33.2773,-70.6106
132750700,4,2,135.0,296.0,1,-33.368,-70.642
181509000,5,3,220.0,280.0,0,-33.4037,-70.64
65000000,3,1,95.0,95.0,1,-33.349,-70.6383
605030000,4,3,350.0,129.0,2,-33.3867,-70.5688
231335000,3,2,130.0,200.0,1,-33.4833,-70.55
530291000,4,5,180.0,216.0,2,-33.35,-70.6
188627000,3,3,90.0,160.0,3,-33.5985,-70.8734
56908410,3,1,60.0,43.0,2,-33.582,-70.692
466229000,5,5,190.0,631.0,3,-33.5167,-70.6389
462670000,5,3,160.0,160.0,3,-33.3867,-70.5688
847042000,4,4,260.0,694.0,4,-33.35,-70.6
110000000,2,1,60.0,200.0,2,-33.519,-70.629
70000000,3,1,72.0,170.0,0,-33.582,-70.692
135000000,3,2,90.0,140.0,0,-33.5719,-70.8068
907545000,4,5,290.0,870.0,5,-33.35,-70.6
195745000,3,3,103.0,265.0,0,-33.0833,-70.9167
350000000,2,1,120.0,538.0,4,-33.5167,-70.6333
335969600,3,3,136.0,185.0,0,-33.4833,-70.55
1561973920,7,7,420.0,865.0,3,-33.35,-70.6
383482250,4,4,200.0,350.0,2,-33.4833,-70.55
169479580,8,2,258.0,236.0,3,-33.4034,-70.7213
149478000,3,2,68.0,120.0,3,-33.4333,-70.7167
190000000,5,3,146.0,180.0,2,-33.452,-70.723
546306500,5,4,200.0,400.0,2,-33.2773,-70.6106
569440000,4,2,100.0,392.0,5,-33.4088,-70.5671
775862000,5,5,280.0,436.0,4,-33.4088,-70.5671
533850000,6,3,230.0,248.0,0,-33.435,-70.615
491142000,5,5,170.0,445.0,2,-33.4833,-70.55
91110400,4,2,134.0,128.0,1,-33.6167,-70.5667
1601550000,7,11,676.0,947.0,4,-33.4088,-70.5671
100000000,4,1,96.0,207.0,0,-33.4037,-70.64
248774100,3,3,116.0,180.0,2,-33.3641,-70.6134
266569100,3,2,150.0,300.0,1,-33.6167,-70.5667
163714000,3,2,90.0,200.0,0,-33.6167,-70.5667
85000000,3,1,53.0,55.0,0,-33.45,-70.7
63000000,3,2,100.0,60.0,1,-33.349,-70.6383
700767100,4,5,240.0,350.0,3,-33.435,-70.615
110000000,3,3,90.0,80.0,0,-33.6167,-70.5667
230000000,5,3,149.0,300.0,1,-33.3641,-70.6134
854160000,4,5,280.0,515.0,0,-33.4088,-70.5671
142360000,4,3,90.0,122.0,2,-33.582,-70.692
125000000,3,2,90.0,120.0,2,-33.582,-70.692
410000000,2,1,90.0,180.0,0,-33.4088,-70.5671
156596000,3,2,101.0,180.0,3,-33.5167,-70.7667
199304000,3,3,100.0,218.0,2,-33.727,-70.7046
487583000,4,3,140.0,272.0,0,-33.4088,-70.5671
996520000,5,4,300.0,900.0,0,-33.4088,-70.5671
209625100,4,2,300.0,125.0,2,-33.5167,-70.6333
565881000,5,4,140.0,342.0,2,-33.35,-70.6
640620000,4,3,210.0,500.0,0,-33.4088,-70.5671
516055000,5,3,163.0,497.0,4,-33.443,-70.532
127768100,4,3,93.0,175.0,1,-33.727,-70.7046
100000000,3,1,70.0,224.0,0,-33.472,-70.683
74900000,3,1,54.0,79.0,1,-33.6167,-70.5667
70076710,4,1,94.0,72.0,0,-33.4833,-70.55
260000000,4,2,160.0,110.0,2,-33.2773,-70.6106
491142000,4,3,198.0,402.0,0,-33.2773,-70.6106
115000000,4,3,103.0,109.0,2,-33.6167,-70.5667
384372000,3,3,170.0,280.0,1,-33.35,-70.6
550000000,4,2,220.0,912.0,0,-33.5985,-70.8734
78000000,4,2,98.0,98.0,1,-33.6167,-70.5667
127000000,4,2,135.0,120.0,2,-33.5167,-70.7667
462670000,5,2,198.0,624.0,4,-33.4766,-70.6062
145919000,3,2,105.0,150.0,2,-33.4333,-70.7167
85771900,2,1,54.0,70.0,1,-33.3667,-70.7333
138500000,3,3,80.0,140.0,0,-33.5167,-70.7667
298956000,5,4,160.0,488.0,5,-33.1829,-70.6747
391490000,4,3,146.0,184.0,2,-33.2773,-70.6106
190000000,4,2,80.0,190.0,1,-33.4624,-70.6491
427080000,5,3,205.0,250.0,0,-33.2773,-70.6106
330987000,4,4,160.0,300.0,4,-33.4264,-70.6996
319990000,4,1,690.0,76.0,3,-33.5007,-70.6514
105000000,3,2,70.0,64.0,0,-33.443,-70.532
95000000,3,2,73.0,85.0,0,-33.727,-70.7046
911104000,4,3,220.0,970.0,0,-33.35,-70.6
145000000,3,3,88.0,120.0,2,-33.3667,-70.7333
995970360,4,7,803.0,361.0,0,-33.35,-70.6
135000000,3,3,84.0,121.0,2,-33.5167,-70.7667
1245650000,5,4,298.0,735.0,4,-33.35,-70.6
199304000,3,3,101.0,180.0,2,-33.2833,-70.8778
409285000,4,2,167.0,443.0,3,-33.5007,-70.6514
782980000,4,5,300.0,805.0,5,-33.3641,-70.6134
795436500,3,3,180.0,703.0,3,-33.35,-70.6
248774100,3,3,120.0,262.0,5,-33.6167,-70.5667
350000000,5,2,220.0,410.0,0,-33.2468,-70.625
585000000,4,2,280.0,500.0,1,-33.5007,-70.6514
319954100,4,4,127.0,370.0,2,-33.5167,-70.6389
494701000,6,5,230.0,413.0,4,-33.4833,-70.55
69000000,4,1,98.0,100.0,2,-33.4034,-70.7213
711800000,4,5,187.0,758.0,0,-33.443,-70.532
925340000,7,7,358.0,500.0,5,-33.435,-70.615
180000000,4,3,139.0,162.0,3,-33.5167,-70.6389
63000000,3,1,52.0,42.0,0,-33.5667,-70.7167
174391000,3,3,72.0,80.0,0,-33.5167,-70.7667
260000000,4,3,181.0,256.0,2,-33.4766,-70.6062
953812000,4,4,2061.0,392.0,0,-33.1829,-70.6747
629900000,6,3,252.0,533.0,0,-33.2773,-70.6106
637061000,4,4,220.0,400.0,3,-33.1829,-70.6747
640620000,4,3,142.0,371.0,0,-33.3867,-70.5688
181509000,5,2,155.0,218.0,1,-33.452,-70.723
907545000,4,5,1040.0,320.0,4,-33.35,-70.6
263366000,4,3,123.0,264.0,3,-33.727,-70.7046
249058820,3,1,64.0,200.0,0,-33.2773,-70.6106
540968000,3,3,140.0,332.0,4,-33.3867,-70.5688
97000000,3,2,95.0,142.0,0,-33.6167,-70.5667
266925000,4,4,140.0,190.0,2,-33.3641,-70.6134
120000000,4,1,120.0,200.0,0,-33.6167,-70.5667
209981000,3,3,104.0,159.0,2,-33.5167,-70.7667
92000000,4,1,90.0,130.0,1,-33.519,-70.629
119582400,3,2,86.0,96.0,2,-33.5167,-70.7667
140000000,4,2,160.0,180.0,3,-33.5985,-70.8734
98990000,4,2,128.0,124.0,1,-33.5167,-70.7667
138000000,3,1,96.0,220.0,0,-33.5167,-70.7667
95000000,4,1,90.0,105.0,2,-33.3667,-70.7333
115000000,3,1,90.0,141.0,2,-33.6167,-70.5667
1028551000,5,4,305.0,852.0,0,-33.35,-70.6
156596000,3,2,103.0,137.0,2,-33.3667,-70.7333
77000000,4,1,75.0,108.0,1,-33.4274,-70.4843
69500000,3,2,70.0,85.0,1,-33.5167,-70.7667
546306500,6,3,250.0,350.0,3,-33.443,-70.532
192186000,8,1,135.0,148.0,0,-33.4624,-70.6491
423521000,3,3,110.0,195.0,1,-33.4088,-70.5671
533850000,6,4,190.0,280.0,2,-33.3867,-70.5688
87000000,5,2,140.0,140.0,1,-33.5167,-70.7667
596132500,4,3,225.0,458.0,0,-33.35,-70.6
459111000,3,4,140.0,185.0,0,-33.443,-70.532
612148000,4,3,190.0,390.0,2,-33.4088,-70.5671
250019750,7,2,201.0,212.0,2,-33.5007,-70.6514
338105000,5,3,103.0,184.0,1,-33.2773,-70.6106
437757000,3,2,103.0,273.0,0,-33.4088,-70.5671
140000000,3,3,82.0,170.0,2,-33.6167,-70.5667
78800000,2,1,69.0,75.0,2,-33.6167,-70.5667
836365000,4,4,260.0,694.0,4,-33.35,-70.6
338105000,13,13,350.0,350.0,6,-33.1829,-70.6747
427080000,4,5,182.0,495.0,4,-33.5167,-70.6389
192186000,4,2,80.0,145.0,0,-33.4766,-70.6062
160000000,4,2,110.0,150.0,1,-33.5167,-70.6389
249130000,4,3,110.0,300.0,2,-33.5985,-70.8734
167273000,3,2,70.0,183.0,2,-33.582,-70.692
212970560,3,3,160.0,500.0,3,-33.5007,-70.6514
490000000,3,1,228.0,517.0,0,-33.435,-70.615
142004100,5,4,162.0,92.0,1,-33.5167,-70.6389
170832000,3,3,82.0,173.0,2,-33.582,-70.692
314580010,5,2,162.0,400.0,0,-33.5007,-70.6514
128124000,3,3,76.0,129.0,3,-33.6167,-70.5667
69614040,2,2,48.0,97.0,2,-33.6167,-70.5667
123990990,3,2,154.0,154.0,1,-33.6167,-70.5667
76000000,3,2,60.0,80.0,2,-33.2833,-70.8778
711800000,9,9,367.0,383.0,0,-33.4037,-70.64
82000000,3,1,52.0,100.0,1,-33.368,-70.642
494701000,5,2,133.0,172.0,2,-33.4088,-70.5671
466229000,5,5,190.0,631.0,3,-33.5167,-70.6389
81857000,4,1,60.0,99.0,4,-33.2833,-70.8778
430639000,3,2,280.0,113.0,2,-33.3867,-70.5688
498260000,4,3,260.0,456.0,4,-33.1829,-70.6747
95000000,3,2,78.0,118.0,0,-33.5719,-70.8068
75000000,3,1,90.0,70.0,0,-33.5167,-70.7667
92500000,5,2,106.0,105.0,0,-33.5167,-70.6389
85416000,1,2,140.0,162.0,0,-33.4833,-70.55
459111000,4,4,7000.0,441.0,6,-33.5985,-70.8734
198948100,3,2,103.0,177.0,1,-33.4975,-70.6287
248418200,4,3,137.0,200.0,1,-33.5167,-70.6389
740272000,6,5,270.0,573.0,4,-33.443,-70.532
480465000,5,3,192.0,304.0,2,-33.443,-70.532
160000000,3,3,112.0,186.0,0,-33.6167,-70.5667
125000000,2,1,116.0,140.0,2,-33.6167,-70.5667
637061000,5,5,231.0,438.0,4,-33.443,-70.532
177878820,2,2,108.0,271.0,2,-33.5719,-70.8068
355900000,5,4,180.0,430.0,0,-33.4833,-70.55
355900000,4,3,113.0,390.0,4,-33.5167,-70.6389
256248000,3,3,120.0,302.0,0,-33.5167,-70.6389
316751000,5,2,103.0,216.0,0,-33.443,-70.532
366577000,4,3,114.0,280.0,0,-33.4833,-70.55
285000000,4,3,300.0,413.0,0,-33.2468,-70.625
380813000,4,2,105.0,220.0,1,-33.4088,-70.5671
208201500,4,3,112.0,275.0,3,-33.4766,-70.6062
489362500,5,3,190.0,400.0,2,-33.443,-70.532
177594100,3,1,209.0,65.0,2,-33.5167,-70.6333
1014315000,7,4,380.0,670.0,7,-33.4088,-70.5671
569440000,4,3,180.0,600.0,1,-33.443,-70.532
162000000,5,2,135.0,200.0,2,-33.519,-70.629
149478000,3,1,79.0,210.0,1,-33.5167,-70.6389
112072910,4,1,79.0,100.0,2,-33.4766,-70.6062
1244938200,4,3,390.0,860.0,15,-33.435,-70.615
615707000,6,5,305.0,305.0,3,-33.1829,-70.6747
110329000,3,2,65.0,116.0,1,-33.727,-70.7046
185000000,5,1,110.0,156.0,1,-33.4624,-70.6491
355900000,7,2,244.0,250.0,0,-33.435,-70.615
115000000,3,3,80.0,130.0,0,-33.4034,-70.7213
69614040,2,1,48.0,97.0,2,-33.6167,-70.5667
160000000,3,2,70.0,96.0,0,-33.6167,-70.5667
672651000,3,2,160.0,296.0,2,-33.3867,-70.5688
622825000,5,4,350.0,594.0,4,-33.2773,-70.6106
121006000,3,1,131.0,55.0,0,-33.6167,-70.5667
198271890,3,2,70.0,195.0,4,-33.5007,-70.6514
158375500,3,2,102.0,269.0,2,-33.5985,-70.8734
170000000,3,2,110.0,199.0,2,-33.6167,-70.5667
150000000,3,2,58.0,199.0,3,-33.4766,-70.6062
100000000,4,1,69.0,103.0,1,-33.5167,-70.7667
127000000,3,1,97.0,190.0,1,-33.4037,-70.64
160000000,4,2,213.0,215.0,1,-33.4264,-70.6996
127500000,5,3,126.0,133.0,2,-33.727,-70.7046
765185000,4,3,145.0,803.0,5,-33.443,-70.532
291838000,4,3,117.0,224.0,3,-33.4833,-70.55
206422000,4,2,160.0,290.0,2,-33.5167,-70.6389
280000000,4,4,142.0,264.0,0,-33.3641,-70.6134
284720000,3,3,180.0,350.0,3,-33.5167,-70.6389
241656100,4,3,110.0,241.0,0,-33.45,-70.7
67265100,2,1,48.0,93.0,2,-33.6167,-70.5667
640620000,5,4,200.0,309.0,1,-33.2773,-70.6106
200000000,1,1,300.0,300.0,0,-33.422,-70.72
284720000,3,3,180.0,350.0,2,-33.5167,-70.6389
359980000,3,1,64.0,310.0,4,-33.4088,-70.5671
145919000,4,2,110.0,180.0,3,-33.4333,-70.7167
587235000,6,4,162.0,296.0,2,-33.4088,-70.5671
638840500,5,4,250.0,670.0,4,-33.4833,-70.55
75000000,3,1,70.0,162.0,1,-33.5719,-70.8068
119990000,7,3,190.0,190.0,2,-33.4037,-70.64
215319500,3,3,85.0,130.0,2,-33.3641,-70.6134
377254000,4,3,177.0,286.0,2,-33.4833,-70.55
672651000,4,4,176.0,495.0,2,-33.35,-70.6
135000000,4,2,125.0,116.0,2,-33.5167,-70.7667
146630800,3,2,91.0,163.0,0,-33.5167,-70.6389
65000000,3,1,83.0,110.0,0,-33.582,-70.692
149122100,3,3,240.0,240.0,2,-33.1829,-70.6747
1244938200,4,3,390.0,860.0,20,-33.435,-70.615
105000000,3,2,66.0,131.0,0,-33.5985,-70.8734
190000000,4,2,138.0,209.0,0,-33.5167,-70.6333
448434000,5,3,167.0,228.0,1,-33.2773,-70.6106
106058200,3,1,103.0,208.0,2,-33.582,-70.692
83000000,3,1,81.0,120.0,2,-33.2833,-70.8778
633502000,4,2,250.0,500.0,5,-33.435,-70.615
75771110,3,1,65.0,86.0,1,-33.5719,-70.8068
146000000,3,3,71.0,141.0,0,-33.582,-70.692
574458190,5,4,300.0,850.0,3,-33.6433,-70.3504
132501570,4,2,70.0,145.0,2,-33.5167,-70.7667
151257500,5,3,115.0,155.0,3,-33.45,-70.7
125000000,5,3,133.0,108.0,0,-33.5167,-70.7667
110329000,3,3,83.0,113.0,1,-33.6167,-70.5667
128900000,3,3,90.0,92.0,0,-33.5167,-70.6389
444875000,3,3,179.0,450.0,0,-33.1829,-70.6747
121006000,4,3,88.0,95.0,1,-33.3667,-70.7333
280000000,9,3,475.0,475.0,0,-33.4264,-70.6996
502000000,4,3,140.0,300.0,3,-33.3867,-70.5688
213184100,3,3,95.0,120.0,2,-33.3641,-70.6134
125000000,3,1,69.0,163.0,3,-33.4274,-70.4843
78000000,4,2,42.0,72.0,0,-33.5167,-70.7667
154816500,4,2,87.0,194.0,2,-33.5167,-70.6333
49000000,2,1,45.0,45.0,0,-33.2773,-70.6106
302515000,4,3,134.0,220.0,0,-33.2773,-70.6106
423165100,3,3,160.0,320.0,0,-33.3867,-70.5688
200000000,3,2,88.0,187.0,2,-33.368,-70.642
375688040,4,2,190.0,300.0,2,-33.5007,-70.6514
206422000,4,2,120.0,245.0,2,-33.3667,-70.7333
818570000,5,4,227.0,717.0,1,-33.4088,-70.5671
199000000,5,3,153.0,173.0,3,-33.5167,-70.6389
100000000,2,2,90.0,115.0,0,-33.582,-70.692
453772500,5,4,355.0,157.0,4,-33.2773,-70.6106
68000000,4,2,87.0,90.0,1,-33.6167,-70.5667
80000000,3,1,72.0,112.0,1,-33.6167,-70.5667
213184100,3,3,95.0,120.0,2,-33.3641,-70.6134
230000000,5,3,169.0,230.0,0,-33.5167,-70.7667
295000000,3,3,140.0,928.0,1,-33.6433,-70.3504
139512800,3,1,80.0,205.0,0,-33.5167,-70.7667
503776450,3,2,82.0,495.0,1,-33.443,-70.532
782980000,5,4,312.0,523.0,3,-33.4088,-70.5671
355544100,3,3,215.0,170.0,2,-33.435,-70.615
601471000,4,2,175.0,530.0,3,-33.4624,-70.6491
414623500,3,3,195.0,205.0,0,-33.4624,-70.6491
140000000,4,2,90.0,198.0,1,-33.4975,-70.6287
743831000,8,4,376.0,376.0,6,-33.435,-70.615
108549500,1,1,140.0,70.0,0,-33.3667,-70.7333
480465000,5,3,700.0,140.0,0,-33.443,-70.532
590794000,3,3,126.0,204.0,2,-33.4088,-70.5671
89000000,4,1,80.0,162.0,2,-33.45,-70.7
278456160,4,2,172.0,900.0,6,-33.688,-71.2113
125000000,4,2,200.0,200.0,1,-33.4975,-70.6287
1014315000,5,5,453.0,820.0,5,-33.4088,-70.5671
403305880,3,1,167.0,360.0,2,-33.2773,-70.6106
185000000,4,1,90.0,200.0,2,-33.4088,-70.5671
476906000,4,4,140.0,365.0,4,-33.4833,-70.55
389710500,4,3,139.0,280.0,3,-33.4088,-70.5671
149122100,3,2,180.0,180.0,3,-33.5167,-70.6333
266925000,2,2,102.0,103.0,2,-33.2773,-70.6106
177950000,3,3,120.0,140.0,1,-33.6167,-70.5667
551645000,6,4,200.0,500.0,4,-33.4833,-70.55
140509320,4,3,85.0,155.0,3,-33.5167,-70.7667
480465000,1,4,510.0,440.0,2,-33.4624,-70.6491
63000000,2,1,50.0,72.0,0,-33.727,-70.7046
213540000,3,1,108.0,185.0,0,-33.4037,-70.64
747390000,3,2,110.0,780.0,3,-33.4088,-70.5671
95000000,6,1,144.0,180.0,0,-33.5667,-70.7167
960930000,9,4,240.0,627.0,5,-33.3867,-70.5688
348426100,1,2,90.0,90.0,2,-33.435,-70.615
99652000,4,1,73.0,132.0,1,-33.582,-70.692
72000000,2,1,45.0,66.0,1,-33.1829,-70.6747
68000000,1,1,54.0,110.0,0,-33.2642,-70.715
68000000,6,2,56.0,100.0,1,-33.3667,-70.7333
138801000,4,2,134.0,154.0,0,-33.5167,-70.7667
188021970,5,4,146.0,190.0,0,-33.4975,-70.6287
100000000,2,1,46.0,136.0,0,-33.5167,-70.7667
145000000,5,2,108.0,117.0,2,-33.5167,-70.7667
256248000,5,3,139.0,200.0,2,-33.5167,-70.6389
473347000,6,4,173.0,330.0,3,-33.4088,-70.5671
462670000,4,3,150.0,350.0,2,-33.435,-70.615
401099300,4,4,264.0,759.0,2,-33.5167,-70.6333
177950000,4,3,140.0,170.0,1,-33.2833,-70.8778
559901880,4,3,114.0,693.0,6,-33.4088,-70.5671
186847500,3,2,120.0,120.0,2,-33.5167,-70.6389
206000000,4,1,80.0,500.0,0,-33.4975,-70.6287
316395100,4,3,164.0,225.0,2,-33.3641,-70.6134
718918000,6,4,180.0,414.0,0,-33.4088,-70.5671
450000000,3,2,220.0,450.0,4,-33.5167,-70.6333
345223000,3,3,140.0,400.0,2,-33.1829,-70.6747
455552000,4,3,154.0,542.0,1,-33.4833,-70.55
288279000,4,3,121.0,266.0,2,-33.5167,-70.6389
140580500,3,1,60.0,70.0,0,-33.4624,-70.6491
610368500,11,5,268.0,480.0,1,-33.2773,-70.6106
149900000,3,1,86.0,165.0,3,-33.5167,-70.6333
327428000,4,2,115.0,307.0,2,-33.5167,-70.6389
115000000,4,3,184.0,200.0,2,-33.4333,-70.7167
348782000,4,4,150.0,300.0,1,-33.4264,-70.6996
68000000,3,1,80.0,70.0,1,-33.6167,-70.5667
205000000,5,3,163.0,175.0,1,-33.5007,-70.6514
94740580,3,2,88.0,119.0,1,-33.582,-70.692
701123000,4,4,246.0,433.0,0,-33.4088,-70.5671
380457100,4,3,184.0,385.0,2,-33.1829,-70.6747
160000000,4,2,108.0,58.0,3,-33.6167,-70.5667
455552000,3,3,140.0,520.0,0,-33.1829,-70.6747
177594100,5,2,140.0,125.0,0,-33.6167,-70.5667
70000000,1,1,36.0,315.0,0,-33.2833,-70.8778
86000000,5,2,106.0,107.0,0,-33.4034,-70.7213
85000000,2,1,101.0,101.0,3,-33.6167,-70.5667
84348300,3,2,108.0,134.0,0,-33.6167,-70.5667
427044410,4,2,5042.0,230.0,3,-33.6844,-70.9248
274043000,3,3,95.0,485.0,2,-33.1829,-70.6747
1463460800,4,4,358.0,590.0,1,-33.35,-70.6
206777900,4,3,100.0,144.0,1,-33.3667,-70.7333
282940500,4,2,140.0,326.0,3,-33.5007,-70.6514
90000000,5,1,1.0,180.0,1,-33.4333,-70.7167
69500000,3,2,70.0,84.0,0,-33.6167,-70.5667
569440000,6,5,193.0,491.0,4,-33.1829,-70.6747
120000000,4,2,90.0,128.0,0,-33.4274,-70.4843
81145200,3,1,60.0,60.0,0,-33.2468,-70.625
462670000,7,7,370.0,400.0,0,-33.2773,-70.6106
1067700000,8,4,274.0,610.0,5,-33.4088,-70.5671
238453000,3,3,114.0,140.0,2,-33.3641,-70.6134
133000000,3,3,80.0,130.0,2,-33.5167,-70.7667
151293090,3,2,105.0,200.0,3,-33.727,-70.7046
178000000,3,2,130.0,148.0,0,-33.4624,-70.6491
124565000,3,3,85.0,135.0,0,-33.5167,-70.7667
39000000,3,1,63.0,49.0,1,-33.349,-70.6383
246496340,4,3,155.0,254.0,0,-33.5007,-70.6514
310000000,4,3,189.0,200.0,0,-33.4833,-70.55
252689000,4,3,122.0,240.0,2,-33.727,-70.7046
227776000,2,1,70.0,489.0,0,-33.5167,-70.6389
533494100,5,5,235.0,570.0,2,-33.4833,-70.55
215390680,5,2,120.0,300.0,5,-33.4833,-70.55
130000000,3,1,138.0,208.0,0,-33.582,-70.692
118407930,3,2,82.0,96.0,1,-33.6167,-70.5667
150000000,3,2,85.0,190.0,3,-33.727,-70.7046
220658000,3,3,110.0,200.0,2,-33.3641,-70.6134
437757000,5,2,221.0,450.0,6,-33.5007,-70.6514
142004100,3,1,70.0,200.0,3,-33.6167,-70.5667
175000000,3,3,140.0,220.0,3,-33.5167,-70.7667
108000000,3,2,59.0,95.0,2,-33.5167,-70.7667
167273000,4,4,150.0,130.0,2,-33.5167,-70.7667
473347000,5,4,210.0,260.0,2,-33.4088,-70.5671
63000000,2,1,41.0,67.0,1,-33.6167,-70.5667
129800000,3,3,130.0,82.0,2,-33.2833,-70.8778
782980000,5,5,220.0,450.0,4,-33.4088,-70.5671
231335000,3,2,237.0,237.0,4,-33.5007,-70.6514
130000000,3,1,140.0,180.0,0,-33.45,-70.7
245820130,6,5,140.0,240.0,0,-33.6167,-70.5667
228000000,3,2,125.0,300.0,1,-33.5007,-70.6514
491142000,5,5,185.0,469.0,2,-33.4833,-70.55
540968000,5,4,156.0,193.0,2,-33.35,-70.6
384372000,3,1,106.0,345.0,0,-33.5007,-70.6514
78440360,2,1,41.0,41.0,4,-33.5167,-70.7667
82000000,4,1,69.0,107.0,1,-33.5667,-70.7167
284364100,4,4,140.0,205.0,2,-33.3641,-70.6134
135990000,4,2,200.0,110.0,1,-33.2833,-70.8778
67000000,5,2,90.0,50.0,1,-33.472,-70.683
658415000,4,5,247.0,556.0,4,-33.1829,-70.6747
117447000,2,1,112.0,120.0,1,-33.4975,-70.6287
354120500,3,3,120.0,400.0,2,-33.1829,-70.6747
85416000,3,2,102.0,75.0,1,-33.3667,-70.7333
112535580,3,2,84.0,126.0,2,-33.519,-70.629
127234250,4,2,120.0,190.0,3,-33.4833,-70.55
127000000,3,2,120.0,120.0,0,-33.6167,-70.5667
220302100,3,3,128.0,300.0,2,-33.1829,-70.6747
87000000,2,1,100.0,120.0,1,-33.582,-70.692
71400000,2,1,65.0,75.0,0,-33.4667,-70.6667
323869000,4,1,150.0,280.0,0,-33.4624,-70.6491
120000000,4,2,90.0,155.0,1,-33.5167,-70.7667
76000000,4,1,70.0,98.0,3,-33.2833,-70.8778
125000000,6,3,156.0,162.0,1,-33.4975,-70.6287
177950000,3,1,108.0,185.0,0,-33.4037,-70.64
137000000,5,2,120.0,141.0,0,-33.6167,-70.5667
62000000,3,1,48.0,74.0,0,-33.6167,-70.5667
174391000,3,2,66.0,171.0,2,-33.727,-70.7046
245571000,4,3,130.0,220.0,2,-33.4333,-70.7167
105000000,4,2,94.0,105.0,0,-33.3641,-70.6134
604674100,6,5,270.0,315.0,2,-33.4088,-70.5671
220000000,6,4,141.0,108.0,0,-33.5167,-70.7667
711444100,6,4,300.0,600.0,3,-33.4088,-70.5671
355900000,2,3,325.0,294.0,2,-33.452,-70.723
427080000,4,4,140.0,240.0,3,-33.727,-70.7046
165000000,3,3,86.0,132.0,0,-33.5167,-70.7667
75735520,3,1,42.0,60.0,1,-33.4037,-70.64
165000000,4,1,170.0,201.0,0,-33.4975,-70.6287
272263500,3,2,144.0,253.0,2,-33.5167,-70.6389
80000000,3,2,64.0,80.0,1,-33.6167,-70.5667
307497600,3,3,150.0,245.0,3,-33.5167,-70.7667
111218750,3,3,74.0,114.0,2,-33.6167,-70.5667
302515000,6,2,152.0,280.0,3,-33.5007,-70.6514
330987000,3,2,130.0,225.0,4,-33.4624,-70.6491
177950000,4,2,59.0,180.0,2,-33.5167,-70.7667
83636500,3,2,55.0,100.0,0,-33.5167,-70.7667
260000000,4,2,360.0,360.0,0,-33.4624,-70.6491
216814280,3,2,95.0,197.0,4,-33.6167,-70.5667
190000000,8,6,150.0,200.0,0,-33.2642,-70.715
92000000,2,1,42.0,200.0,1,-33.422,-70.72
100000000,3,1,150.0,200.0,1,-33.4833,-70.55
250000000,3,2,143.0,405.0,5,-33.4766,-70.6062
1170911000,4,3,240.0,500.0,2,-33.4088,-70.5671
631153060,4,2,400.0,560.0,4,-33.2773,-70.6106
694005000,4,4,178.0,300.0,0,-33.2773,-70.6106
323869000,3,3,140.0,600.0,0,-33.6167,-70.5667
135000000,3,3,84.0,121.0,2,-33.5167,-70.7667
88000000,3,2,80.0,94.0,1,-33.5167,-70.7667
177950000,3,2,91.0,175.0,2,-33.5167,-70.6389
494701000,4,3,146.0,300.0,0,-33.435,-70.615
601471000,4,3,192.0,594.0,8,-33.2773,-70.6106
326217940,7,2,200.0,475.0,0,-33.2468,-70.625
72999000,3,1,62.0,80.0,1,-33.3667,-70.7333
149000000,10,4,160.0,154.0,0,-33.4624,-70.6491
125000000,3,1,80.0,150.0,0,-33.6167,-70.5667
227847180,4,2,140.0,364.0,0,-33.5167,-70.6333
528511500,4,5,210.0,460.0,2,-33.4833,-70.55
124565000,4,2,131.0,146.0,2,-33.4975,-70.6287
38500000,3,2,80.0,80.0,0,-33.6167,-70.5667
79000000,2,1,87.0,76.0,0,-33.4975,-70.6287
177950000,5,2,120.0,90.0,2,-33.2468,-70.625
80000000,2,1,85.0,79.0,0,-33.582,-70.692
120000000,4,2,75.0,80.0,0,-33.4264,-70.6996
580117000,4,4,244.0,489.0,0,-33.2773,-70.6106
160155000,4,2,130.0,200.0,0,-33.4264,-70.6996
255892100,3,1,117.0,328.0,4,-33.4766,-70.6062
284364100,3,2,330.0,330.0,3,-33.5167,-70.6333
804334000,4,4,100.0,250.0,4,-33.1829,-70.6747
132000000,3,1,95.0,150.0,1,-33.5167,-70.7667
88975000,3,2,70.0,70.0,1,-33.4766,-70.6062
78000000,5,1,93.0,100.0,0,-33.4333,-70.7167
100000000,6,2,90.0,128.0,3,-33.4034,-70.7213
70000000,3,1,54.0,54.0,1,-33.4034,-70.7213
70000000,3,1,90.0,147.0,0,-33.4667,-70.6667
427080000,4,2,200.0,500.0,1,-33.5007,-70.6514
1352420000,5,4,392.0,962.0,3,-33.35,-70.6
177950000,3,2,65.0,145.0,2,-33.3667,-70.7333
63500000,2,2,85.0,160.0,0,-33.4333,-70.7167
87000000,3,2,70.0,85.0,1,-33.6167,-70.5667
75000000,3,1,85.0,90.0,0,-33.519,-70.629
55164500,2,1,35.0,112.0,0,-33.7843,-70.7217
373695000,4,3,120.0,650.0,6,-33.582,-70.692
64062000,3,1,50.0,70.0,1,-33.4034,-70.7213
708241000,5,5,207.0,400.0,3,-33.443,-70.532
238453000,4,2,115.0,270.0,0,-33.4333,-70.7167
391134100,4,3,130.0,351.0,2,-33.5167,-70.6389
138000000,3,3,96.0,121.0,1,-33.5167,-70.7667
110000000,3,1,89.0,120.0,1,-33.5167,-70.6389
198948100,3,3,100.0,140.0,2,-33.3641,-70.6134
185068000,3,2,90.0,98.0,1,-33.4766,-70.6062
131683000,3,2,68.0,98.0,2,-33.582,-70.692
533494100,4,2,160.0,200.0,1,-33.4088,-70.5671
250909500,5,3,154.0,175.0,1,-33.3667,-70.7333
230000000,4,2,190.0,270.0,0,-33.5167,-70.6389
306074000,4,4,140.0,250.0,2,-33.3641,-70.6134
78000000,3,1,80.0,90.0,0,-33.6167,-70.5667
224217000,4,3,122.0,316.0,0,-33.727,-70.7046
195745000,4,3,143.0,176.0,3,-33.5167,-70.7667
853804100,6,4,228.0,812.0,3,-33.4088,-70.5671
497904100,7,4,192.0,418.0,3,-33.3641,-70.6134
179900000,4,2,100.0,130.0,3,-33.3667,-70.7333
159000000,3,3,134.0,248.0,2,-33.5167,-70.6333
189160850,3,3,95.0,210.0,2,-33.727,-70.7046
355900000,3,2,160.0,400.0,2,-33.1829,-70.6747
68000000,4,1,80.0,70.0,1,-33.5167,-70.7667
85000000,4,1,100.0,150.0,3,-33.4667,-70.6667
220000000,5,3,140.0,260.0,0,-33.4833,-70.55
355900000,5,4,149.0,450.0,3,-33.5167,-70.6389
170832000,5,2,168.0,206.0,2,-33.4667,-70.6667
630000000,3,5,350.0,270.0,0,-33.435,-70.615
50000000,3,1,33.0,60.0,1,-33.349,-70.6383
182000000,3,2,175.0,175.0,3,-33.6167,-70.5667
672651000,5,5,240.0,680.0,2,-33.35,-70.6
115000000,2,1,100.0,315.0,3,-33.5007,-70.6514
130615300,2,1,47.0,170.0,3,-33.5167,-70.7667
172000000,3,3,100.0,176.0,0,-33.5167,-70.6389
227420100,4,3,130.0,130.0,2,-33.1829,-70.6747
63800000,3,1,60.0,90.0,1,-33.6167,-70.5667
204642500,4,4,125.0,180.0,0,-33.5167,-70.7667
141363480,3,1,135.0,135.0,0,-33.4766,-70.6062
202863000,3,2,80.0,190.0,0,-33.727,-70.7046
181509000,3,3,98.0,98.0,2,-33.1829,-70.6747
210000000,5,1,106.0,480.0,3,-33.5167,-70.6389
135242000,4,2,84.0,84.0,1,-33.1829,-70.6747
213540000,4,4,200.0,200.0,0,-33.3864,-71.1369
165000000,4,3,110.0,146.0,2,-33.6167,-70.5667
160155000,3,3,99.0,112.0,1,-33.5167,-70.6389
295000000,4,3,140.0,223.0,2,-33.5167,-70.6389
288279000,4,3,120.0,234.0,2,-33.5167,-70.6389
159265250,3,3,80.0,123.0,2,-33.5985,-70.8734
60000000,3,2,100.0,200.0,0,-33.1829,-70.6747
150000000,3,3,161.0,174.0,0,-33.4274,-70.4843
53000000,3,1,53.0,60.0,1,-33.6167,-70.5667
622825000,4,3,190.0,300.0,3,-33.4088,-70.5671
498260000,6,5,165.0,550.0,4,-33.1829,-70.6747
444875000,3,4,179.0,297.0,1,-33.4833,-70.55
170832000,3,3,105.0,182.0,0,-33.1829,-70.6747
271516110,5,2,151.0,166.0,1,-33.5167,-70.6389
110329000,3,2,73.0,157.0,2,-33.5167,-70.7667
180000000,3,2,91.0,115.0,0,-33.5167,-70.7667
155000000,2,2,239.0,239.0,2,-33.6167,-70.5667
83000000,6,2,133.0,138.0,2,-33.2833,-70.8778
77000000,4,2,50.0,80.0,1,-33.6167,-70.5667
81928180,2,2,80.0,90.0,1,-33.5167,-70.7667
658059100,2,3,202.0,580.0,2,-33.1829,-70.6747
78000000,3,1,69.0,100.0,1,-33.3667,-70.7333
52000000,3,1,80.0,80.0,1,-33.1829,-70.6747
142800000,4,3,119.0,119.0,1,-33.2833,-70.8778
57500000,2,1,39.0,155.0,1,-33.2642,-70.715
260981470,3,3,146.0,361.0,4,-33.5667,-70.7167
710732300,6,4,320.0,620.0,4,-33.4088,-70.5671
782980000,5,3,225.0,610.0,0,-33.35,-70.6
64000000,4,2,142.0,98.0,2,-33.727,-70.7046
97160700,3,1,98.0,75.0,0,-33.4624,-70.6491
1085495000,8,3,365.0,680.0,0,-33.3867,-70.5688
131683000,3,2,76.0,76.0,1,-33.1829,-70.6747
817181990,12,5,477.0,578.0,2,-33.4624,-70.6491
119000000,4,1,90.0,387.0,3,-33.66,-70.55
471567500,4,4,150.0,480.0,2,-33.4833,-70.55
155000000,4,3,115.0,115.0,2,-33.6167,-70.5667
164781700,3,1,147.0,300.0,1,-33.4264,-70.6996
160000000,5,1,147.0,180.0,0,-33.1829,-70.6747
121041590,4,2,94.0,105.0,0,-33.3641,-70.6134
55000000,3,2,72.0,100.0,2,-33.5985,-70.8734
180000000,3,3,115.0,130.0,2,-33.5167,-70.7667
58000000,3,1,65.0,70.0,2,-33.6167,-70.5667
82000000,4,2,114.0,70.0,1,-33.422,-70.72
534490620,4,2,472.0,472.0,0,-33.4833,-70.55
290058500,4,3,118.0,169.0,2,-33.3641,-70.6134
85000000,2,1,180.0,180.0,0,-33.5167,-70.6389
105000000,3,2,90.0,200.0,2,-33.688,-71.2113
75000000,3,1,70.0,90.0,0,-33.6167,-70.5667
160000000,3,1,90.0,360.0,0,-33.4624,-70.6491
96000000,3,2,56.0,56.0,0,-33.1829,-70.6747
92534000,4,2,65.0,90.0,1,-33.3667,-70.7333
110329000,3,2,78.0,94.0,0,-33.4975,-70.6287
145919000,3,1,82.0,160.0,1,-33.5167,-70.7667
466229000,5,4,270.0,270.0,0,-33.1829,-70.6747
300000000,3,2,288.0,288.0,1,-33.4624,-70.6491
210000000,5,3,140.0,100.0,1,-33.5167,-70.7667
253000000,3,3,123.0,200.0,3,-33.5167,-70.7667
81000000,3,2,55.0,80.0,2,-33.6167,-70.5667
137000000,2,1,90.0,500.0,3,-33.7509,-70.8983
115000000,3,2,144.0,500.0,2,-33.66,-70.55
238000000,3,1,70.0,268.0,2,-33.2773,-70.6106
795436500,7,3,250.0,450.0,4,-33.435,-70.615
85000000,5,2,105.0,113.0,3,-33.6167,-70.5667
160000000,2,1,61.0,200.0,3,-33.45,-70.7
83000000,4,2,70.0,70.0,1,-33.6167,-70.5667
69000000,4,2,200.0,160.0,2,-33.519,-70.629
155000000,4,2,105.0,180.0,0,-33.6167,-70.5667
297176500,5,3,180.0,294.0,4,-33.5167,-70.7667
131683000,3,2,76.0,76.0,1,-33.1829,-70.6747
245571000,4,2,90.0,305.0,2,-33.1829,-70.6747
341664000,3,2,144.0,400.0,0,-33.582,-70.692
87000000,3,1,73.0,78.0,1,-33.6167,-70.5667
70000000,5,1,79.0,37.0,0,-33.6167,-70.5667
672651000,4,4,300.0,350.0,0,-33.1829,-70.6747
689378300,3,4,502.0,725.0,0,-33.5985,-70.8734
97516600,2,2,67.0,130.0,1,-33.4667,-70.6667
100000000,3,1,51.0,130.0,2,-33.2833,-70.8778
183000000,3,4,90.0,234.0,0,-33.5167,-70.7667
65000000,3,1,64.0,78.0,0,-33.472,-70.683
75000000,2,2,45.0,45.0,0,-33.4624,-70.6491
462670000,3,3,110.0,224.0,2,-33.3867,-70.5688
98000000,4,2,120.0,145.0,1,-33.2833,-70.8778
765185000,7,5,614.0,614.0,0,-33.4624,-70.6491
170832000,3,3,105.0,182.0,2,-33.1829,-70.6747
157378980,3,3,90.0,160.0,1,-33.5167,-70.7667
533850000,5,4,180.0,320.0,3,-33.35,-70.6
382592500,4,1,114.0,114.0,0,-33.5167,-70.6389
185068000,3,3,93.0,93.0,0,-33.1829,-70.6747
200000000,5,3,200.0,260.0,5,-33.6167,-70.5667
352341000,3,3,184.0,184.0,0,-33.2833,-70.8778
74000000,3,1,60.0,68.0,0,-33.4833,-70.55
489362500,7,4,216.0,326.0,2,-33.4088,-70.5671
596132500,4,3,140.0,300.0,2,-33.35,-70.6
100000000,4,2,125.0,75.0,1,-33.6167,-70.5667
58000000,2,1,40.0,78.0,2,-33.6167,-70.5667
133000000,3,3,63.0,63.0,0,-33.4034,-70.7213
508937000,6,5,207.0,468.0,2,-33.1829,-70.6747
295397000,5,3,160.0,300.0,4,-33.5167,-70.7667
516055000,5,4,151.0,400.0,0,-33.4624,-70.6491
73742480,3,1,78.0,66.0,1,-33.5167,-70.6389
160155000,4,1,100.0,240.0,2,-33.5167,-70.7667
425656400,5,3,170.0,400.0,3,-33.4833,-70.55
95000000,3,1,70.0,81.0,1,-33.4667,-70.6667
363018000,3,3,139.0,368.0,4,-33.1829,-70.6747
95000000,3,1,98.0,75.0,0,-33.4624,-70.6491
75000000,3,2,51.0,72.0,1,-33.5719,-70.8068
92534000,3,1,36.0,48.0,0,-33.4037,-70.64
925340000,5,3,286.0,850.0,5,-33.35,-70.6
676210000,5,4,689.0,689.0,10,-33.2468,-70.625
85000000,3,1,77.0,86.0,2,-33.6167,-70.5667
889750000,5,5,703.0,703.0,4,-33.35,-70.6
120000000,3,2,67.0,133.0,2,-33.2833,-70.8778
569440000,13,4,320.0,520.0,0,-33.4624,-70.6491
98299580,3,2,60.0,110.0,0,-33.5167,-70.6389
70000000,3,1,50.0,85.0,1,-33.727,-70.7046
60000000,2,1,45.0,45.0,0,-33.5167,-70.6389
161934500,4,2,95.0,115.0,3,-33.5167,-70.7667
491142000,4,4,180.0,216.0,2,-33.35,-70.6
138000000,3,2,75.0,200.0,5,-33.6167,-70.5667
67500000,3,1,90.0,147.0,0,-33.4667,-70.6667
125000000,3,2,105.0,105.0,1,-33.3864,-71.1369
811452000,6,5,216.0,448.0,3,-33.4088,-70.5671
149478000,3,3,90.0,90.0,0,-33.1829,-70.6747
71180000,2,1,60.0,60.0,1,-33.6167,-70.5667
150332160,5,2,160.0,204.0,4,-33.519,-70.629
108015650,4,2,64.0,100.0,1,-33.5167,-70.6389
1014315000,4,3,257.0,257.0,3,-33.35,-70.6
155000000,3,3,86.0,132.0,0,-33.5167,-70.7667
113888000,3,1,95.0,162.0,0,-33.422,-70.72
120000000,2,1,88.0,295.0,0,-33.1829,-70.6747
130000000,3,1,110.0,120.0,1,-33.4333,-70.7167
150000000,5,2,131.0,172.0,1,-33.4333,-70.7167
178000000,5,2,200.0,200.0,2,-33.5167,-70.6389
83000000,3,2,95.0,110.0,1,-33.727,-70.7046
112108500,3,2,67.0,89.0,1,-33.6167,-70.5667
64000000,4,2,142.0,98.0,2,-33.727,-70.7046
250000000,6,2,170.0,189.0,0,-33.4037,-70.64
231000000,4,3,116.0,173.0,1,-33.5167,-70.6389
622825000,4,3,120.0,400.0,6,-33.4088,-70.5671
320000000,7,2,180.0,396.0,0,-33.5007,-70.6514
138801000,3,1,93.0,223.0,2,-33.582,-70.692
207062620,5,2,140.0,650.0,4,-33.7509,-70.8983
220302100,3,3,128.0,300.0,2,-33.1829,-70.6747
55000000,3,1,42.0,60.0,1,-33.582,-70.692
155000000,7,2,105.0,210.0,3,-33.6167,-70.5667
95000000,3,2,101.0,101.0,1,-33.6167,-70.5667
150000000,3,3,90.0,165.0,3,-33.6167,-70.5667
98000000,4,2,100.0,100.0,2,-33.4624,-70.6491
268000000,2,1,403.0,403.0,3,-33.5167,-70.6389
318530500,3,2,110.0,500.0,2,-33.4333,-70.7167
185068000,3,3,90.0,90.0,1,-33.1829,-70.6747
82782340,2,1,60.0,120.0,1,-33.727,-70.7046
284720000,3,3,92.0,202.0,1,-33.1829,-70.6747
266925000,5,3,139.0,200.0,2,-33.5167,-70.6389
128000000,3,2,115.0,70.0,3,-33.5167,-70.7667
208201500,3,3,112.0,150.0,6,-33.1829,-70.6747
78298000,2,1,50.0,72.0,1,-33.582,-70.692
163714000,4,1,65.0,199.0,2,-33.5167,-70.7667
1601550000,4,4,380.0,500.0,3,-33.4088,-70.5671
332766500,4,4,150.0,326.0,2,-33.4833,-70.55
98000000,3,1,70.0,130.0,1,-33.5167,-70.7667
240000000,3,2,120.0,390.0,4,-33.5007,-70.6514
797216000,5,4,240.0,320.0,0,-33.435,-70.615
230000000,4,2,200.0,504.0,0,-33.4034,-70.7213
587235000,4,3,167.0,470.0,3,-33.4088,-70.5671
121006000,2,2,52.0,52.0,0,-33.4624,-70.6491
161151520,5,2,130.0,130.0,0,-33.5167,-70.7667
97000000,2,1,49.0,127.0,2,-33.4333,-70.7167
200000000,4,1,120.0,303.0,1,-33.688,-71.2113
140000000,3,3,118.0,94.0,1,-33.6167,-70.5667
249130000,4,2,112.0,200.0,2,-33.6167,-70.5667
135000000,7,3,145.0,110.0,1,-33.5167,-70.7667
80000000,2,1,40.0,97.0,2,-33.5167,-70.7667
130000000,4,1,112.0,168.0,2,-33.5167,-70.7667
195000000,5,2,110.0,123.0,0,-33.6167,-70.5667
96093000,4,1,72.0,98.0,0,-33.6167,-70.5667
1167352000,6,5,300.0,870.0,3,-33.4088,-70.5671
238097100,3,3,121.0,248.0,1,-33.5167,-70.6389
55000000,4,1,58.0,72.0,0,-33.727,-70.7046
676210000,5,4,689.0,689.0,10,-33.2468,-70.625
231335000,3,3,138.0,198.0,1,-33.6167,-70.5667
140000000,3,1,156.0,304.0,0,-33.45,-70.7
238453000,4,4,121.0,203.0,1,-33.5167,-70.6389
70000000,3,1,70.0,84.0,0,-33.6167,-70.5667
220000000,5,2,300.0,413.0,0,-33.2468,-70.625
100000000,7,3,154.0,210.0,0,-33.4034,-70.7213
155000000,3,2,82.0,116.0,2,-33.5167,-70.7667
65000000,2,1,65.0,144.0,1,-33.5167,-70.6389
75000000,2,1,59.0,100.0,2,-33.6167,-70.5667
815011000,6,4,180.0,464.0,2,-33.3867,-70.5688
299311900,5,3,109.0,286.0,4,-33.5167,-70.7667
95000000,3,2,70.0,128.0,0,-33.4766,-70.6062
125000000,3,3,100.0,85.0,1,-33.6167,-70.5667
175900000,4,3,120.0,170.0,2,-33.6167,-70.5667
150000000,4,3,100.0,150.0,2,-33.5167,-70.7667
459111000,4,2,220.0,162.0,2,-33.3867,-70.5688
125000000,3,2,71.0,132.0,1,-33.5167,-70.6389
156596000,3,2,80.0,190.0,3,-33.5167,-70.7667
541323900,3,2,103.0,264.0,3,-33.3867,-70.5688
60000000,2,1,55.0,55.0,2,-33.1829,-70.6747
141577020,3,2,70.0,146.0,1,-33.5167,-70.7667
163358100,3,2,75.0,78.0,1,-33.4624,-70.6491
565881000,4,4,247.0,360.0,0,-33.1829,-70.6747
498260000,4,3,200.0,312.0,2,-33.3867,-70.5688
658415000,5,4,195.0,300.0,3,-33.2773,-70.6106
135000000,3,2,104.0,190.0,2,-33.4034,-70.7213
587235000,5,3,280.0,280.0,1,-33.1829,-70.6747
130000000,2,2,61.0,120.0,2,-33.5167,-70.7667
90000000,2,1,107.0,100.0,1,-33.5167,-70.7667
565881000,3,3,220.0,220.0,2,-33.1829,-70.6747
110000000,3,1,87.0,110.0,2,-33.6167,-70.5667
288279000,6,3,188.0,336.0,2,-33.5167,-70.6333
165493500,3,3,81.0,100.0,2,-33.1829,-70.6747
146452850,3,1,56.0,230.0,2,-33.5167,-70.6389
65000000,3,2,81.0,108.0,0,-33.582,-70.692
466229000,5,6,220.0,631.0,4,-33.5167,-70.6389
198236300,3,2,300.0,300.0,0,-33.0833,-70.9167
240232500,4,3,143.0,190.0,3,-33.4833,-70.55
87000000,3,1,63.0,69.0,0,-33.4833,-70.55
147698500,4,2,80.0,125.0,2,-33.3667,-70.7333
284720000,4,3,140.0,140.0,2,-33.1829,-70.6747
622825000,5,4,340.0,340.0,0,-33.1829,-70.6747
316751000,5,3,200.0,260.0,1,-33.4833,-70.55
1170911000,6,7,418.0,318.0,4,-33.4088,-70.5671
103922800,3,1,98.0,75.0,0,-33.4624,-70.6491
399000000,1,1,572.0,572.0,0,-33.45,-70.7
423521000,2,2,110.0,320.0,0,-33.3867,-70.5688
45000000,3,2,44.0,44.0,1,-33.2833,-70.8778
160155000,3,1,46.0,168.0,3,-33.5167,-70.7667
188627000,4,2,90.0,120.0,1,-33.4766,-70.6062
100000000,2,1,70.0,224.0,0,-33.472,-70.683
169052500,3,2,120.0,196.0,3,-33.452,-70.723
65000000,3,2,48.0,60.0,2,-33.6167,-70.5667
75000000,3,1,71.0,162.0,0,-33.5719,-70.8068
551645000,5,5,162.0,565.0,2,-33.4833,-70.55
71000000,2,1,56.0,80.0,1,-33.6167,-70.5667
133000000,3,2,82.0,122.0,1,-33.4034,-70.7213
199304000,3,3,112.0,112.0,0,-33.1829,-70.6747
294329300,5,3,290.0,290.0,0,-33.3864,-71.1369
125000000,4,2,93.0,136.0,4,-33.6167,-70.5667
76000000,4,1,60.0,80.0,1,-33.5167,-70.7667
95000000,3,1,51.0,130.0,2,-33.2833,-70.8778
408929100,4,3,126.0,126.0,2,-33.1829,-70.6747
747390000,4,4,200.0,400.0,3,-33.3867,-70.5688
55000000,2,1,60.0,60.0,1,-33.6167,-70.5667
338105000,3,3,130.0,363.0,2,-33.5167,-70.6389
294329300,5,3,290.0,290.0,0,-33.3864,-71.1369
122358420,3,1,80.0,171.0,1,-33.368,-70.642
69000000,3,1,53.0,62.0,0,-33.5167,-70.7667
836365000,4,3,245.0,416.0,3,-33.4088,-70.5671
637061000,4,3,193.0,210.0,2,-33.4088,-70.5671
37000000,2,1,42.0,42.0,2,-33.582,-70.692
90000000,5,2,60.0,85.0,1,-33.4667,-70.6667
147698500,3,3,98.0,98.0,1,-33.1829,-70.6747
1200000000,10,3,280.0,362.0,0,-33.435,-70.615
129903500,4,2,109.0,110.0,2,-33.6167,-70.5667
175885780,3,1,100.0,710.0,5,-33.7509,-70.8983
711800000,5,4,236.0,450.0,2,-33.35,-70.6
391490000,3,3,139.0,412.0,2,-33.1829,-70.6747
120000000,3,2,150.0,162.0,0,-33.4975,-70.6287
85000000,4,1,79.0,89.0,0,-33.4333,-70.7167
130000000,2,1,58.0,200.0,0,-33.4766,-70.6062
248774100,3,2,116.0,180.0,2,-33.3641,-70.6134
266925000,3,2,47.0,390.0,0,-33.5167,-70.7667
150000000,3,1,60.0,144.0,1,-33.5167,-70.6389
95000000,3,1,98.0,75.0,0,-33.4624,-70.6491
47000000,4,1,60.0,80.0,0,-33.688,-71.2113
185068000,3,2,72.0,72.0,1,-33.1829,-70.6747
135000000,2,1,72.0,185.0,2,-33.4034,-70.7213
500000000,3,2,80.0,995.0,0,-33.5167,-70.6389
182000000,3,2,88.0,88.0,1,-33.4833,-70.55
120000000,2,1,88.0,295.0,0,-33.1829,-70.6747
170000000,4,3,150.0,200.0,2,-33.5007,-70.6514
480465000,4,4,140.0,495.0,3,-33.4624,-70.6491
135000000,8,3,342.0,533.0,3,-33.582,-70.692
122963450,3,3,98.0,98.0,1,-33.3667,-70.7333
159372020,3,2,165.0,180.0,2,-33.4667,-70.6667
144139500,3,2,73.0,73.0,2,-33.1829,-70.6747
711444100,4,3,164.0,164.0,2,-33.4088,-70.5671
125810650,4,2,87.0,171.0,2,-33.4766,-70.6062
224181410,6,3,162.0,184.0,0,-33.5167,-70.6389
953812000,6,4,320.0,735.0,3,-33.35,-70.6
160000000,3,3,90.0,159.0,1,-33.5167,-70.7667
85700720,3,1,74.0,125.0,1,-33.4624,-70.6491
295397000,3,3,105.0,280.0,0,-33.5167,-70.6389
101075600,3,2,66.0,90.0,1,-33.5167,-70.7667
551645000,4,4,196.0,240.0,8,-33.443,-70.532
95000000,4,1,180.0,180.0,2,-33.519,-70.629
160000000,4,2,134.0,102.0,0,-33.4624,-70.6491
57000000,2,1,50.0,50.0,1,-33.4624,-70.6491
491142000,4,4,184.0,431.0,2,-33.1829,-70.6747
57000000,3,1,60.0,60.0,0,-33.4624,-70.6491
408929100,4,4,140.0,460.0,5,-33.1829,-70.6747
158000000,3,2,99.0,267.0,3,-33.5167,-70.7667
853804100,5,4,240.0,600.0,3,-33.443,-70.532
158000000,3,2,99.0,267.0,3,-33.5167,-70.7667
183288500,3,2,96.0,371.0,0,-33.452,-70.723
170832000,3,3,105.0,182.0,2,-33.1829,-70.6747
110329000,3,2,70.0,110.0,2,-33.4264,-70.6996
2131841000,6,4,692.0,692.0,7,-33.35,-70.6
391490000,3,3,121.0,252.0,4,-33.2773,-70.6106
115311600,3,3,70.0,140.0,2,-33.727,-70.7046
150000000,4,3,60.0,146.0,2,-33.6167,-70.5667
319954100,5,3,114.0,251.0,2,-33.35,-70.6
85000000,3,2,79.0,74.0,1,-33.6167,-70.5667
167273000,4,3,110.0,170.0,1,-33.1829,-70.6747
409285000,5,4,180.0,490.0,2,-33.4833,-70.55
848963860,7,7,350.0,305.0,5,-33.435,-70.615
170000000,3,1,49.0,144.0,3,-33.5167,-70.7667
213540000,3,3,113.0,130.0,2,-33.1829,-70.6747
135000000,5,2,163.0,110.0,0,-33.4975,-70.6287
180000000,9,2,217.0,217.0,0,-33.2468,-70.625
122785500,2,2,90.0,140.0,1,-33.4037,-70.64
320310000,3,3,152.0,325.0,0,-33.1829,-70.6747
129000000,3,3,66.0,141.0,2,-33.5167,-70.7667
622825000,6,4,256.0,585.0,5,-33.2773,-70.6106
85000000,3,1,90.0,120.0,1,-33.4624,-70.6491
56000000,2,1,56.0,90.0,1,-33.6167,-70.5667
156240100,3,3,107.0,143.0,2,-33.5167,-70.7667
444875000,4,3,140.0,459.0,0,-33.1829,-70.6747
186847500,3,2,86.0,86.0,2,-33.5167,-70.6389
213540000,5,3,143.0,148.0,0,-33.452,-70.723
355900000,5,4,168.0,440.0,4,-33.4264,-70.6996
135000000,4,1,81.0,180.0,2,-33.4975,-70.6287
1031754100,5,5,270.0,538.0,3,-33.4088,-70.5671
115000000,4,2,128.0,234.0,0,-33.472,-70.683
597912000,5,4,140.0,488.0,0,-33.4088,-70.5671
156596000,3,2,77.0,137.0,0,-33.3667,-70.7333
491142000,3,3,170.0,735.0,0,-33.1829,-70.6747
170000000,3,2,80.0,500.0,0,-33.5167,-70.6389
615707000,3,3,310.0,820.0,2,-33.1829,-70.6747
459111000,3,3,140.0,514.0,0,-33.1829,-70.6747
87000000,4,2,100.0,80.0,2,-33.3667,-70.7333
108000000,8,2,147.0,175.0,1,-33.4975,-70.6287
622825000,3,3,180.0,300.0,4,-33.4088,-70.5671
213540000,3,3,130.0,280.0,4,-33.1829,-70.6747
180000000,4,3,100.0,270.0,3,-33.2642,-70.715
59000000,3,2,89.0,78.0,0,-33.5985,-70.8734
63000000,3,1,36.0,80.0,1,-33.6936,-71.0118
65000000,3,1,70.0,128.0,0,-33.422,-70.72
68000000,3,1,76.0,76.0,2,-33.5167,-70.6389
66000000,3,2,54.0,78.0,0,-33.2833,-70.8778
90000000,3,2,100.0,150.0,0,-33.5167,-70.6389
195000000,3,2,130.0,180.0,0,-33.3667,-70.7333
74000000,3,1,68.0,80.0,1,-33.6167,-70.5667
61000000,3,1,75.0,90.0,0,-33.2833,-70.8778
84000000,2,2,70.0,80.0,2,-33.4333,-70.7167
100000000,6,2,103.0,163.0,0,-33.5667,-70.7167
146630800,3,2,90.0,142.0,1,-33.6167,-70.5667
93000000,3,1,90.0,135.0,0,-33.6167,-70.5667
120000000,3,3,100.0,122.0,0,-33.3667,-70.7333
1423600000,4,3,356.0,356.0,10,-33.4088,-70.5671
338105000,5,2,98.0,128.0,1,-33.4088,-70.5671
122500000,5,2,98.0,140.0,0,-33.6167,-70.5667
140000000,5,4,200.0,250.0,1,-33.5167,-70.7667
140000000,3,3,80.0,120.0,0,-33.4034,-70.7213
180000000,3,2,137.0,137.0,0,-33.6167,-70.5667
130000000,3,1,214.0,100.0,2,-33.5167,-70.7667
130000000,3,3,66.0,141.0,0,-33.5167,-70.7667
124000000,3,1,80.0,122.0,0,-33.45,-70.7
115000000,3,1,100.0,113.0,2,-33.5167,-70.7667
165000000,3,2,180.0,180.0,0,-33.5167,-70.7667
143000000,3,1,180.0,285.0,1,-33.45,-70.7
600000000,4,3,602.0,602.0,1,-33.4766,-70.6062
240232500,3,2,148.0,190.0,0,-33.4833,-70.55
263366000,3,3,157.0,463.0,6,-33.582,-70.692
266925000,4,3,109.0,70.0,1,-33.2773,-70.6106
637061000,5,5,210.0,319.0,3,-33.4088,-70.5671
143071800,7,2,127.0,100.0,0,-33.6167,-70.5667
142360000,3,2,62.0,62.0,3,-33.1829,-70.6747
288279000,3,2,117.0,290.0,0,-33.4766,-70.6062
996520000,4,5,250.0,625.0,5,-33.4088,-70.5671
274043000,4,3,129.0,263.0,2,-33.3641,-70.6134
180000000,4,3,120.0,209.0,4,-33.5167,-70.6389
604674100,14,4,257.0,447.0,2,-33.4088,-70.5671
569440000,4,4,173.0,366.0,10,-33.2773,-70.6106
476906000,4,3,240.0,900.0,3,-33.4833,-70.55
120000000,4,2,74.0,87.0,1,-33.3667,-70.7333
68000000,3,1,80.0,100.0,1,-33.6167,-70.5667
115000000,2,2,97.0,128.0,0,-33.5167,-70.7667
850000000,4,3,120.0,490.0,2,-33.3867,-70.5688
85000000,3,1,100.0,120.0,1,-33.349,-70.6383
345223000,5,4,152.0,315.0,2,-33.5167,-70.6389
141648200,2,2,72.0,192.0,5,-33.3667,-70.7333
150000000,3,1,120.0,250.0,2,-33.2773,-70.6106
782980000,5,4,300.0,600.0,4,-33.2773,-70.6106
782980000,4,3,172.0,407.0,1,-33.435,-70.615
110329000,3,1,51.0,126.0,1,-33.3667,-70.7333
153037000,4,3,89.0,149.0,0,-33.6167,-70.5667
185000000,3,2,90.0,220.0,1,-33.2773,-70.6106
184712100,3,2,78.0,190.0,0,-33.4833,-70.55
505378000,5,4,139.0,530.0,5,-33.4833,-70.55
302159100,3,3,105.0,300.0,2,-33.5167,-70.6389
88000000,2,1,70.0,92.0,1,-33.5719,-70.8068
330987000,3,3,108.0,340.0,2,-33.5167,-70.6389
57000000,3,2,50.0,80.0,1,-33.6167,-70.5667
170725230,4,3,109.0,153.0,1,-33.6167,-70.5667
125561520,3,1,79.0,139.0,2,-33.5007,-70.6514
90000000,3,1,100.0,80.0,1,-33.6167,-70.5667
530291000,3,3,188.0,449.0,0,-33.1829,-70.6747
533850000,4,1,176.0,297.0,0,-33.5007,-70.6514
1064141000,4,5,253.0,754.0,4,-33.443,-70.532
165000000,3,2,77.0,200.0,1,-33.5167,-70.6389
675854100,6,5,234.0,603.0,2,-33.35,-70.6
95000000,3,1,87.0,100.0,1,-33.349,-70.6383
160000000,3,1,60.0,160.0,2,-33.4088,-70.5671
85000000,6,3,160.0,250.0,1,-33.2833,-70.8778
419962000,3,2,140.0,230.0,2,-33.2773,-70.6106
80000000,3,2,60.0,120.0,1,-33.3667,-70.7333
110000000,2,1,56.0,90.0,1,-33.582,-70.692
85000000,3,1,80.0,100.0,1,-33.5167,-70.6389
78000000,2,2,80.0,100.0,1,-33.6167,-70.5667
100000000,4,2,85.0,90.0,1,-33.368,-70.642
166917100,3,3,77.0,136.0,2,-33.5719,-70.8068
200000000,6,3,300.0,500.0,3,-33.5667,-70.7167
444875000,3,3,163.0,377.0,0,-33.1829,-70.6747
551645000,4,4,196.0,282.0,4,-33.443,-70.532
230979100,3,3,102.0,298.0,2,-33.1829,-70.6747
275822500,3,3,106.0,244.0,0,-33.3641,-70.6134
200000000,2,1,40.0,160.0,0,-33.4088,-70.5671
818570000,5,4,314.0,568.0,5,-33.4088,-70.5671
512496000,3,4,151.0,384.0,2,-33.1829,-70.6747
530291000,3,3,150.0,530.0,2,-33.1829,-70.6747
58000000,4,2,80.0,100.0,1,-33.6167,-70.5667
1014315000,5,4,290.0,790.0,4,-33.4088,-70.5671
57000000,3,1,84.0,68.0,1,-33.1829,-70.6747
200000000,4,1,110.0,180.0,1,-33.4088,-70.5671
519614000,4,3,153.0,550.0,0,-33.1829,-70.6747
113888000,3,1,60.0,162.0,1,-33.6167,-70.5667
62000000,2,1,42.0,57.0,1,-33.6167,-70.5667
462314100,3,3,140.0,404.0,2,-33.1829,-70.6747
267458850,6,3,325.0,500.0,0,-33.5167,-70.6333
335000000,4,2,108.0,106.0,1,-33.2773,-70.6106
615707000,5,3,182.0,439.0,0,-33.1829,-70.6747
142000000,4,3,110.0,270.0,1,-33.6167,-70.5667
230000000,7,3,140.0,160.0,2,-33.35,-70.6
181509000,3,3,106.0,195.0,2,-33.4034,-70.7213
126344500,3,2,64.0,125.0,0,-33.5167,-70.7667
480465000,4,3,164.0,460.0,0,-33.1829,-70.6747
65000000,4,2,74.0,87.0,1,-33.2833,-70.8778
165000000,3,1,65.0,160.0,2,-33.4088,-70.5671
782980000,5,4,240.0,350.0,2,-33.4088,-70.5671
800775000,4,4,250.0,700.0,4,-33.4088,-70.5671
579049300,3,4,191.0,491.0,0,-33.1829,-70.6747
524952500,3,4,160.0,541.0,3,-33.1829,-70.6747
53000000,2,1,58.0,69.0,0,-33.519,-70.629
483668100,3,3,170.0,750.0,0,-33.1829,-70.6747
186000000,4,3,140.0,335.0,0,-33.4766,-70.6062
240000000,9,5,500.0,330.0,2,-33.5007,-70.6514
480109100,3,3,160.0,292.0,3,-33.4088,-70.5671
430000000,3,2,120.0,250.0,2,-33.4088,-70.5671
188627000,4,3,140.0,160.0,0,-33.2833,-70.8778
166917100,3,3,77.0,136.0,2,-33.5719,-70.8068
87000000,2,1,85.0,100.0,1,-33.3667,-70.7333
93000000,4,2,117.0,89.0,2,-33.6167,-70.5667
497904100,3,1,90.0,350.0,2,-33.3867,-70.5688
110000000,2,1,80.0,100.0,2,-33.6167,-70.5667
348426100,3,3,140.0,280.0,3,-33.4088,-70.5671
150000000,4,2,93.0,214.0,2,-33.45,-70.7
65000000,2,1,54.0,120.0,2,-33.688,-71.2113
177594100,4,3,110.0,210.0,2,-33.582,-70.692
79000000,2,1,53.0,73.0,1,-33.5167,-70.7667
310000000,3,3,150.0,245.0,0,-33.4833,-70.55
100000000,4,2,135.0,132.0,1,-33.5667,-70.7167
665533000,11,3,275.0,313.0,1,-33.4624,-70.6491
142004100,4,3,109.0,128.0,2,-33.5167,-70.7667
249130000,5,3,233.0,210.0,2,-33.4624,-70.6491
205000000,3,1,75.0,300.0,3,-33.4088,-70.5671
229911400,3,2,87.0,110.0,1,-33.4624,-70.6491
50000000,3,1,60.0,60.0,1,-33.6167,-70.5667
319954100,3,3,110.0,500.0,2,-33.4333,-70.7167
85000000,4,1,75.0,160.0,1,-33.5167,-70.7667
130000000,5,3,80.0,200.0,1,-33.5167,-70.6389
55000000,2,1,56.0,90.0,1,-33.6167,-70.5667
363018000,11,8,400.0,520.0,0,-33.582,-70.692
169000000,3,3,132.0,160.0,2,-33.6167,-70.5667
150000000,3,3,90.0,178.0,2,-33.5167,-70.7667
185068000,3,1,85.0,150.0,1,-33.5167,-70.6389
818570000,3,4,260.0,260.0,6,-33.443,-70.532
110000000,4,3,190.0,200.0,2,-33.349,-70.6383
950253000,7,3,331.0,387.0,4,-33.435,-70.615
658415000,5,4,170.0,370.0,2,-33.4088,-70.5671
150000000,3,3,82.0,120.0,1,-33.6167,-70.5667
181509000,5,3,220.0,280.0,0,-33.4037,-70.64
141577020,3,2,70.0,146.0,1,-33.5167,-70.7667
132501570,4,2,70.0,145.0,2,-33.5167,-70.7667
90000000,4,2,66.0,90.0,1,-33.3667,-70.7333
462314100,3,3,160.0,562.0,0,-33.1829,-70.6747
90000000,3,1,45.0,75.0,0,-33.4333,-70.7167
704682000,4,4,255.0,731.0,5,-33.1829,-70.6747
135242000,3,2,70.0,210.0,2,-33.2833,-70.8778
533850000,4,4,143.0,244.0,2,-33.4088,-70.5671
996520000,4,4,300.0,300.0,3,-33.4088,-70.5671
240000000,3,1,75.0,341.0,0,-33.4088,-70.5671
129903500,3,2,151.0,59.0,2,-33.452,-70.723
185000000,4,5,140.0,306.0,3,-33.0833,-70.9167
129903500,3,3,73.0,160.0,1,-33.5985,-70.8734
177238200,4,2,95.0,109.0,2,-33.4833,-70.55
85000000,4,1,83.0,81.0,0,-33.4667,-70.6667
138000000,3,3,96.0,121.0,1,-33.5167,-70.7667
55000000,3,1,43.0,60.0,1,-33.582,-70.692
145000000,3,3,88.0,120.0,2,-33.3667,-70.7333
145207200,3,2,82.0,121.0,0,-33.452,-70.723
366577000,4,3,114.0,280.0,3,-33.4833,-70.55
95000000,3,1,90.0,105.0,2,-33.3667,-70.7333
83000000,3,1,81.0,120.0,2,-33.2833,-70.8778
502000000,4,3,140.0,300.0,3,-33.3867,-70.5688
1450000,4,3,114.0,280.0,2,-33.4833,-70.55
67500000,3,1,90.0,147.0,0,-33.4667,-70.6667
179017700,3,3,99.0,137.0,1,-33.5167,-70.6389
145919000,3,2,105.0,150.0,2,-33.4333,-70.7167
128000000,3,2,115.0,70.0,3,-33.5167,-70.7667
135000000,2,1,72.0,185.0,2,-33.4034,-70.7213
142360000,4,3,90.0,122.0,2,-33.582,-70.692
190000000,7,3,161.0,184.0,0,-33.4624,-70.6491
854160000,4,3,250.0,950.0,4,-33.35,-70.6
847042000,4,4,260.0,694.0,4,-33.35,-70.6
142360000,3,3,93.0,161.0,1,-33.727,-70.7046
135000000,4,2,160.0,160.0,2,-33.45,-70.7
907545000,6,3,460.0,800.0,4,-33.435,-70.615
205000000,3,1,50.0,200.0,1,-33.4088,-70.5671
184900000,3,1,81.0,95.0,1,-33.2773,-70.6106
747034100,6,5,265.0,480.0,5,-33.4088,-70.5671
576558000,3,3,175.0,500.0,2,-33.1829,-70.6747
190000000,3,3,140.0,165.0,1,-33.5167,-70.7667
65000000,3,1,70.0,80.0,1,-33.349,-70.6383
130000000,3,2,125.0,455.0,1,-33.7843,-70.7217
105239630,3,2,90.0,100.0,1,-33.6167,-70.5667
3171,3,1,60.0,60.0,1,-33.5167,-70.7667
266925000,3,1,88.0,278.0,3,-33.5167,-70.7667
302515000,5,4,140.0,272.0,0,-33.3641,-70.6134
75000000,2,1,45.0,70.0,1,-33.6167,-70.5667
191474200,6,1,200.0,279.0,0,-33.2468,-70.625
150901600,4,2,113.0,580.0,0,-33.6844,-70.9248
319954100,4,2,100.0,180.0,2,-33.2773,-70.6106
174391000,3,2,100.0,200.0,2,-33.6167,-70.5667
73000000,3,1,75.0,100.0,2,-33.6167,-70.5667
782980000,3,1,112.0,660.0,2,-33.5007,-70.6514
67000000,4,2,96.0,100.0,0,-33.582,-70.692
133462500,4,2,117.0,117.0,0,-33.4624,-70.6491
871955000,4,4,200.0,400.0,2,-33.3867,-70.5688
150000000,2,1,130.0,170.0,2,-33.2642,-70.715
128124000,3,2,75.0,160.0,2,-33.727,-70.7046
291838000,6,2,130.0,400.0,0,-33.5007,-70.6514
95000000,3,1,85.0,110.0,1,-33.452,-70.723
175000000,3,1,75.0,160.0,0,-33.4088,-70.5671
75000000,3,1,100.0,200.0,1,-33.6167,-70.5667
65000000,3,1,47.0,75.0,1,-33.582,-70.692
605030000,4,4,235.0,636.0,0,-33.1829,-70.6747
75000000,3,2,120.0,120.0,0,-33.582,-70.692
75000000,4,2,100.0,100.0,0,-33.6167,-70.5667
460000000,4,3,125.0,250.0,3,-33.4088,-70.5671
355544100,4,3,95.0,200.0,3,-33.4088,-70.5671
120000000,3,3,85.0,85.0,1,-33.3667,-70.7333
996520000,4,4,290.0,800.0,2,-33.35,-70.6
145000000,3,2,66.0,189.0,3,-33.727,-70.7046
82000000,5,2,80.0,140.0,1,-33.6167,-70.5667
373695000,3,3,169.0,714.0,0,-33.5007,-70.6514
960574100,5,5,270.0,538.0,3,-33.4088,-70.5671
487583000,3,3,140.0,500.0,2,-33.1829,-70.6747
125000000,3,2,102.0,198.0,1,-33.6167,-70.5667
476906000,4,3,240.0,900.0,3,-33.4833,-70.55
649000000,5,5,200.0,650.0,0,-33.4833,-70.55
256212410,7,2,203.0,203.0,0,-33.4624,-70.6491
220658000,3,3,122.0,244.0,2,-33.582,-70.692
456690880,8,5,311.0,572.0,0,-33.45,-70.7
165000000,3,2,110.0,250.0,2,-33.4975,-70.6287
108371550,3,1,76.0,135.0,1,-33.443,-70.532
54000000,5,1,65.0,90.0,1,-33.6167,-70.5667
75000000,3,1,90.0,105.0,2,-33.472,-70.683
180000000,2,1,40.0,160.0,1,-33.4088,-70.5671
185000000,9,2,217.0,217.0,0,-33.2468,-70.625
162000000,5,1,100.0,160.0,2,-33.4088,-70.5671
459111000,4,3,140.0,230.0,2,-33.4088,-70.5671
120000000,4,1,75.0,400.0,3,-33.2833,-70.8778
92000000,3,1,70.0,100.0,1,-33.6167,-70.5667
90000000,4,2,67.0,78.0,1,-33.3667,-70.7333
151755760,3,2,77.0,136.0,1,-33.6167,-70.5667
60000000,2,1,46.0,60.0,1,-33.6167,-70.5667
462670000,4,3,186.0,471.0,0,-33.1829,-70.6747
179017700,3,3,99.0,137.0,1,-33.5167,-70.6389
150000000,3,3,82.0,120.0,0,-33.6167,-70.5667
118000000,3,1,74.0,170.0,1,-33.45,-70.7
205000000,3,1,67.0,306.0,3,-33.4088,-70.5671
152147250,3,3,81.0,153.0,0,-33.582,-70.692
68000000,2,1,100.0,126.0,0,-33.349,-70.6383
249130000,3,3,114.0,402.0,2,-33.1829,-70.6747
75000000,4,2,100.0,120.0,2,-33.6167,-70.5667
145000000,4,2,95.0,120.0,0,-33.5167,-70.6389
248774100,3,2,180.0,180.0,2,-33.2773,-70.6106
138801000,3,3,78.0,121.0,2,-33.3667,-70.7333
105000000,3,2,100.0,75.0,2,-33.4333,-70.7167
491142000,3,3,140.0,500.0,2,-33.1829,-70.6747
87000000,2,1,53.0,125.0,2,-33.4333,-70.7167
516055000,3,2,140.0,330.0,2,-33.435,-70.615
85000000,6,3,160.0,250.0,1,-33.2833,-70.8778
260000000,7,3,200.0,202.0,3,-33.5007,-70.6514
195000000,6,5,170.0,259.0,3,-33.4975,-70.6287
78689490,2,1,56.0,58.0,2,-33.6167,-70.5667
70112300,3,2,65.0,75.0,1,-33.6167,-70.5667
177950000,4,2,98.0,300.0,3,-33.582,-70.692
77906510,2,1,70.0,100.0,3,-33.6167,-70.5667
175000000,9,2,217.0,217.0,0,-33.2468,-70.625
199304000,4,2,116.0,318.0,5,-33.6167,-70.5667
180000000,4,2,80.0,320.0,0,-33.5167,-70.6333
160000000,3,3,89.0,104.0,1,-33.6167,-70.5667
97000000,3,2,90.0,110.0,1,-33.519,-70.629
785862790,10,6,487.0,509.0,2,-33.435,-70.615
533850000,4,3,96.0,230.0,2,-33.3867,-70.5688
426724100,4,3,165.0,170.0,1,-33.35,-70.6
129191700,5,2,104.0,154.0,2,-33.5167,-70.7667
540000000,27,6,651.0,651.0,0,-33.2468,-70.625
233114500,4,3,117.0,138.0,2,-33.5167,-70.6389
455552000,5,4,138.0,836.0,3,-33.582,-70.692
256248000,4,3,120.0,380.0,2,-33.5985,-70.8734
140000000,7,2,180.0,234.0,2,-33.4833,-70.55
622825000,5,4,185.0,590.0,0,-33.1829,-70.6747
240000000,5,4,260.0,190.0,1,-33.4624,-70.6491
675854100,6,5,234.0,603.0,2,-33.35,-70.6
145000000,4,2,116.0,240.0,0,-33.4037,-70.64
87000000,4,2,75.0,85.0,1,-33.5719,-70.8068
185000000,4,3,136.0,160.0,1,-33.6167,-70.5667
230000000,4,2,129.0,325.0,2,-33.4833,-70.55
190000000,3,3,90.0,190.0,2,-33.4833,-70.55
355900000,5,4,180.0,426.0,4,-33.4833,-70.55
167000000,3,3,95.0,136.0,2,-33.6167,-70.5667
272619400,3,2,110.0,307.0,0,-33.5167,-70.6389
85000000,4,2,100.0,100.0,0,-33.6167,-70.5667
140000000,3,2,150.0,330.0,0,-33.5007,-70.6514
175000000,5,2,160.0,80.0,0,-33.45,-70.7
45000000,2,1,30.0,100.0,2,-33.4034,-70.7213
480465000,5,3,300.0,600.0,3,-33.4088,-70.5671
84000000,3,1,61.0,81.0,1,-33.6167,-70.5667
137021500,3,2,80.0,80.0,0,-33.1829,-70.6747
99000000,5,2,60.0,80.0,1,-33.35,-70.6
170000000,6,5,176.0,210.0,2,-33.5167,-70.6333
80000000,3,1,80.0,86.0,0,-33.4667,-70.6667
95000000,3,1,91.0,128.0,0,-33.4667,-70.6667
209981000,5,4,270.0,198.0,2,-33.4667,-70.6667
250000000,7,2,152.0,170.0,1,-33.4088,-70.5671
166917100,3,3,77.0,136.0,2,-33.5719,-70.8068
800775000,5,3,203.0,603.0,2,-33.35,-70.6
790000000,3,1,112.0,660.0,2,-33.5007,-70.6514
151257500,4,2,130.0,120.0,0,-33.5167,-70.7667
145919000,3,2,88.0,198.0,2,-33.6167,-70.5667
160000000,3,1,75.0,100.0,2,-33.2773,-70.6106
480465000,3,2,120.0,350.0,2,-33.3867,-70.5688
149122100,7,2,161.0,183.0,3,-33.45,-70.7
711444100,3,2,200.0,245.0,6,-33.4833,-70.55
523173000,4,2,136.0,308.0,4,-33.4088,-70.5671
480000000,2,2,138.0,352.0,4,-33.45,-70.7
100000000,3,2,132.0,132.0,0,-33.5167,-70.7667
108000000,3,2,70.0,80.0,0,-33.5167,-70.7667
74500000,3,1,65.0,80.0,2,-33.582,-70.692
70000000,3,1,120.0,140.0,1,-33.5167,-70.6389
153037000,3,3,88.0,144.0,3,-33.6167,-70.5667
187915200,4,3,118.0,191.0,3,-33.5167,-70.7667
140616090,3,3,75.0,97.0,1,-33.5167,-70.7667
658415000,5,5,245.0,745.0,2,-33.1829,-70.6747
139000000,7,5,204.0,204.0,2,-33.422,-70.72
179729500,3,3,120.0,250.0,0,-33.5985,-70.8734
124565000,3,1,90.0,120.0,1,-33.5167,-70.6389
150000000,1,1,40.0,250.0,6,-33.4264,-70.6996
444875000,6,4,298.0,164.0,2,-33.4833,-70.55
171000000,3,2,73.0,168.0,1,-33.6167,-70.5667
60000000,2,1,72.0,102.0,0,-33.6167,-70.5667
871955000,4,3,260.0,500.0,3,-33.3867,-70.5688
100000000,2,1,65.0,120.0,2,-33.6167,-70.5667
120000000,4,2,120.0,140.0,1,-33.6167,-70.5667
150000000,3,1,77.0,162.0,0,-33.4833,-70.55
263366000,5,2,144.0,500.0,2,-33.6433,-70.3504
360000000,5,3,182.0,390.0,3,-33.5167,-70.6333
480465000,3,2,150.0,240.0,2,-33.4088,-70.5671
95000000,3,3,95.0,95.0,0,-33.688,-71.2113
167273000,3,2,117.0,271.0,0,-33.582,-70.692
230000000,8,2,150.0,580.0,4,-33.5167,-70.6333
206422000,3,3,100.0,224.0,1,-33.2833,-70.8778
220000000,8,8,112.0,112.0,0,-33.435,-70.615
338105000,4,3,90.0,252.0,2,-33.4088,-70.5671
854160000,1,5,203.0,800.0,6,-33.4088,-70.5671
115000000,3,1,80.0,100.0,2,-33.5167,-70.6389
220000000,3,2,240.0,600.0,0,-33.519,-70.629
603250500,12,7,1055.0,911.0,0,-33.4624,-70.6491
230000000,3,2,98.0,357.0,0,-33.4766,-70.6062
480465000,3,2,146.0,210.0,2,-33.435,-70.615
80000000,2,2,80.0,100.0,1,-33.6167,-70.5667
362000000,4,2,235.0,235.0,0,-33.4088,-70.5671
1423600000,4,5,350.0,310.0,0,-33.4088,-70.5671
295000000,6,3,120.0,288.0,3,-33.4088,-70.5671
455552000,5,5,202.0,255.0,0,-33.2773,-70.6106
164425800,3,3,115.0,115.0,1,-33.2833,-70.8778
55000000,4,1,70.0,80.0,1,-33.6167,-70.5667
174391000,7,2,128.0,228.0,1,-33.4624,-70.6491
30000000,1,1,45.0,45.0,1,-33.6167,-70.5667
320310000,3,3,114.0,299.0,2,-33.5167,-70.6389
606845090,11,7,397.0,187.0,0,-33.4624,-70.6491
94313500,2,1,50.0,129.0,1,-33.6167,-70.5667
220658000,6,3,240.0,200.0,2,-33.4264,-70.6996
65841500,2,1,49.0,104.0,2,-33.6167,-70.5667
139700000,4,2,106.0,112.0,1,-33.452,-70.723
462670000,5,3,160.0,160.0,3,-33.3867,-70.5688
190000000,4,3,155.0,150.0,2,-33.6167,-70.5667
711800000,1,3,160.0,305.0,0,-33.3867,-70.5688
50000000,3,1,90.0,65.0,1,-33.5667,-70.7167
185000000,3,1,240.0,240.0,1,-33.45,-70.7
524952500,4,4,250.0,607.0,4,-33.1829,-70.6747
164900000,4,1,160.0,200.0,1,-33.5007,-70.6514
99000000,4,2,119.0,144.0,3,-33.422,-70.72
122821090,3,2,68.0,80.0,0,-33.6167,-70.5667
480465000,4,4,140.0,204.0,2,-33.443,-70.532
105000000,4,2,92.0,128.0,1,-33.5167,-70.7667
129000000,9,2,110.0,214.0,0,-33.2642,-70.715
610000000,9,5,364.0,303.0,1,-33.5007,-70.6514
57000000,3,1,59.0,66.0,0,-33.422,-70.72
140000000,4,2,90.0,160.0,3,-33.5167,-70.7667
225996500,3,2,91.0,117.0,1,-33.443,-70.532
360000000,5,2,182.0,390.0,3,-33.5167,-70.6333
110329000,3,1,145.0,160.0,1,-33.4975,-70.6287
420000000,4,3,173.0,200.0,1,-33.2773,-70.6106
302515000,3,3,139.0,390.0,0,-33.1829,-70.6747
139990000,3,3,84.0,165.0,0,-33.5167,-70.7667
72000000,3,1,53.0,72.0,1,-33.582,-70.692
260000000,4,2,196.0,280.0,0,-33.4624,-70.6491
95000000,2,1,60.0,72.0,1,-33.4034,-70.7213
225000000,3,1,80.0,80.0,0,-33.435,-70.615
280805100,7,3,171.0,180.0,0,-33.4624,-70.6491
150000000,3,1,73.0,231.0,1,-33.4333,-70.7167
82000000,3,1,68.0,73.0,0,-33.5985,-70.8734
112606760,3,2,56.0,80.0,1,-33.6167,-70.5667
505378000,5,4,139.0,530.0,5,-33.4833,-70.55
198000000,5,2,115.0,215.0,3,-33.5167,-70.6333
140000000,4,3,160.0,180.0,5,-33.5167,-70.7667
330987000,3,3,108.0,340.0,2,-33.5167,-70.6389
302159100,3,3,105.0,300.0,2,-33.5167,-70.6389
97000000,3,3,142.0,160.0,1,-33.519,-70.629
70000000,2,1,60.0,80.0,0,-33.3667,-70.7333
173000000,4,3,117.0,140.0,3,-33.5167,-70.7667
100000000,3,2,112.0,258.0,2,-33.6167,-70.5667
125000000,3,2,100.0,126.0,2,-33.5167,-70.7667
560000000,6,3,484.0,437.0,1,-33.45,-70.7
177950000,3,3,94.0,180.0,0,-33.6167,-70.5667
253044900,7,2,170.0,294.0,0,-33.45,-70.7
262369480,6,3,154.0,237.0,0,-33.5167,-70.6389
125000000,6,6,158.0,213.0,3,-33.519,-70.629
262369480,6,3,154.0,200.0,2,-33.5167,-70.6389
569440000,5,4,176.0,293.0,2,-33.443,-70.532
658415000,4,2,337.0,165.0,3,-33.3867,-70.5688
60000000,3,1,45.0,120.0,0,-33.582,-70.692
640620000,5,3,220.0,310.0,2,-33.4624,-70.6491
140000000,4,2,115.0,136.0,2,-33.5167,-70.7667
150000000,3,2,88.0,138.0,1,-33.5167,-70.7667
255215890,4,3,109.0,211.0,2,-33.5167,-70.6389
55000000,3,1,89.0,230.0,1,-33.688,-71.2113
90000000,3,2,80.0,98.0,0,-33.6167,-70.5667
200000000,3,2,77.0,248.0,0,-33.35,-70.6
416403000,4,4,165.0,532.0,2,-33.4333,-70.7167
123853200,5,2,180.0,110.0,1,-33.4833,-70.55
311412500,3,4,140.0,300.0,4,-33.4833,-70.55
71180000,4,2,87.0,90.0,1,-33.6167,-70.5667
292087130,3,1,79.0,144.0,0,-33.435,-70.615
125000000,3,1,69.0,138.0,2,-33.5167,-70.7667
451993000,5,4,170.0,245.0,3,-33.443,-70.532
932458000,4,4,200.0,400.0,0,-33.3867,-70.5688
87900000,4,1,70.0,140.0,0,-33.5167,-70.7667
370136000,5,4,194.0,454.0,2,-33.5167,-70.6389
843483000,6,4,636.0,298.0,0,-33.4624,-70.6491
194900000,3,2,118.0,241.0,0,-33.6167,-70.5667
91000000,3,1,61.0,124.0,2,-33.5167,-70.6389
153037000,4,2,110.0,125.0,2,-33.5167,-70.7667
94313500,3,1,88.0,115.0,1,-33.5667,-70.7167
476906000,7,3,200.0,350.0,2,-33.435,-70.615
1064141000,5,5,378.0,900.0,3,-33.35,-70.6
130000000,2,1,98.0,150.0,3,-33.5167,-70.6389
140000000,3,1,70.0,140.0,2,-33.5167,-70.7667
89500000,2,1,53.0,125.0,0,-33.4333,-70.7167
82000000,3,1,67.0,105.0,1,-33.6167,-70.5667
275822500,3,1,100.0,522.0,0,-33.5167,-70.6389
89686800,3,1,65.0,65.0,1,-33.5167,-70.6389
494701000,3,4,192.0,500.0,2,-33.1829,-70.6747
195745000,3,1,80.0,360.0,5,-33.5667,-70.7167
84900000,3,2,93.0,162.0,2,-33.4333,-70.7167
587235000,5,5,5000.0,278.0,10,-33.1829,-70.6747
165000000,3,2,92.0,150.0,0,-33.4766,-70.6062
124565000,3,1,89.0,120.0,1,-33.5167,-70.6389
78000000,11,4,184.0,184.0,3,-33.1829,-70.6747
235000000,4,3,134.0,185.0,2,-33.5167,-70.6389
142360000,5,3,200.0,380.0,1,-33.2468,-70.625
782980000,13,15,298.0,176.0,0,-33.435,-70.615
95000000,3,2,70.0,70.0,1,-33.5167,-70.7667
565881000,4,4,179.0,300.0,3,-33.443,-70.532
601115100,3,4,134.0,231.0,1,-33.3867,-70.5688
190406500,4,3,116.0,158.0,0,-33.582,-70.692
594353000,5,4,190.0,510.0,4,-33.443,-70.532
110000000,3,2,108.0,156.0,4,-33.4034,-70.7213
157000000,3,3,83.0,120.0,1,-33.6167,-70.5667
75000000,2,2,52.0,67.0,1,-33.3667,-70.7333
599691500,3,3,204.0,204.0,2,-33.4088,-70.5671
165000000,3,3,74.0,220.0,3,-33.6167,-70.5667
155000000,2,2,171.0,180.0,0,-33.3641,-70.6134
538441110,3,2,170.0,250.0,0,-33.35,-70.6
195745000,4,3,113.0,115.0,2,-33.3667,-70.7333
73000000,5,2,60.0,70.0,0,-33.3667,-70.7333
174035100,3,2,85.0,105.0,1,-33.5167,-70.6389
145000000,5,3,141.0,176.0,2,-33.4667,-70.6667
612148000,4,4,171.0,554.0,2,-33.4088,-70.5671
224217000,3,3,100.0,100.0,1,-33.5167,-70.6389
101431500,3,2,92.0,84.0,2,-33.6167,-70.5667
163714000,3,3,85.0,177.0,2,-33.5719,-70.8068
585000000,6,2,235.0,550.0,0,-33.1829,-70.6747
65000000,2,1,90.0,85.0,0,-33.6167,-70.5667
85000000,4,1,79.0,79.0,1,-33.6167,-70.5667
265000000,8,5,300.0,500.0,0,-33.5167,-70.6333
106770000,4,2,160.0,187.0,2,-33.5167,-70.7667
476906000,4,3,100.0,250.0,2,-33.3867,-70.5688
480465000,5,3,197.0,300.0,3,-33.4088,-70.5671
115000000,7,2,153.0,180.0,2,-33.368,-70.642
125490340,3,2,78.0,110.0,2,-33.5167,-70.6389
190000000,5,2,180.0,300.0,0,-33.4037,-70.64
48000000,3,1,62.0,62.0,0,-33.5167,-70.6389
284720000,4,4,200.0,375.0,2,-33.3641,-70.6134
165671450,5,2,110.0,180.0,2,-33.4766,-70.6062
391490000,3,2,128.0,233.0,3,-33.443,-70.532
65000000,3,1,60.0,60.0,0,-33.5167,-70.6389
550000000,5,3,200.0,390.0,2,-33.4624,-70.6491
978725000,3,2,233.0,753.0,3,-33.435,-70.615
226000000,4,4,250.0,250.0,0,-33.4624,-70.6491
419250200,11,4,303.0,156.0,2,-33.4624,-70.6491
440000000,4,2,140.0,300.0,0,-33.2773,-70.6106
637061000,5,3,210.0,309.0,0,-33.4088,-70.5671
996520000,6,3,352.0,703.0,3,-33.2773,-70.6106
80000000,3,1,121.0,160.0,0,-33.582,-70.692
69000000,3,2,70.0,84.0,2,-33.6167,-70.5667
153037000,5,3,103.0,120.0,2,-33.5167,-70.7667
399000000,4,2,140.0,512.0,5,-33.368,-70.642
75000000,3,1,80.0,80.0,1,-33.3667,-70.7333
65000000,3,1,48.0,200.0,1,-33.6167,-70.5667
133925170,3,2,75.0,116.0,1,-33.727,-70.7046
62000000,2,1,54.0,80.0,0,-33.5167,-70.7667
145000000,3,2,77.0,114.0,1,-33.3667,-70.7333
694005000,6,5,280.0,880.0,5,-33.1829,-70.6747
130000000,5,2,60.0,80.0,0,-33.472,-70.683
501819000,5,4,180.0,390.0,2,-33.443,-70.532
480465000,4,3,152.0,333.0,2,-33.443,-70.532
82000000,3,1,67.0,105.0,1,-33.6167,-70.5667
180000000,5,3,100.0,165.0,2,-33.5167,-70.7667
140580500,3,3,116.0,245.0,4,-33.0833,-70.9167
390000000,3,1,131.0,588.0,6,-33.4766,-70.6062
338105000,4,3,108.0,260.0,2,-33.4833,-70.55
65000000,4,2,43.0,63.0,1,-33.582,-70.692
126059780,3,3,68.0,85.0,1,-33.6167,-70.5667
185000000,4,2,185.0,185.0,1,-33.4264,-70.6996
156596000,3,2,97.0,233.0,2,-33.6167,-70.5667
125000000,6,2,85.0,245.0,7,-33.4667,-70.6667
1067344100,4,4,310.0,730.0,2,-33.35,-70.6
135000000,4,1,104.0,160.0,1,-33.422,-70.72
423521000,4,4,156.0,280.0,2,-33.4833,-70.55
198000000,4,3,96.0,176.0,2,-33.5167,-70.7667
100000000,2,2,115.0,90.0,0,-33.582,-70.692
89000000,3,1,80.0,162.0,1,-33.5667,-70.7167
327000000,6,3,139.0,450.0,5,-33.5167,-70.7667
1067700000,4,4,1173.0,268.0,8,-33.4088,-70.5671
139000000,5,2,105.0,182.0,2,-33.5167,-70.7667
80000000,3,2,46.0,87.0,1,-33.3667,-70.7333
291838000,3,3,104.0,300.0,2,-33.5167,-70.6389
382592500,3,3,145.0,280.0,2,-33.4833,-70.55
380000000,6,3,136.0,399.0,2,-33.5007,-70.6514
127500000,5,3,123.0,132.0,1,-33.727,-70.7046
122000000,3,2,87.0,136.0,2,-33.4333,-70.7167
459111000,3,2,90.0,255.0,3,-33.3867,-70.5688
605030000,4,3,571.0,158.0,0,-33.443,-70.532
190655630,3,2,180.0,200.0,1,-33.45,-70.7
1014315000,3,3,204.0,519.0,0,-33.3867,-70.5688
426724100,4,3,146.0,196.0,1,-33.4624,-70.6491
130000000,4,2,89.0,221.0,0,-33.4034,-70.7213
75000000,4,1,61.0,61.0,0,-33.6167,-70.5667
377503130,5,3,133.0,300.0,0,-33.443,-70.532
363018000,2,2,114.0,266.0,2,-33.4088,-70.5671
318993170,3,1,70.0,699.0,2,-33.5167,-70.7667
815011000,3,3,235.0,365.0,1,-33.3867,-70.5688
238500000,4,2,110.0,900.0,5,-33.5667,-70.7167
85000000,8,2,100.0,320.0,0,-33.5719,-70.8068
69000000,3,1,58.0,134.0,2,-33.6167,-70.5667
529294480,3,2,139.0,418.0,2,-33.4088,-70.5671
190000000,2,1,200.0,200.0,1,-33.5007,-70.6514
165000000,3,2,124.0,300.0,1,-33.422,-70.72
508937000,10,5,579.0,579.0,0,-33.4624,-70.6491
505378000,5,3,147.0,250.0,2,-33.4088,-70.5671
199000000,3,1,130.0,200.0,2,-33.452,-70.723
100000000,3,1,89.0,135.0,0,-33.443,-70.532
444875000,5,2,200.0,240.0,1,-33.443,-70.532
70000000,3,1,90.0,110.0,1,-33.5667,-70.7167
75000000,2,1,49.0,79.0,2,-33.6167,-70.5667
8400,4,3,127.0,250.0,2,-33.4624,-70.6491
92000000,3,2,84.0,84.0,1,-33.6167,-70.5667
128000000,3,1,130.0,95.0,0,-33.5167,-70.6389
1245650000,4,2,249.0,890.0,0,-33.435,-70.615
85000000,3,2,126.0,146.0,0,-33.2468,-70.625
135000000,4,2,130.0,128.0,1,-33.5167,-70.7667
380813000,4,2,98.0,98.0,2,-33.4088,-70.5671
147698500,5,2,120.0,130.0,0,-33.2642,-70.715
51000000,3,2,80.0,125.0,0,-33.688,-71.2113
658415000,15,15,272.0,390.0,0,-33.4624,-70.6491
90000000,3,1,70.0,94.0,0,-33.5167,-70.7667
142004100,3,2,128.0,253.0,2,-33.4264,-70.6996
140000000,3,3,76.0,118.0,2,-33.5167,-70.7667
175000000,4,2,147.0,157.0,1,-33.4624,-70.6491
106058200,6,3,90.0,218.0,0,-33.582,-70.692
79000000,3,2,85.0,80.0,1,-33.3667,-70.7333
108549500,2,1,74.0,128.0,1,-33.6167,-70.5667
71535900,3,1,64.0,75.0,1,-33.5167,-70.6389
374762700,1,1,72.0,251.0,2,-33.443,-70.532
455552000,4,4,160.0,300.0,1,-33.35,-70.6
130000000,2,1,50.0,320.0,2,-33.5167,-70.6333
85000000,2,2,70.0,130.0,0,-33.5167,-70.7667
386151500,5,4,162.0,386.0,3,-33.4833,-70.55
309633000,4,3,200.0,450.0,2,-33.5007,-70.6514
195745000,3,1,112.0,544.0,3,-33.5167,-70.6389
150000000,3,1,80.0,253.0,1,-33.5167,-70.7667
498260000,4,4,156.0,320.0,2,-33.4088,-70.5671
526732000,3,2,250.0,636.0,3,-33.2773,-70.6106
142000000,5,1,125.0,171.0,2,-33.4274,-70.4843
159336430,3,2,70.0,142.0,1,-33.6167,-70.5667
95000000,3,2,83.0,160.0,1,-33.4667,-70.6667
225000000,4,2,147.0,270.0,3,-33.5167,-70.7667
58000000,2,1,56.0,56.0,1,-33.3667,-70.7333
530000000,7,2,390.0,406.0,3,-33.45,-70.7
74990000,2,1,66.0,81.0,1,-33.6167,-70.5667
341664000,4,3,149.0,358.0,2,-33.5167,-70.6389
516055000,4,4,151.0,208.0,2,-33.4088,-70.5671
708241000,3,2,120.0,325.0,1,-33.3867,-70.5688
81857000,4,2,66.0,62.0,1,-33.5167,-70.7667
480465000,3,3,180.0,500.0,2,-33.1829,-70.6747
217775210,4,3,95.0,110.0,1,-33.3667,-70.7333
818570000,4,4,260.0,796.0,3,-33.4088,-70.5671
92000000,4,1,80.0,90.0,2,-33.4624,-70.6491
124500000,2,2,90.0,120.0,1,-33.582,-70.692
455552000,3,2,140.0,246.0,3,-33.4624,-70.6491
154816500,2,2,140.0,180.0,2,-33.4333,-70.7167
131327100,4,3,90.0,130.0,1,-33.5167,-70.7667
177950000,4,2,90.0,177.0,3,-33.5167,-70.7667
82000000,3,2,56.0,90.0,1,-33.5719,-70.8068
85000000,4,2,80.0,80.0,1,-33.6167,-70.5667
170000000,4,2,100.0,300.0,2,-33.5167,-70.6333
160000000,3,3,90.0,120.0,1,-33.6167,-70.5667
190000000,5,1,80.0,390.0,1,-33.5167,-70.6389
80000000,3,2,90.0,72.0,1,-33.5167,-70.6389
48000000,2,1,80.0,130.0,0,-33.727,-70.7046
164568160,4,2,190.0,200.0,1,-33.6167,-70.5667
160000000,4,2,125.0,240.0,2,-33.5167,-70.6333
75000000,2,1,55.0,85.0,0,-33.5719,-70.8068
175000000,3,3,130.0,250.0,2,-33.688,-71.2113
782980000,5,4,250.0,600.0,0,-33.443,-70.532
658415000,5,5,200.0,650.0,3,-33.4833,-70.55
263010100,5,2,143.0,200.0,2,-33.4833,-70.55
55000000,3,2,65.0,90.0,1,-33.5985,-70.8734
130010270,4,3,147.0,160.0,1,-33.4833,-70.55
113532100,3,2,85.0,100.0,0,-33.2468,-70.625
533850000,5,3,162.0,500.0,3,-33.4088,-70.5671
160155000,3,3,77.0,77.0,1,-33.5167,-70.7667
256248000,3,1,73.0,154.0,1,-33.443,-70.532
427080000,3,3,133.0,242.0,2,-33.4088,-70.5671
100000000,4,1,100.0,211.0,0,-33.4037,-70.64
462670000,3,2,100.0,260.0,0,-33.4088,-70.5671
711444100,4,2,173.0,433.0,1,-33.4088,-70.5671
175000000,3,3,140.0,220.0,3,-33.5167,-70.7667
601471000,3,2,117.0,413.0,2,-33.3867,-70.5688
250000000,9,9,190.0,190.0,1,-33.368,-70.642
312836100,5,4,140.0,300.0,0,-33.3641,-70.6134
216743100,3,2,110.0,223.0,0,-33.4975,-70.6287
313192000,5,3,140.0,250.0,2,-33.3641,-70.6134
245571000,3,3,110.0,250.0,0,-33.5719,-70.8068
533850000,3,2,180.0,140.0,0,-33.4088,-70.5671
101965350,3,1,150.0,347.0,0,-33.5167,-70.6389
128000000,3,2,72.0,135.0,1,-33.443,-70.532
330275200,3,2,70.0,183.0,0,-33.4088,-70.5671
651297000,4,3,147.0,600.0,2,-33.443,-70.532
80000000,2,2,52.0,91.0,1,-33.727,-70.7046
247350500,3,2,130.0,180.0,1,-33.4833,-70.55
318530500,4,3,140.0,328.0,4,-33.4766,-70.6062
79990000,1,1,140.0,160.0,0,-33.3667,-70.7333
807893000,5,3,227.0,227.0,3,-33.4088,-70.5671
247350500,2,2,91.0,140.0,4,-33.443,-70.532
68000000,2,1,40.0,230.0,5,-33.349,-70.6383
72000000,2,1,50.0,80.0,2,-33.582,-70.692
138000000,3,2,116.0,94.0,2,-33.582,-70.692
153000000,3,2,64.0,149.0,3,-33.4624,-70.6491
256000000,4,2,113.0,270.0,2,-33.4088,-70.5671
423521000,4,4,156.0,280.0,2,-33.4833,-70.55
4100,4,3,107.0,145.0,3,-33.5167,-70.7667
147876450,3,2,805.0,187.0,1,-33.5167,-70.7667
179587140,3,2,101.0,192.0,1,-33.4766,-70.6062
135242000,2,1,74.0,234.0,3,-33.368,-70.642
145000000,5,3,141.0,176.0,1,-33.4667,-70.6667
195000000,6,2,100.0,100.0,0,-33.4624,-70.6491
177950000,3,3,158.0,138.0,1,-33.6167,-70.5667
295397000,7,4,200.0,300.0,5,-33.4766,-70.6062
194926430,4,3,129.0,161.0,3,-33.5167,-70.6389
150000000,6,2,161.0,200.0,1,-33.582,-70.692
110000000,4,1,60.0,97.0,1,-33.5167,-70.6389
305006300,4,4,140.0,260.0,3,-33.3641,-70.6134
150000000,6,2,200.0,300.0,1,-33.5667,-70.7167
323869000,3,4,140.0,450.0,3,-33.1829,-70.6747
241122250,4,3,109.0,146.0,1,-33.5167,-70.6389
391134100,5,3,155.0,299.0,4,-33.5167,-70.6389
462670000,5,3,204.0,250.0,2,-33.2773,-70.6106
813800940,5,4,315.0,569.0,4,-33.4088,-70.5671
180000000,4,2,90.0,243.0,1,-33.45,-70.7
120000000,4,2,140.0,200.0,1,-33.5985,-70.8734
88975000,3,2,87.0,98.0,0,-33.3667,-70.7333
45000000,2,1,60.0,80.0,1,-33.6167,-70.5667
288279000,3,3,104.0,284.0,2,-33.1829,-70.6747
138801000,3,2,80.0,120.0,1,-33.6167,-70.5667
516055000,5,4,180.0,390.0,2,-33.443,-70.532
72500000,2,1,52.0,70.0,1,-33.6167,-70.5667
100000000,2,1,70.0,100.0,1,-33.2833,-70.8778
222900170,4,2,136.0,235.0,0,-33.4766,-70.6062
1326439300,5,4,260.0,760.0,4,-33.35,-70.6
66500000,4,2,140.0,180.0,3,-33.5167,-70.6389
96500000,3,2,55.0,162.0,0,-33.2642,-70.715
68000000,2,1,50.0,70.0,1,-33.45,-70.7
160000000,4,1,85.0,144.0,1,-33.2773,-70.6106
437757000,5,2,221.0,450.0,0,-33.5007,-70.6514
86448110,4,1,70.0,120.0,0,-33.4667,-70.6667
871955000,6,5,348.0,700.0,0,-33.35,-70.6
80000000,3,1,43.0,60.0,0,-33.5167,-70.7667
120000000,3,2,99.0,206.0,1,-33.5719,-70.8068
565881000,5,2,267.0,559.0,0,-33.4624,-70.6491
97000000,4,2,80.0,80.0,1,-33.6167,-70.5667
309633000,3,3,118.0,366.0,2,-33.727,-70.7046
341308100,5,3,139.0,250.0,1,-33.5167,-70.7667
867506250,4,4,200.0,760.0,7,-33.443,-70.532
110000000,5,4,134.0,100.0,2,-33.4333,-70.7167
480465000,3,4,140.0,360.0,2,-33.4833,-70.55
1028551000,6,5,342.0,841.0,4,-33.35,-70.6
105000000,4,2,94.0,105.0,1,-33.3641,-70.6134
145000000,7,2,64.0,135.0,1,-33.443,-70.532
184712100,5,2,140.0,140.0,2,-33.2468,-70.625
139000000,4,3,93.0,124.0,1,-33.5167,-70.7667
120000000,3,1,60.0,190.0,0,-33.6167,-70.5667
234894000,3,2,85.0,139.0,1,-33.2773,-70.6106
174391000,3,3,115.0,120.0,1,-33.2833,-70.8778
70900000,3,1,65.0,65.0,0,-33.5167,-70.7667
115000000,6,2,90.0,230.0,0,-33.5167,-70.7667
122900000,3,1,60.0,162.0,0,-33.5167,-70.7667
124500000,3,2,70.0,200.0,0,-33.6167,-70.5667
110000000,3,2,70.0,120.0,0,-33.5985,-70.8734
112000000,3,2,114.0,162.0,0,-33.4034,-70.7213
224900000,5,2,140.0,290.0,0,-33.368,-70.642
380813000,6,3,179.0,205.0,0,-33.2773,-70.6106
423521000,4,3,140.0,380.0,2,-33.4088,-70.5671
153250540,3,1,90.0,180.0,1,-33.4667,-70.6667
747390000,4,4,204.0,489.0,2,-33.4088,-70.5671
386507400,5,2,288.0,183.0,4,-33.2773,-70.6106
213184100,3,2,93.0,126.0,4,-33.4833,-70.55
391490000,3,3,140.0,330.0,2,-33.4833,-70.55
332766500,4,2,102.0,393.0,5,-33.4766,-70.6062
83636500,3,1,51.0,162.0,0,-33.4274,-70.4843
320000000,4,4,160.0,226.0,0,-33.435,-70.615
117660540,3,2,84.0,134.0,2,-33.688,-71.2113
198000000,4,3,110.0,216.0,0,-33.727,-70.7046
55164500,4,1,78.0,63.0,0,-33.6167,-70.5667
170000000,2,2,145.0,145.0,0,-33.5007,-70.6514
170476100,3,3,90.0,190.0,2,-33.727,-70.7046
208000000,5,4,80.0,199.0,3,-33.5167,-70.7667
178000000,4,3,125.0,180.0,2,-33.727,-70.7046
364797500,4,2,140.0,291.0,4,-33.443,-70.532
138801000,3,3,80.0,173.0,1,-33.6167,-70.5667
166917100,3,3,89.0,184.0,2,-33.727,-70.7046
174391000,3,3,86.0,189.0,2,-33.727,-70.7046
247599630,3,2,85.0,500.0,0,-33.5167,-70.6389
55000000,3,1,88.0,115.0,0,-33.2833,-70.8778
96093000,3,1,54.0,127.0,1,-33.6167,-70.5667
125000000,2,1,110.0,165.0,2,-33.6167,-70.5667
66000000,2,1,120.0,200.0,2,-33.6167,-70.5667
105000000,4,1,130.0,180.0,0,-33.368,-70.642
476550100,4,4,150.0,480.0,2,-33.4833,-70.55
1263445000,6,5,418.0,746.0,0,-33.35,-70.6
74000000,2,1,37.0,75.0,0,-33.6167,-70.5667
55000000,3,1,43.0,95.0,0,-33.6167,-70.5667
120000000,3,1,52.0,153.0,0,-33.3641,-70.6134
165000000,4,2,90.0,210.0,0,-33.5167,-70.7667
85000000,2,2,75.0,100.0,0,-33.3667,-70.7333
375688040,4,2,190.0,300.0,3,-33.5007,-70.6514
68000000,4,2,85.0,112.0,2,-33.1829,-70.6747
587235000,3,3,135.0,375.0,2,-33.3867,-70.5688
68000000,3,1,80.0,122.0,3,-33.6167,-70.5667
110000000,2,1,54.0,200.0,0,-33.3641,-70.6134
76518500,2,1,65.0,70.0,0,-33.5167,-70.6389
84000000,4,1,100.0,120.0,1,-33.582,-70.692
725680100,6,3,255.0,650.0,7,-33.35,-70.6
518900558,5,5,1630.0,198.0,0,-33.5167,-70.6389
270000000,3,2,160.0,200.0,1,-33.5007,-70.6514
147000000,4,2,190.0,200.0,1,-33.4037,-70.64
147000000,4,2,190.0,200.0,1,-33.4037,-70.64
308565300,3,3,125.0,287.0,3,-33.5167,-70.6389
501819000,5,3,148.0,300.0,0,-33.4088,-70.5671
128000000,3,1,70.0,161.0,0,-33.45,-70.7
386151500,4,4,140.0,400.0,2,-33.3641,-70.6134
130000000,5,4,118.0,107.0,2,-33.4833,-70.55
70000000,3,1,90.0,110.0,1,-33.5667,-70.7167
899000000,5,6,384.0,800.0,7,-33.4088,-70.5671
497904100,4,4,225.0,430.0,2,-33.1829,-70.6747
168874550,4,2,119.0,163.0,2,-33.5167,-70.6389
266925000,3,3,126.0,376.0,0,-33.5167,-70.6389
250000000,7,2,150.0,300.0,4,-33.5007,-70.6514
160000000,14,2,100.0,205.0,1,-33.368,-70.642
131327100,5,2,167.0,252.0,4,-33.582,-70.692
177238200,3,2,195.0,245.0,1,-33.5007,-70.6514
99652000,2,1,37.0,37.0,0,-33.4624,-70.6491
140000000,3,1,95.0,199.0,3,-33.6167,-70.5667
587235000,17,15,350.0,350.0,0,-33.4624,-70.6491
200000000,5,1,132.0,350.0,3,-33.4264,-70.6996
47000000,3,1,44.0,70.0,0,-33.6167,-70.5667
90000000,2,1,66.0,162.0,1,-33.4333,-70.7167
170000000,4,3,98.0,128.0,0,-33.1829,-70.6747
352341000,3,3,140.0,400.0,2,-33.1829,-70.6747
105000000,3,2,101.0,105.0,0,-33.2468,-70.625
989402000,6,4,243.0,652.0,6,-33.3867,-70.5688
135000000,2,1,100.0,200.0,0,-33.5007,-70.6514
77443840,2,1,60.0,90.0,2,-33.6844,-70.9248
70000000,3,1,90.0,70.0,0,-33.422,-70.72
412844000,5,4,140.0,400.0,3,-33.3641,-70.6134
74900000,2,1,46.0,73.0,2,-33.4333,-70.7167
563745600,5,4,190.0,635.0,2,-33.3641,-70.6134
183288500,3,3,115.0,298.0,0,-33.6167,-70.5667
75000000,4,1,90.0,164.0,0,-33.5719,-70.8068
210000000,4,3,90.0,223.0,4,-33.5167,-70.6389
53000000,2,1,60.0,87.0,1,-33.4333,-70.7167
60858900,3,1,46.0,100.0,1,-33.5167,-70.6389
180000000,3,1,73.0,198.0,2,-33.4333,-70.7167
845262500,5,4,280.0,800.0,3,-33.4088,-70.5671
245571000,4,3,248.0,201.0,4,-33.4624,-70.6491
355544100,3,3,140.0,490.0,3,-33.4624,-70.6491
177950000,3,3,125.0,156.0,2,-33.6167,-70.5667
147876450,5,3,170.0,99.0,2,-33.6167,-70.5667
62000000,3,2,93.0,100.0,1,-33.6167,-70.5667
512496000,3,4,155.0,390.0,2,-33.1829,-70.6747
373695000,3,2,150.0,427.0,3,-33.4624,-70.6491
135000000,3,2,95.0,101.0,1,-33.5167,-70.6389
181153100,3,2,90.0,180.0,2,-33.5719,-70.8068
47000000,2,1,67.0,60.0,1,-33.6167,-70.5667
200000000,3,2,144.0,148.0,1,-33.5167,-70.6389
167273000,4,3,110.0,170.0,1,-33.1829,-70.6747
48000000,2,1,38.0,64.0,0,-33.6167,-70.5667
63000000,2,1,115.0,80.0,0,-33.6167,-70.5667
635281500,5,4,200.0,500.0,2,-33.443,-70.532
818570000,5,4,208.0,410.0,3,-33.4088,-70.5671
445000000,6,4,155.0,490.0,2,-33.4833,-70.55
161222700,4,3,130.0,166.0,0,-33.582,-70.692
195389100,3,3,98.0,228.0,1,-33.6167,-70.5667
66500000,3,1,51.0,70.0,1,-33.5667,-70.7167
153250540,3,1,90.0,180.0,1,-33.4667,-70.6667
131000000,3,2,70.0,152.0,1,-33.6167,-70.5667
526732000,4,3,240.0,600.0,6,-33.443,-70.532
65000000,3,1,60.0,60.0,0,-33.5167,-70.6389
76518500,3,2,87.0,109.0,1,-33.2642,-70.715
355900000,5,4,140.0,430.0,5,-33.3641,-70.6134
907545000,4,4,270.0,887.0,0,-33.4088,-70.5671
284720000,3,1,160.0,200.0,1,-33.4624,-70.6491
153748800,3,3,70.0,140.0,0,-33.6167,-70.5667
95000000,3,2,72.0,160.0,0,-33.368,-70.642
580117000,6,3,250.0,350.0,0,-33.443,-70.532
130000000,3,1,180.0,180.0,2,-33.5667,-70.7167
110000000,7,2,174.0,200.0,2,-33.5667,-70.7167
416403000,4,3,140.0,365.0,2,-33.3641,-70.6134
180000000,4,2,134.0,102.0,2,-33.4624,-70.6491
65000000,4,2,250.0,200.0,3,-33.2833,-70.8778
440000000,3,2,120.0,650.0,0,-33.5007,-70.6514
675498200,3,4,182.0,497.0,0,-33.435,-70.615
150000000,3,2,100.0,150.0,2,-33.2773,-70.6106
140000000,3,1,123.0,147.0,2,-33.472,-70.683
227420100,4,3,130.0,280.0,3,-33.1829,-70.6747
73000000,2,1,130.0,152.0,1,-33.6167,-70.5667
202863000,3,2,98.0,191.0,1,-33.3667,-70.7333
168500000,3,2,120.0,360.0,3,-33.5667,-70.7167
80000000,5,1,85.0,68.0,1,-33.6167,-70.5667
75000000,2,1,62.0,62.0,0,-33.4624,-70.6491
72069750,3,1,68.0,148.0,0,-33.7509,-70.8983
1831105500,4,6,500.0,686.0,18,-33.3867,-70.5688
120000000,3,1,120.0,180.0,3,-33.2642,-70.715
476906000,7,3,318.0,498.0,1,-33.4624,-70.6491
302515000,3,3,93.0,121.0,1,-33.2773,-70.6106
110000000,2,1,85.0,145.0,1,-33.5167,-70.6333
66909200,3,1,62.0,116.0,0,-33.4333,-70.7167
77443840,3,1,62.0,90.0,2,-33.6844,-70.9248
605030000,3,2,600.0,600.0,1,-33.2773,-70.6106
200000000,4,2,150.0,226.0,2,-33.2773,-70.6106
490000000,4,4,150.0,300.0,6,-33.4088,-70.5671
754508000,3,3,252.0,805.0,3,-33.4088,-70.5671
624960400,10,4,222.0,799.0,8,-33.443,-70.532
130000000,2,3,96.0,142.0,2,-33.5167,-70.7667
352341000,3,3,124.0,340.0,4,-33.1829,-70.6747
266925000,3,3,131.0,252.0,0,-33.2833,-70.8778
286000000,5,2,252.0,299.0,3,-33.4624,-70.6491
113888000,3,1,60.0,120.0,2,-33.5167,-70.7667
532070500,5,3,231.0,600.0,0,-33.443,-70.532
140000000,5,2,70.0,101.0,0,-33.5167,-70.7667
622825000,3,4,136.0,410.0,0,-33.4088,-70.5671
128000000,8,4,102.0,140.0,0,-33.4624,-70.6491
370136000,6,2,186.0,429.0,2,-33.5007,-70.6514
95000000,3,1,96.0,44.0,0,-33.6167,-70.5667
580000000,9,5,289.0,488.0,0,-33.435,-70.615
177950000,3,3,90.0,100.0,1,-33.5167,-70.6389
284364100,7,3,207.0,207.0,0,-33.4833,-70.55
130000000,5,2,190.0,250.0,2,-33.5167,-70.7667
450000000,6,4,200.0,400.0,0,-33.4264,-70.6996
270000000,4,3,121.0,200.0,1,-33.4833,-70.55
390000000,3,1,650.0,650.0,8,-33.4766,-70.6062
129000000,3,1,120.0,120.0,0,-33.4624,-70.6491
565525100,5,3,178.0,412.0,3,-33.435,-70.615
73279810,3,2,58.0,134.0,2,-33.6167,-70.5667
188271100,3,3,81.0,206.0,0,-33.727,-70.7046
103211000,2,1,88.0,57.0,0,-33.45,-70.7
115000000,5,2,100.0,138.0,1,-33.6167,-70.5667
291660050,4,4,160.0,207.0,2,-33.3641,-70.6134
85000000,7,1,121.0,182.0,3,-33.4667,-70.6667
372000000,3,2,160.0,160.0,0,-33.443,-70.532
298000000,4,3,142.0,275.0,0,-33.5167,-70.6389
260000000,5,3,136.0,205.0,1,-33.6167,-70.5667
90398600,2,1,70.0,90.0,0,-33.582,-70.692
180000000,3,1,80.0,350.0,3,-33.5007,-70.6514
120000000,3,2,74.0,107.0,0,-33.5167,-70.7667
921781000,5,2,240.0,505.0,0,-33.4088,-70.5671
63000000,2,1,50.0,100.0,0,-33.5167,-70.7667
250000000,4,4,200.0,350.0,2,-33.5167,-70.6333
206422000,4,3,140.0,320.0,2,-33.6167,-70.5667
371915500,3,3,142.0,342.0,0,-33.4833,-70.55
301000000,6,3,153.0,321.0,3,-33.4766,-70.6062
1067700000,6,3,300.0,610.0,6,-33.4088,-70.5671
230000000,3,2,125.0,300.0,3,-33.5007,-70.6514
255892100,3,3,123.0,304.0,2,-33.2833,-70.8778
107659750,3,2,80.0,120.0,1,-33.4333,-70.7167
64000000,3,1,90.0,100.0,1,-33.6167,-70.5667
125000000,5,2,140.0,700.0,2,-33.2833,-70.8778
249130000,5,2,100.0,373.0,2,-33.5167,-70.6389
619266000,4,4,195.0,400.0,2,-33.4088,-70.5671
200000000,3,1,220.0,60.0,0,-33.5167,-70.6389
190000000,4,3,113.0,134.0,0,-33.5167,-70.7667
240000000,4,2,345.0,345.0,0,-33.45,-70.7
135000000,8,4,133.0,195.0,0,-33.349,-70.6383
120000000,3,2,84.0,91.0,2,-33.7843,-70.7217
80000000,2,1,64.0,96.0,1,-33.5167,-70.7667
546306500,3,4,208.0,641.0,3,-33.1829,-70.6747
355900000,5,4,220.0,437.0,3,-33.5167,-70.6389
462670000,3,3,108.0,245.0,2,-33.4088,-70.5671
135000000,4,3,90.0,145.0,1,-33.5167,-70.7667
151257500,6,2,130.0,230.0,0,-33.6936,-71.0118
126949530,3,2,91.0,80.0,3,-33.3667,-70.7333
135000000,3,2,77.0,140.0,0,-33.5719,-70.8068
140000000,3,2,57.0,211.0,3,-33.5985,-70.8734
62000000,2,1,128.0,90.0,1,-33.349,-70.6383
423663360,1,1,100.0,744.0,0,-33.45,-70.7
380000000,4,3,225.0,225.0,2,-33.435,-70.615
120000000,4,1,130.0,264.0,2,-33.5167,-70.6333
223861100,4,3,143.0,193.0,2,-33.4624,-70.6491
165000000,4,2,90.0,100.0,1,-33.4034,-70.7213
127412200,4,3,90.0,121.0,1,-33.5167,-70.7667
120000000,3,1,100.0,364.0,1,-33.5167,-70.6333
135000000,4,2,117.0,152.0,3,-33.4833,-70.55
569440000,4,4,187.0,450.0,0,-33.4088,-70.5671
170796410,4,1,125.0,170.0,0,-33.45,-70.7
130000000,3,3,80.0,140.0,2,-33.3667,-70.7333
142004100,4,2,110.0,199.0,2,-33.2833,-70.8778
462670000,5,2,197.0,624.0,0,-33.4766,-70.6062
363018000,4,3,199.0,384.0,2,-33.5167,-70.6389
35000000,1,1,55.0,71.0,1,-33.2833,-70.8778
125000000,4,2,140.0,200.0,0,-33.6167,-70.5667
176170500,4,3,156.0,156.0,0,-33.582,-70.692
110000000,2,1,96.0,96.0,1,-33.5167,-70.7667
626028100,4,2,125.0,330.0,2,-33.3867,-70.5688
166900000,4,4,115.0,130.0,1,-33.5167,-70.7667
380813000,3,2,150.0,150.0,2,-33.4088,-70.5671
320310000,3,3,114.0,299.0,2,-33.5167,-70.6389
167273000,4,4,100.0,135.0,2,-33.5167,-70.7667
1156675000,6,5,344.0,723.0,0,-33.35,-70.6
210000000,4,3,85.0,147.0,0,-33.452,-70.723
140000000,4,3,78.0,78.0,1,-33.6167,-70.5667
140000000,5,3,90.0,110.0,0,-33.5167,-70.7667
98000000,2,1,55.0,90.0,2,-33.7843,-70.7217
288279000,4,2,98.0,360.0,2,-33.443,-70.532
240000000,6,2,285.0,300.0,0,-33.4624,-70.6491
184500000,5,3,120.0,160.0,1,-33.582,-70.692
70000000,3,1,120.0,136.0,1,-33.472,-70.683
115000000,3,1,60.0,128.0,0,-33.5167,-70.6389
140000000,3,2,60.0,110.0,0,-33.5167,-70.7667
245571000,3,2,118.0,159.0,2,-33.3641,-70.6134
131683000,3,2,70.0,161.0,1,-33.5167,-70.7667
155457120,3,2,63.0,192.0,0,-33.6167,-70.5667
494701000,3,2,117.0,360.0,3,-33.3867,-70.5688
300000000,4,2,130.0,350.0,1,-33.4766,-70.6062
104900000,4,2,73.0,109.0,0,-33.6167,-70.5667
140000000,3,2,103.0,240.0,2,-33.4975,-70.6287
497904100,3,4,170.0,480.0,0,-33.1829,-70.6747
402167000,6,4,164.0,526.0,4,-33.443,-70.532
130000000,3,1,117.0,295.0,3,-33.5985,-70.8734
110000000,4,4,150.0,300.0,1,-33.519,-70.629
551645000,4,2,220.0,281.0,0,-33.435,-70.615
105000000,3,2,60.0,100.0,0,-33.5167,-70.7667
818570000,5,3,295.0,790.0,3,-33.4088,-70.5671
153037000,2,2,80.0,158.0,1,-33.5167,-70.7667
387931000,4,4,140.0,400.0,2,-33.3641,-70.6134
152000000,3,2,113.0,250.0,2,-33.6167,-70.5667
373339100,3,2,159.0,295.0,3,-33.443,-70.532
110000000,3,2,65.0,128.0,0,-33.5167,-70.7667
380000000,3,1,130.0,184.0,0,-33.2773,-70.6106
66197400,2,1,32.0,103.0,0,-33.7843,-70.7217
252689000,4,3,114.0,144.0,2,-33.3641,-70.6134
84800000,5,2,120.0,103.0,2,-33.5167,-70.6389
124565000,3,2,110.0,160.0,2,-33.5167,-70.6389
921781000,4,3,218.0,660.0,4,-33.435,-70.615
138801000,3,2,86.0,110.0,0,-33.6167,-70.5667
533850000,3,3,151.0,420.0,2,-33.4833,-70.55
185000000,4,2,64.0,64.0,0,-33.6167,-70.5667
227420100,4,3,130.0,130.0,3,-33.1829,-70.6747
177950000,2,3,175.0,200.0,1,-33.4088,-70.5671
355900000,4,3,175.0,380.0,3,-33.5719,-70.8068
363018000,5,4,160.0,318.0,2,-33.3641,-70.6134
886191000,4,4,300.0,803.0,4,-33.35,-70.6
302515000,5,4,216.0,226.0,1,-33.435,-70.615
419962000,4,4,134.0,408.0,0,-33.443,-70.532
88000000,3,2,56.0,84.0,1,-33.4333,-70.7167
197000000,9,8,199.0,180.0,0,-33.4037,-70.64
195745000,3,3,129.0,129.0,2,-33.6167,-70.5667
177665280,3,3,100.0,173.0,2,-33.727,-70.7046
150000000,4,2,120.0,140.0,1,-33.5167,-70.7667
81857000,2,1,46.0,145.0,1,-33.6844,-70.9248
291838000,4,3,143.0,229.0,2,-33.3641,-70.6134
330000000,3,3,135.0,172.0,0,-33.2773,-70.6106
150000000,4,3,110.0,140.0,2,-33.5167,-70.7667
88975000,4,2,75.0,125.0,2,-33.5719,-70.8068
889750000,4,3,212.0,212.0,4,-33.4088,-70.5671
78831850,2,2,59.0,101.0,1,-33.582,-70.692
166000000,4,3,120.0,156.0,0,-33.6167,-70.5667
280000000,9,3,122.0,475.0,0,-33.4264,-70.6996
252333100,5,2,155.0,546.0,5,-33.5667,-70.7167
135000000,4,3,105.0,130.0,2,-33.6167,-70.5667
281161000,6,2,300.0,510.0,8,-33.582,-70.692
427080000,3,2,110.0,500.0,0,-33.5007,-70.6514
250000000,5,2,147.0,220.0,3,-33.4624,-70.6491
597912000,3,3,129.0,161.0,2,-33.4088,-70.5671
405726000,2,1,95.0,687.0,6,-33.4766,-70.6062
423165100,3,3,90.0,178.0,1,-33.3867,-70.5688
319242300,4,2,57.0,347.0,0,-33.4037,-70.64
444875000,5,2,200.0,360.0,0,-33.5007,-70.6514
180000000,3,1,64.0,200.0,0,-33.4088,-70.5671
1067700000,9,4,298.0,614.0,7,-33.4088,-70.5671
127500000,5,3,123.0,132.0,1,-33.727,-70.7046
120000000,5,2,70.0,100.0,2,-33.4833,-70.55
1032110000,6,5,360.0,670.0,4,-33.4088,-70.5671
216921050,3,3,130.0,190.0,1,-33.4624,-70.6491
238595360,3,3,105.0,198.0,3,-33.5167,-70.6389
125000000,3,1,72.0,150.0,0,-33.5667,-70.7167
533850000,5,4,140.0,320.0,0,-33.35,-70.6
416403000,4,3,140.0,365.0,2,-33.3641,-70.6134
113888000,3,1,63.0,100.0,0,-33.6167,-70.5667
370136000,3,2,112.0,152.0,2,-33.435,-70.615
135242000,4,3,90.0,121.0,0,-33.5167,-70.7667
138302740,3,2,130.0,146.0,2,-33.5167,-70.7667
39000000,2,1,57.0,76.0,0,-33.2833,-70.8778
84000000,3,1,60.0,80.0,1,-33.582,-70.692
576558000,3,3,164.0,615.0,2,-33.4088,-70.5671
918222000,4,4,267.0,690.0,3,-33.4088,-70.5671
637061000,3,3,181.0,377.0,4,-33.3867,-70.5688
448434000,6,3,250.0,598.0,1,-33.5167,-70.6333
150000000,3,2,57.0,211.0,3,-33.5985,-70.8734
462670000,4,2,114.0,224.0,3,-33.3867,-70.5688
85000000,5,1,100.0,162.0,2,-33.5667,-70.7167
145000000,3,3,144.0,107.0,0,-33.6167,-70.5667
1138524100,5,5,293.0,680.0,3,-33.4088,-70.5671
128000000,9,3,190.0,180.0,0,-33.5667,-70.7167
800775000,5,4,260.0,600.0,2,-33.4088,-70.5671
658415000,5,6,280.0,700.0,3,-33.4833,-70.55
182114030,3,1,60.0,160.0,1,-33.5167,-70.6389
85000000,4,1,92.0,92.0,1,-33.4833,-70.55
551289100,4,4,160.0,350.0,2,-33.435,-70.615
1423244100,6,5,490.0,975.0,3,-33.35,-70.6
516055000,5,3,140.0,276.0,4,-33.35,-70.6
67000000,3,1,56.0,120.0,0,-33.4034,-70.7213
510716500,5,4,210.0,460.0,2,-33.4833,-70.55
67621000,3,1,70.0,110.0,0,-33.6167,-70.5667
907545000,6,4,226.0,336.0,11,-33.435,-70.615
118265570,3,2,86.0,138.0,0,-33.5167,-70.7667
223861100,3,3,86.0,100.0,2,-33.3641,-70.6134
134990000,4,2,138.0,200.0,1,-33.6167,-70.5667
170000000,3,1,111.0,100.0,2,-33.4667,-70.6667
120000000,4,1,110.0,180.0,0,-33.452,-70.723
250000000,3,2,100.0,800.0,0,-33.4037,-70.64
701123000,4,3,215.0,611.0,0,-33.35,-70.6
74500000,3,2,120.0,150.0,1,-33.582,-70.692
95000000,4,2,160.0,102.0,1,-33.6167,-70.5667
298000000,7,7,249.0,321.0,2,-33.4766,-70.6062
81857000,4,1,80.0,110.0,0,-33.4833,-70.55
274043000,4,3,110.0,161.0,2,-33.4833,-70.55
120000000,2,2,84.0,171.0,0,-33.5167,-70.6389
72000000,5,1,79.0,97.0,3,-33.3667,-70.7333
288279000,4,3,124.0,175.0,0,-33.5167,-70.6389
551645000,3,3,140.0,240.0,0,-33.3867,-70.5688
98000000,4,1,80.0,96.0,3,-33.6167,-70.5667
131683000,3,1,65.0,98.0,1,-33.5167,-70.6389
140000000,3,1,90.0,200.0,1,-33.45,-70.7
516055000,3,3,159.0,240.0,2,-33.4088,-70.5671
224217000,3,3,104.0,250.0,2,-33.5167,-70.7667
462492050,3,3,180.0,400.0,2,-33.1829,-70.6747
220000000,3,1,81.0,300.0,3,-33.5007,-70.6514
45000000,2,1,39.0,60.0,0,-33.6167,-70.5667
150000000,2,1,60.0,550.0,0,-33.519,-70.629
330000000,5,3,160.0,350.0,4,-33.4975,-70.6287
309633000,3,2,88.0,156.0,2,-33.443,-70.532
149478000,3,2,75.0,183.0,0,-33.5167,-70.7667
426368200,5,3,180.0,250.0,2,-33.35,-70.6
1014315000,5,5,290.0,850.0,5,-33.35,-70.6
309170330,4,3,93.0,142.0,2,-33.443,-70.532
275000000,3,2,240.0,530.0,1,-33.582,-70.692
126095370,4,3,140.0,161.0,2,-33.45,-70.7
169621940,3,2,87.0,116.0,1,-33.3667,-70.7333
90000000,3,2,80.0,90.0,1,-33.727,-70.7046
658415000,17,15,293.0,350.0,0,-33.4624,-70.6491
144000000,5,1,278.0,270.0,0,-33.4975,-70.6287
161222700,4,1,140.0,403.0,4,-33.5719,-70.8068
140000000,5,2,133.0,173.0,1,-33.4766,-70.6062
97000000,3,3,170.0,87.0,0,-33.4333,-70.7167
606510379,10,5,187.0,416.0,0,-33.4624,-70.6491
320000000,3,2,121.0,520.0,0,-33.5667,-70.7167
170832000,6,1,161.0,179.0,0,-33.4624,-70.6491
96626850,2,1,75.0,71.0,1,-33.4034,-70.7213
379999990,7,2,219.0,240.0,0,-33.4624,-70.6491
80000000,3,1,77.0,114.0,0,-33.4833,-70.55
459111000,3,2,120.0,335.0,5,-33.4088,-70.5671
129547600,3,1,129.0,209.0,3,-33.5167,-70.7667
533494100,5,3,230.0,528.0,5,-33.4088,-70.5671
75500000,2,1,70.0,72.0,0,-33.582,-70.692
224217000,3,3,92.0,249.0,0,-33.1829,-70.6747
248774100,3,2,125.0,240.0,3,-33.5167,-70.6389
242012000,7,3,195.0,170.0,2,-33.6167,-70.5667
610368500,3,2,146.0,375.0,0,-33.4088,-70.5671
121006000,4,2,73.0,107.0,1,-33.4333,-70.7167
53000000,3,1,50.0,61.0,1,-33.6167,-70.5667
175992550,3,2,79.0,150.0,0,-33.6167,-70.5667
69800000,5,1,78.0,90.0,1,-33.582,-70.692
174391000,4,1,120.0,226.0,0,-33.2468,-70.625
1007197000,5,4,257.0,700.0,5,-33.4088,-70.5671
124565000,3,3,78.0,133.0,2,-33.5719,-70.8068
180000000,3,1,91.0,91.0,0,-33.6844,-70.9248
462314100,5,5,156.0,410.0,5,-33.3641,-70.6134
74000000,4,1,64.0,109.0,1,-33.4034,-70.7213
640264100,4,4,318.0,556.0,3,-33.1829,-70.6747
138445100,3,3,90.0,163.0,1,-33.727,-70.7046
1245650000,6,5,300.0,894.0,6,-33.4088,-70.5671
97000000,3,2,67.0,87.0,1,-33.6167,-70.5667
576558000,4,2,160.0,320.0,2,-33.4088,-70.5671
694005000,4,5,206.0,385.0,3,-33.443,-70.532
1204721500,6,7,520.0,520.0,5,-33.35,-70.6
494701000,2,2,89.0,393.0,0,-33.4088,-70.5671
569084100,4,4,235.0,490.0,3,-33.1829,-70.6747
180000000,6,3,110.0,195.0,0,-33.2833,-70.8778
302515000,3,3,120.0,698.0,2,-33.4333,-70.7167
234894000,3,21,94.0,345.0,2,-33.1829,-70.6747
98000000,4,1,80.0,100.0,1,-33.5167,-70.7667
448434000,4,3,145.0,300.0,2,-33.4624,-70.6491
373695000,4,5,174.0,425.0,2,-33.4833,-70.55
143500000,8,4,72.0,180.0,1,-33.4037,-70.64
1064141000,4,4,260.0,960.0,6,-33.443,-70.532
169900000,5,2,162.0,170.0,0,-33.4624,-70.6491
145000000,3,2,90.0,240.0,3,-33.582,-70.692
192186000,2,3,117.0,199.0,2,-33.6167,-70.5667
246709880,5,2,198.0,250.0,0,-33.368,-70.642
978725000,6,5,260.0,539.0,5,-33.435,-70.615
274043000,3,3,108.0,200.0,2,-33.3641,-70.6134
120000000,5,2,140.0,119.0,1,-33.4034,-70.7213
133889580,4,3,95.0,120.0,2,-33.5167,-70.7667
401099300,4,4,264.0,759.0,2,-33.5167,-70.6333
355900000,3,2,80.0,350.0,3,-33.3867,-70.5688
180000000,4,3,140.0,300.0,1,-33.519,-70.629
300000000,4,2,144.0,680.0,0,-33.4264,-70.6996
316751000,3,3,123.0,266.0,2,-33.3641,-70.6134
255000000,6,2,160.0,245.0,2,-33.2468,-70.625
384372000,4,3,136.0,360.0,3,-33.443,-70.532
120000000,3,1,100.0,200.0,1,-33.4624,-70.6491
69999999,3,1,50.0,100.0,1,-33.6167,-70.5667
220000000,5,2,117.0,208.0,0,-33.4624,-70.6491
276534300,4,4,132.0,120.0,2,-33.582,-70.692
149478000,3,3,82.0,160.0,1,-33.582,-70.692
175000000,4,1,168.0,157.0,0,-33.6167,-70.5667
1583755000,4,4,300.0,700.0,2,-33.3867,-70.5688
75000000,1,1,80.0,213.0,0,-33.4975,-70.6287
459111000,4,3,260.0,465.0,0,-33.4037,-70.64
729595000,4,5,255.0,630.0,5,-33.1829,-70.6747
604780870,4,3,280.0,790.0,1,-33.2773,-70.6106
551645000,4,3,144.0,483.0,0,-33.435,-70.615
95000000,3,1,64.0,130.0,1,-33.6167,-70.5667
597912000,3,2,128.0,128.0,2,-33.4088,-70.5671
89000000,3,2,98.0,110.0,0,-33.5985,-70.8734
120000000,3,1,110.0,260.0,4,-33.5667,-70.7167
129000000,2,1,174.0,270.0,3,-33.4667,-70.6667
122785500,3,2,120.0,200.0,1,-33.5667,-70.7167
220000000,5,2,108.0,288.0,0,-33.4833,-70.55
150000000,4,4,140.0,128.0,2,-33.5167,-70.7667
96164180,3,1,86.0,96.0,2,-33.3667,-70.7333
130000000,3,2,59.0,220.0,0,-33.4037,-70.64
240588400,5,2,120.0,196.0,2,-33.4833,-70.55
587235000,5,3,179.0,446.0,2,-33.1829,-70.6747
219875020,5,4,149.0,200.0,2,-33.3667,-70.7333
259807000,2,1,46.0,360.0,8,-33.5167,-70.6389
124565000,4,2,109.0,146.0,0,-33.4975,-70.6287
459111000,3,2,120.0,335.0,5,-33.4088,-70.5671
379994430,4,1,161.0,393.0,7,-33.4766,-70.6062
205000000,3,2,94.0,285.0,2,-33.6167,-70.5667
109368070,3,1,60.0,125.0,1,-33.5167,-70.7667
195745000,5,2,140.0,250.0,0,-33.4667,-70.6667
353408700,3,3,120.0,480.0,6,-33.1829,-70.6747
113888000,3,2,60.0,100.0,1,-33.6167,-70.5667
665533000,5,4,163.0,442.0,3,-33.4088,-70.5671
145919000,3,2,74.0,128.0,2,-33.582,-70.692
108000000,3,1,50.0,140.0,2,-33.5167,-70.7667
369602150,5,3,163.0,350.0,4,-33.4833,-70.55
70000000,3,2,113.0,100.0,1,-33.5667,-70.7167
79900000,2,1,70.0,90.0,1,-33.582,-70.692
327428000,4,3,150.0,237.0,2,-33.3641,-70.6134
1423600000,8,4,680.0,300.0,13,-33.4088,-70.5671
455552000,3,2,120.0,278.0,2,-33.4088,-70.5671
125000000,12,5,170.0,170.0,1,-33.472,-70.683
75450800,3,1,51.0,110.0,3,-33.2833,-70.8778
145919000,1,1,530.0,530.0,0,-33.5167,-70.6389
110000000,3,1,85.0,90.0,0,-33.5985,-70.8734
129999990,6,2,160.0,200.0,3,-33.4975,-70.6287
236673500,4,3,114.0,144.0,2,-33.3641,-70.6134
665533000,5,4,210.0,525.0,4,-33.2773,-70.6106
72247700,3,1,66.0,73.0,1,-33.5167,-70.6389
200000000,4,1,120.0,351.0,4,-33.5167,-70.6389
117624950,5,2,134.0,240.0,3,-33.45,-70.7
252689000,3,3,123.0,210.0,3,-33.5167,-70.7667
189000000,3,2,140.0,220.0,2,-33.6167,-70.5667
80000000,2,1,55.0,162.0,2,-33.422,-70.72
130000000,3,2,77.0,93.0,1,-33.6167,-70.5667
310000000,5,3,150.0,600.0,5,-33.435,-70.615
132000000,4,1,102.0,202.0,2,-33.4264,-70.6996
160155000,3,1,54.0,189.0,3,-33.6167,-70.5667
55000000,2,1,34.0,60.0,1,-33.5167,-70.6389
73000000,3,1,70.0,134.0,0,-33.6167,-70.5667
319598200,3,3,121.0,373.0,2,-33.1829,-70.6747
170000000,4,3,144.0,158.0,2,-33.5167,-70.7667
129800000,3,2,75.0,120.0,2,-33.4333,-70.7167
419962000,4,4,168.0,283.0,2,-33.4833,-70.55
1291917000,5,6,385.0,866.0,4,-33.4088,-70.5671
640264100,4,3,210.0,500.0,5,-33.4088,-70.5671
460000000,4,2,140.0,700.0,0,-33.5167,-70.7667
640264100,6,4,190.0,508.0,2,-33.35,-70.6
112606760,2,1,75.0,123.0,1,-33.6167,-70.5667
115000000,3,1,145.0,216.0,0,-33.5667,-70.7167
140000000,4,2,145.0,225.0,1,-33.472,-70.683
992961000,4,2,231.0,784.0,4,-33.2773,-70.6106
120000000,11,4,170.0,170.0,0,-33.472,-70.683
921781000,4,3,218.0,660.0,4,-33.435,-70.615
419962000,2,3,140.0,410.0,0,-33.4833,-70.55
269999990,3,1,75.0,205.0,3,-33.443,-70.532
153000000,3,2,99.0,152.0,3,-33.6167,-70.5667
58000000,2,1,48.0,71.0,1,-33.582,-70.692
85380410,4,2,80.0,80.0,0,-33.5167,-70.7667
344867100,3,3,136.0,424.0,2,-33.1829,-70.6747
302515000,6,2,195.0,780.0,0,-33.6167,-70.5667
115000000,3,3,81.0,158.0,0,-33.727,-70.7046
160000000,3,1,100.0,75.0,2,-33.2773,-70.6106
58723500,3,1,55.0,60.0,1,-33.6167,-70.5667
100000000,4,1,162.0,229.0,0,-33.5667,-70.7167
959150500,5,5,890.0,290.0,4,-33.35,-70.6
233114500,6,2,185.0,380.0,5,-33.368,-70.642
455552000,5,4,160.0,286.0,1,-33.443,-70.532
150000000,3,3,67.0,128.0,3,-33.6167,-70.5667
580117000,5,4,260.0,550.0,2,-33.4833,-70.55
252689000,3,3,115.0,340.0,2,-33.1829,-70.6747
430000000,3,2,145.0,240.0,1,-33.435,-70.615
462314100,4,2,140.0,294.0,0,-33.3867,-70.5688
69000000,3,1,65.0,136.0,0,-33.688,-71.2113
163002200,3,2,96.0,144.0,2,-33.5167,-70.6389
991181500,4,4,240.0,700.0,8,-33.35,-70.6
70000000,3,1,52.0,61.0,1,-33.6167,-70.5667
153037000,3,2,90.0,170.0,0,-33.582,-70.692
156951900,3,2,70.0,120.0,1,-33.452,-70.723
125000000,2,2,72.0,75.0,0,-33.4333,-70.7167
59500000,4,1,37.0,95.0,1,-33.422,-70.72
143783600,3,1,84.0,162.0,2,-33.2642,-70.715
236673500,5,5,142.0,494.0,4,-33.6433,-70.3504
302515000,4,3,265.0,170.0,2,-33.3641,-70.6134
119226500,3,2,85.0,131.0,0,-33.688,-71.2113
110000000,5,2,86.0,142.0,3,-33.368,-70.642
266925000,3,3,135.0,298.0,0,-33.5719,-70.8068
110578130,4,2,84.0,173.0,3,-33.4037,-70.64
100719700,4,2,78.0,268.0,2,-33.582,-70.692
149442410,3,2,122.0,160.0,1,-33.5985,-70.8734
164781700,3,2,95.0,110.0,1,-33.5167,-70.7667
105000000,3,2,77.0,112.0,1,-33.5167,-70.7667
161792140,3,1,90.0,348.0,0,-33.4034,-70.7213
168000000,2,1,78.0,143.0,3,-33.2468,-70.625
85060100,2,1,41.0,105.0,2,-33.6167,-70.5667
75000000,3,2,91.0,120.0,0,-33.582,-70.692
533494100,5,2,150.0,200.0,2,-33.4088,-70.5671
153037000,5,1,100.0,118.0,0,-33.4624,-70.6491
1494780000,5,6,420.0,850.0,3,-33.435,-70.615
135000000,3,1,120.0,80.0,1,-33.582,-70.692
315000000,5,3,150.0,290.0,0,-33.5167,-70.7667
319954100,3,2,100.0,190.0,0,-33.443,-70.532
526732000,5,8,193.0,595.0,4,-33.4333,-70.7167
391134100,5,4,180.0,360.0,2,-33.4833,-70.55
360000000,5,4,200.0,210.0,2,-33.435,-70.615
500000000,4,3,170.0,430.0,6,-33.2773,-70.6106
242012000,3,2,78.0,137.0,0,-33.4088,-70.5671
532070500,6,4,218.0,370.0,2,-33.4088,-70.5671
125000000,4,2,180.0,200.0,1,-33.4975,-70.6287
95000000,2,1,72.0,104.0,0,-33.4333,-70.7167
306074000,3,2,94.0,162.0,2,-33.4088,-70.5671
102000000,2,1,70.0,184.0,1,-33.5167,-70.6333
181153100,3,3,90.0,180.0,2,-33.5719,-70.8068
459111000,5,4,180.0,490.0,3,-33.1829,-70.6747
170832000,4,3,110.0,139.0,0,-33.5167,-70.7667
190000000,3,3,94.0,170.0,0,-33.4333,-70.7167
155000000,5,2,115.0,205.0,0,-33.582,-70.692
1049905000,6,5,250.0,627.0,4,-33.3867,-70.5688
240000000,5,3,240.0,200.0,0,-33.4624,-70.6491
76838810,2,1,65.0,80.0,2,-33.7843,-70.7217
65000000,2,1,60.0,90.0,2,-33.582,-70.692
62000000,3,2,81.0,110.0,1,-33.6936,-71.0118
587235000,3,3,140.0,450.0,2,-33.443,-70.532
76800000,2,1,53.0,84.0,2,-33.3667,-70.7333
135000000,4,4,90.0,140.0,0,-33.6167,-70.5667
150000000,3,1,80.0,130.0,2,-33.6167,-70.5667
160155000,3,3,117.0,160.0,0,-33.582,-70.692
291838000,3,2,92.0,207.0,2,-33.443,-70.532
475660350,3,3,140.0,402.0,2,-33.4833,-70.55
60000000,2,1,69.0,69.0,0,-33.4333,-70.7167
232758600,5,2,200.0,220.0,2,-33.5167,-70.6333
190000000,3,2,275.0,300.0,0,-33.4624,-70.6491
252689000,4,3,95.0,171.0,2,-33.4833,-70.55
391490000,3,3,140.0,252.0,2,-33.2773,-70.6106
284364100,3,2,87.0,188.0,2,-33.4088,-70.5671
345223000,4,3,132.0,169.0,2,-33.4833,-70.55
117447000,6,2,160.0,147.0,0,-33.4667,-70.6667
155000000,3,2,78.0,142.0,2,-33.5167,-70.6389
300000000,4,3,103.0,230.0,2,-33.4833,-70.55
140580500,4,2,111.0,120.0,0,-33.5167,-70.7667
177594100,4,2,125.0,148.0,3,-33.6167,-70.5667
850601000,4,4,300.0,900.0,5,-33.35,-70.6
516055000,6,4,180.0,520.0,2,-33.4833,-70.55
601471000,3,3,181.0,221.0,0,-33.4088,-70.5671
836365000,3,4,216.0,180.0,2,-33.35,-70.6
90000000,3,2,80.0,90.0,1,-33.727,-70.7046
110000000,3,1,89.0,120.0,1,-33.5167,-70.6389
259807000,2,1,80.0,360.0,7,-33.5167,-70.6389
130000000,3,2,82.0,122.0,2,-33.3667,-70.7333
285823290,4,2,169.0,832.0,0,-33.582,-70.692
59506480,2,1,53.0,72.0,0,-33.582,-70.692
106947950,3,1,54.0,175.0,1,-33.5667,-70.7167
191652150,4,1,140.0,400.0,1,-33.5667,-70.7167
183715580,3,1,84.0,107.0,0,-33.5667,-70.7167
101075600,3,1,55.0,144.0,1,-33.582,-70.692
333478300,1,1,470.0,470.0,0,-33.5667,-70.7167
142360000,3,2,71.0,75.0,2,-33.3641,-70.6134
610000000,4,2,180.0,553.0,4,-33.3867,-70.5688
160155000,3,3,96.0,127.0,2,-33.5167,-70.7667
782980000,2,2,247.0,412.0,0,-33.3867,-70.5688
320310000,4,2,176.0,103.0,2,-33.2773,-70.6106
298600100,3,3,118.0,252.0,4,-33.1829,-70.6747
605030000,5,4,220.0,380.0,2,-33.4088,-70.5671
365000000,3,2,133.0,300.0,3,-33.443,-70.532
526732000,5,8,193.0,597.0,4,-33.4333,-70.7167
364797500,3,3,119.0,144.0,2,-33.4088,-70.5671
135000000,3,1,75.0,180.0,3,-33.5167,-70.6333
136500000,5,4,158.0,161.0,0,-33.4624,-70.6491
87000000,4,1,73.0,128.0,0,-33.5667,-70.7167
325000000,6,5,246.0,600.0,0,-33.5167,-70.6333
121682210,3,2,91.0,162.0,1,-33.4833,-70.55
386151500,6,4,150.0,347.0,2,-33.4833,-70.55
676210000,5,3,183.0,270.0,4,-33.3867,-70.5688
294000000,4,3,142.0,275.0,2,-33.5167,-70.6389
651297000,4,4,200.0,550.0,2,-33.35,-70.6
120000000,3,1,65.0,166.0,1,-33.5167,-70.6389
996520000,6,3,298.0,399.0,5,-33.435,-70.615
128124000,3,1,66.0,133.0,3,-33.5167,-70.6389
68000000,3,1,110.0,110.0,0,-33.5667,-70.7167
76000000,3,2,80.0,150.0,0,-33.3667,-70.7333
87000000,4,2,68.0,68.0,1,-33.5167,-70.7667
487583000,4,3,170.0,618.0,2,-33.1829,-70.6747
123000000,5,2,107.0,160.0,1,-33.66,-70.55
79000000,2,1,52.0,79.0,1,-33.582,-70.692
167273000,3,1,83.0,100.0,1,-33.4833,-70.55
72000000,3,1,70.0,99.0,0,-33.4333,-70.7167
78500000,9,2,150.0,150.0,0,-33.472,-70.683
1850680000,25,29,1200.0,500.0,6,-33.4624,-70.6491
594353000,5,4,200.0,510.0,0,-33.443,-70.532
190000000,4,2,90.0,110.0,1,-33.4034,-70.7213
459111000,5,3,140.0,390.0,2,-33.4833,-70.55
412844000,3,3,180.0,500.0,3,-33.1829,-70.6747
125000000,3,2,85.0,139.0,0,-33.6167,-70.5667
156596000,3,1,79.0,210.0,2,-33.5167,-70.6389
105000000,3,1,70.0,64.0,1,-33.443,-70.532
252689000,5,4,266.0,124.0,0,-33.6167,-70.5667
124209100,2,2,120.0,150.0,0,-33.45,-70.7
409285000,3,2,145.0,428.0,3,-33.443,-70.532
158375500,3,3,98.0,130.0,2,-33.5167,-70.7667
232500000,5,3,170.0,200.0,0,-33.5667,-70.7167
163714000,3,3,100.0,180.0,3,-33.2833,-70.8778
505378000,5,4,139.0,560.0,5,-33.4833,-70.55
678000000,5,6,340.0,870.0,2,-33.3641,-70.6134
120000000,3,1,84.0,130.0,2,-33.5167,-70.7667
106058200,3,1,71.0,121.0,22,-33.4833,-70.55
115667500,3,2,98.0,146.0,1,-33.4975,-70.6287
145000000,3,2,97.0,233.0,0,-33.6167,-70.5667
66000000,3,1,60.0,160.0,0,-33.2642,-70.715
201083500,4,2,153.0,173.0,4,-33.5167,-70.6389
185000000,3,2,75.0,190.0,2,-33.2773,-70.6106
155000000,3,1,70.0,70.0,2,-33.2642,-70.715
665533000,6,5,329.0,980.0,6,-33.1829,-70.6747
90932450,2,1,86.0,110.0,1,-33.5167,-70.7667
186847500,3,2,77.0,164.0,1,-33.4833,-70.55
121433080,3,1,89.0,143.0,1,-33.5167,-70.7667
185779800,3,3,81.0,201.0,2,-33.6167,-70.5667
368783580,4,3,172.0,223.0,1,-33.2773,-70.6106
150000000,5,2,105.0,128.0,0,-33.5167,-70.6389
185000000,3,2,84.0,187.0,1,-33.5167,-70.7667
444875000,4,3,130.0,250.0,0,-33.4088,-70.5671
460890500,3,3,180.0,365.0,2,-33.443,-70.532
953812000,5,6,250.0,564.0,2,-33.4088,-70.5671
62000000,3,1,81.0,110.0,2,-33.6936,-71.0118
590794000,5,3,192.0,595.0,5,-33.2773,-70.6106
190000000,4,3,85.0,180.0,1,-33.6167,-70.5667
90042700,3,1,50.0,185.0,1,-33.2833,-70.8778
387931000,4,4,140.0,400.0,2,-33.3641,-70.6134
391490000,4,2,135.0,440.0,3,-33.5007,-70.6514
480465000,3,3,140.0,554.0,2,-33.1829,-70.6747
65000000,5,2,80.0,105.0,1,-33.582,-70.692
310000000,3,2,220.0,220.0,1,-33.5167,-70.6389
373339100,3,4,129.0,300.0,2,-33.4333,-70.7167
218700550,8,2,100.0,175.0,0,-33.4624,-70.6491
185000000,7,3,120.0,130.0,0,-33.2833,-70.8778
153000000,3,2,140.0,113.0,1,-33.2468,-70.625
500000000,4,2,135.0,571.0,0,-33.2773,-70.6106
249130000,3,2,70.0,110.0,1,-33.2773,-70.6106
282940500,5,1,236.0,500.0,5,-33.4333,-70.7167
154816500,3,3,110.0,136.0,3,-33.5167,-70.7667
957371000,6,5,385.0,565.0,4,-33.4088,-70.5671
162000000,3,2,98.0,178.0,1,-33.582,-70.692
222437500,3,3,100.0,182.0,2,-33.6167,-70.5667
370136000,4,3,188.0,286.0,2,-33.4833,-70.55
519614000,3,3,150.0,530.0,2,-33.1829,-70.6747
350000000,3,1,120.0,390.0,2,-33.5007,-70.6514
110000000,5,2,129.0,129.0,1,-33.688,-71.2113
284720000,4,3,210.0,358.0,4,-33.5167,-70.6389
172000000,4,2,100.0,194.0,1,-33.5167,-70.6389
284720000,4,3,140.0,276.0,0,-33.3641,-70.6134
210000000,3,2,77.0,170.0,0,-33.5167,-70.6389
480465000,4,4,173.0,400.0,2,-33.1829,-70.6747
170000000,4,2,83.0,250.0,4,-33.4975,-70.6287
138000000,3,1,100.0,92.0,0,-33.2468,-70.625
202863000,5,1,180.0,239.0,1,-33.5167,-70.6389
519614000,4,3,465.0,154.0,2,-33.1829,-70.6747
306074000,4,2,93.0,375.0,0,-33.4766,-70.6062
380813000,5,3,205.0,179.0,0,-33.2773,-70.6106
199000000,3,3,65.0,170.0,1,-33.5167,-70.6389
180000000,3,3,97.0,180.0,2,-33.582,-70.692
95000000,4,1,70.0,120.0,0,-33.368,-70.642
74418690,2,1,58.0,93.0,0,-33.4833,-70.55
104385470,3,1,55.0,115.0,1,-33.5167,-70.7667
601471000,5,5,165.0,309.0,2,-33.443,-70.532
818570000,7,4,320.0,418.0,4,-33.435,-70.615
462314100,4,4,189.0,400.0,2,-33.443,-70.532
96093000,5,1,102.0,121.0,2,-33.5167,-70.6389
128000000,3,3,95.0,120.0,2,-33.5167,-70.7667
216000000,3,2,86.0,510.0,7,-33.45,-70.7
110000000,3,1,89.0,89.0,0,-33.5167,-70.6389
160155000,4,3,123.0,243.0,2,-33.2833,-70.8778
226708300,4,3,120.0,171.0,3,-33.5167,-70.6389
198000000,3,3,125.0,180.0,2,-33.5167,-70.6389
266925000,4,4,157.0,235.0,2,-33.3641,-70.6134
131327100,3,2,82.0,106.0,3,-33.5167,-70.7667
404302400,2,4,136.0,338.0,1,-33.2773,-70.6106
971607000,5,4,267.0,690.0,3,-33.4088,-70.5671
98500000,3,1,55.0,135.0,1,-33.5167,-70.6389
505378000,4,2,200.0,580.0,4,-33.443,-70.532
138445100,3,3,70.0,121.0,2,-33.5167,-70.7667
75000000,2,1,60.0,74.0,2,-33.6167,-70.5667
569440000,4,4,5000.0,247.0,7,-33.1829,-70.6747
498260000,5,4,250.0,504.0,5,-33.2773,-70.6106
88000000,3,1,62.0,103.0,2,-33.5167,-70.7667
622825000,3,3,450.0,680.0,3,-33.35,-70.6
218878500,4,2,142.0,180.0,1,-33.5167,-70.7667
124209100,4,1,90.0,200.0,2,-33.582,-70.692
185000000,3,3,87.0,203.0,0,-33.3667,-70.7333
569440000,4,4,300.0,716.0,2,-33.1829,-70.6747
79000000,3,1,50.0,70.0,0,-33.582,-70.692
615707000,4,5,312.0,830.0,0,-33.1829,-70.6747
444875000,5,2,146.0,232.0,2,-33.443,-70.532
707850363,4,3,1250.0,385.0,4,-33.4088,-70.5671
140580500,3,3,80.0,173.0,1,-33.6167,-70.5667
508937000,4,4,120.0,240.0,2,-33.4088,-70.5671
135242000,4,2,94.0,131.0,2,-33.5167,-70.7667
98000000,3,2,70.0,100.0,0,-33.5167,-70.7667
462314100,4,3,190.0,400.0,2,-33.443,-70.532
444875000,3,3,139.0,380.0,2,-33.1829,-70.6747
567660500,3,3,178.0,656.0,2,-33.1829,-70.6747
68000000,4,2,162.0,162.0,0,-33.472,-70.683
134990000,4,2,200.0,200.0,1,-33.6167,-70.5667
125000000,3,1,80.0,90.0,1,-33.4833,-70.55
120000000,5,2,210.0,160.0,1,-33.422,-70.72
235605800,4,4,155.0,170.0,0,-33.5167,-70.7667
145000000,4,2,130.0,170.0,0,-33.582,-70.692
280000000,8,4,201.0,276.0,0,-33.4624,-70.6491
298956000,4,2,146.0,450.0,3,-33.5167,-70.6389
305000000,3,2,70.0,699.0,0,-33.5167,-70.7667
836365000,5,5,392.0,997.0,4,-33.1829,-70.6747
100000000,3,2,65.0,137.0,0,-33.727,-70.7046
82000000,4,1,85.0,85.0,0,-33.6167,-70.5667
163714000,3,3,75.0,150.0,2,-33.6167,-70.5667
87000000,3,1,83.0,92.0,1,-33.6167,-70.5667
694005000,5,5,360.0,890.0,2,-33.1829,-70.6747
173000000,2,1,90.0,295.0,2,-33.4766,-70.6062
1601194100,4,2,351.0,800.0,0,-33.3867,-70.5688
95000000,5,2,125.0,290.0,0,-33.5719,-70.8068
95000000,2,1,70.0,100.0,1,-33.5167,-70.6389
250000000,8,4,189.0,281.0,2,-33.5167,-70.6389
319954100,4,4,150.0,305.0,2,-33.1829,-70.6747
832806000,5,3,234.0,476.0,5,-33.4088,-70.5671
516055000,4,3,190.0,415.0,2,-33.443,-70.532
135000000,3,2,80.0,157.0,2,-33.5167,-70.6389
736713000,5,4,221.0,456.0,0,-33.4088,-70.5671
706461500,5,4,180.0,346.0,3,-33.3867,-70.5688
155000000,5,1,88.0,227.0,4,-33.2642,-70.715
640266660,4,3,224.0,265.0,0,-33.3867,-70.5688
686887000,15,4,604.0,691.0,6,-33.4624,-70.6491
145000000,3,2,98.0,177.0,1,-33.6167,-70.5667
93000000,2,1,96.0,111.0,1,-33.5167,-70.7667
441316000,4,2,150.0,200.0,4,-33.2773,-70.6106
199500000,4,3,140.0,230.0,3,-33.6167,-70.5667
68000000,1,1,30.0,162.0,1,-33.4274,-70.4843
81857000,2,1,41.0,95.0,1,-33.6167,-70.5667
492921500,3,2,133.0,210.0,0,-33.4088,-70.5671
330987000,3,3,108.0,340.0,0,-33.5167,-70.6389
165422320,3,3,83.0,120.0,1,-33.6167,-70.5667
405726000,3,3,127.0,350.0,2,-33.1829,-70.6747
280000000,6,3,250.0,340.0,4,-33.4766,-70.6062
391490000,4,2,163.0,140.0,1,-33.435,-70.615
1245294100,5,5,463.0,851.0,4,-33.35,-70.6
170832000,4,2,96.0,187.0,1,-33.5167,-70.6389
300000000,5,2,117.0,187.0,2,-33.35,-70.6
409285000,4,4,180.0,490.0,0,-33.4833,-70.55
117000000,4,2,95.0,128.0,0,-33.4034,-70.7213
182000000,3,3,86.0,265.0,3,-33.727,-70.7046
505378000,4,4,276.0,570.0,2,-33.1829,-70.6747
416403000,5,4,285.0,285.0,1,-33.443,-70.532
185000000,4,2,170.0,205.0,3,-33.5167,-70.7667
395049000,5,3,200.0,250.0,1,-33.435,-70.615
119226500,3,2,116.0,131.0,3,-33.5167,-70.6389
95000000,3,2,82.0,145.0,0,-33.5167,-70.7667
444875000,5,5,180.0,530.0,0,-33.3641,-70.6134
1170911000,6,5,300.0,700.0,4,-33.35,-70.6
312658150,3,2,107.0,260.0,3,-33.5167,-70.6389
480465000,7,3,210.0,170.0,0,-33.435,-70.615
125000000,3,1,67.0,135.0,1,-33.5167,-70.7667
400000000,3,2,190.0,750.0,5,-33.5167,-70.7667
497904100,5,5,172.0,400.0,3,-33.1829,-70.6747
210000000,4,2,93.0,130.0,3,-33.5167,-70.6389
633502000,5,4,200.0,980.0,2,-33.1829,-70.6747
270484000,2,1,133.0,334.0,0,-33.582,-70.692
80000000,2,1,55.0,81.0,2,-33.582,-70.692
110000000,2,2,70.0,120.0,2,-33.5167,-70.7667
110000000,2,1,85.0,145.0,1,-33.5167,-70.6333
398252100,4,3,140.0,410.0,4,-33.4833,-70.55
75000000,3,1,52.0,52.0,1,-33.582,-70.692
139900000,3,1,70.0,200.0,1,-33.5167,-70.7667
141292300,3,2,70.0,93.0,2,-33.4034,-70.7213
140000000,5,2,108.0,176.0,0,-33.5167,-70.7667
112000000,3,1,60.0,141.0,0,-33.452,-70.723
224217000,3,4,107.0,75.0,0,-33.5167,-70.6389
165000000,3,2,171.0,204.0,1,-33.368,-70.642
124565000,3,2,160.0,160.0,0,-33.5167,-70.6389
175000000,5,2,165.0,135.0,1,-33.4833,-70.55
373695000,4,4,150.0,250.0,2,-33.3641,-70.6134
348782000,4,2,128.0,252.0,3,-33.4833,-70.55
533494100,5,4,180.0,300.0,2,-33.443,-70.532
180000000,6,3,160.0,220.0,3,-33.4034,-70.7213
82000000,3,1,47.0,126.0,3,-33.6167,-70.5667
110000000,3,2,80.0,90.0,0,-33.6167,-70.5667
533494100,4,2,160.0,200.0,1,-33.4088,-70.5671
72000000,2,1,81.0,110.0,1,-33.6936,-71.0118
782980000,5,4,226.0,459.0,2,-33.4088,-70.5671
796860100,3,3,169.0,714.0,1,-33.4088,-70.5671
455552000,4,4,156.0,300.0,4,-33.4833,-70.55
747390000,4,3,230.0,720.0,0,-33.35,-70.6
153037000,4,3,107.0,159.0,2,-33.5167,-70.7667
140000000,3,2,65.0,200.0,5,-33.6167,-70.5667
185000000,4,2,170.0,341.0,3,-33.582,-70.692
148000000,2,1,89.0,275.0,3,-33.5167,-70.6333
85000000,3,2,89.0,81.0,2,-33.582,-70.692
110000000,3,2,59.0,80.0,2,-33.6167,-70.5667
100000000,4,2,139.0,145.0,1,-33.582,-70.692
145000000,3,2,90.0,162.0,0,-33.4833,-70.55
480109100,5,3,200.0,400.0,3,-33.1829,-70.6747
120000000,3,2,65.0,85.0,1,-33.3667,-70.7333
533494100,4,2,150.0,200.0,1,-33.4088,-70.5671
170000000,5,2,60.0,150.0,3,-33.5167,-70.7667
208201500,3,2,167.0,247.0,0,-33.3667,-70.7333
302515000,4,3,165.0,262.0,2,-33.3641,-70.6134
635281500,4,4,240.0,501.0,3,-33.35,-70.6
532070500,10,3,265.0,713.0,4,-33.2773,-70.6106
92534000,4,1,110.0,131.0,1,-33.45,-70.7
95000000,3,1,80.0,128.0,1,-33.5167,-70.7667
320310000,4,2,120.0,288.0,1,-33.5167,-70.6389
250000000,3,2,120.0,162.0,0,-33.45,-70.7
140000000,5,4,150.0,203.0,1,-33.422,-70.72
590794000,4,2,155.0,433.0,0,-33.2773,-70.6106
654856000,6,5,360.0,265.0,0,-33.4037,-70.64
78000000,2,1,75.0,85.0,1,-33.6167,-70.5667
130000000,4,3,100.0,130.0,1,-33.5667,-70.7167
77000000,3,1,65.0,105.0,1,-33.6167,-70.5667
228999999,5,1,235.0,335.0,0,-33.2468,-70.625
97000000,2,1,60.0,72.0,0,-33.5167,-70.7667
348782000,3,3,150.0,350.0,2,-33.1829,-70.6747
105000000,2,2,56.0,128.0,1,-33.5167,-70.7667
112000000,3,1,77.0,156.0,1,-33.5167,-70.7667
78298000,3,1,70.0,89.0,1,-33.3667,-70.7333
498000000,3,2,107.0,250.0,0,-33.3867,-70.5688
55000000,4,1,55.0,63.0,1,-33.6167,-70.5667
236000000,8,3,140.0,270.0,0,-33.6167,-70.5667
219000000,3,3,86.0,510.0,6,-33.45,-70.7
280000000,3,2,100.0,100.0,2,-33.443,-70.532
437757000,4,3,147.0,276.0,2,-33.4088,-70.5671
79000000,3,1,63.0,67.0,1,-33.6167,-70.5667
599691500,4,3,170.0,207.0,2,-33.4088,-70.5671
120000000,3,3,80.0,120.0,2,-33.6167,-70.5667
462670000,5,3,185.0,260.0,0,-33.3867,-70.5688
520000000,5,5,343.0,344.0,2,-33.5167,-70.7667
273687100,3,2,90.0,160.0,3,-33.443,-70.532
544171100,5,3,196.0,532.0,2,-33.1829,-70.6747
150000000,3,2,125.0,228.0,0,-33.2833,-70.8778
164425800,1,1,38.0,49.0,1,-33.2773,-70.6106
126522450,3,2,79.0,143.0,0,-33.1829,-70.6747
70000000,2,1,93.0,120.0,1,-33.349,-70.6383
150000000,3,1,120.0,250.0,4,-33.2773,-70.6106
82000000,4,1,120.0,198.0,0,-33.6167,-70.5667
91500000,3,1,80.0,130.0,1,-33.6167,-70.5667
345223000,4,3,156.0,319.0,3,-33.5167,-70.6389
128990000,3,2,61.0,176.0,3,-33.5167,-70.7667
615707000,5,3,168.0,368.0,3,-33.3867,-70.5688
1245650000,5,5,330.0,760.0,3,-33.35,-70.6
95000000,3,1,80.0,130.0,3,-33.6167,-70.5667
213540000,3,2,106.0,156.0,2,-33.5167,-70.7667
152325200,3,2,113.0,120.0,0,-33.5167,-70.7667
160155000,4,2,120.0,165.0,2,-33.3667,-70.7333
558407100,20,5,450.0,140.0,0,-33.4624,-70.6491
69400500,3,1,52.0,101.0,0,-33.5167,-70.6389
85416000,3,2,55.0,55.0,1,-33.6936,-71.0118
185068000,3,3,110.0,200.0,2,-33.5719,-70.8068
110000000,3,1,46.0,146.0,5,-33.5167,-70.7667
120000000,2,2,78.0,144.0,0,-33.5167,-70.7667
65000000,3,1,60.0,60.0,1,-33.4833,-70.55
147698500,3,1,72.0,110.0,0,-33.4333,-70.7167
110329000,3,2,90.0,110.0,0,-33.5167,-70.6389
121006000,3,2,136.0,200.0,0,-33.4667,-70.6667
430639000,4,2,81.0,240.0,0,-33.3867,-70.5688
149478000,4,3,108.0,121.0,0,-33.5167,-70.7667
124565000,3,1,55.0,131.0,0,-33.5167,-70.7667
74739000,2,1,52.0,78.0,0,-33.3667,-70.7333
480465000,5,3,200.0,300.0,2,-33.4088,-70.5671
209447150,3,3,90.0,120.0,0,-33.5167,-70.7667
338105000,3,3,140.0,600.0,6,-33.1829,-70.6747
494701000,5,5,190.0,430.0,2,-33.4833,-70.55
644179000,4,4,180.0,530.0,3,-33.35,-70.6
52000000,3,1,74.0,95.0,0,-33.6167,-70.5667
47000000,4,1,80.0,95.0,3,-33.6167,-70.5667
258739300,3,3,137.0,200.0,2,-33.5167,-70.7667
248418200,3,2,107.0,227.0,3,-33.3641,-70.6134
145919000,4,3,105.0,157.0,0,-33.2833,-70.8778
1200000000,3,2,160.0,940.0,5,-33.4088,-70.5671
423521000,3,2,80.0,190.0,2,-33.3867,-70.5688
836365000,5,4,216.0,429.0,3,-33.4088,-70.5671
586167300,4,3,133.0,247.0,0,-33.3867,-70.5688
110000000,9,3,200.0,300.0,0,-33.519,-70.629
180000000,5,2,162.0,175.0,0,-33.4624,-70.6491
70000000,3,1,47.0,160.0,2,-33.6167,-70.5667
391134100,4,3,177.0,271.0,0,-33.4037,-70.64
135000000,4,3,93.0,124.0,0,-33.5167,-70.7667
145000000,3,3,80.0,142.0,2,-33.5985,-70.8734
130000000,5,2,100.0,120.0,0,-33.6167,-70.5667
871955000,6,5,360.0,750.0,0,-33.4088,-70.5671
818570000,5,3,170.0,801.0,4,-33.4088,-70.5671
148944150,4,4,160.0,160.0,1,-33.5167,-70.6389
694005000,3,2,210.0,320.0,0,-33.3867,-70.5688
710695993,3,2,453.0,201.0,0,-33.435,-70.615
155000000,5,3,200.0,266.0,3,-33.6167,-70.5667
124565000,4,1,100.0,200.0,0,-33.582,-70.692
225000000,4,1,113.0,613.0,3,-33.6167,-70.5667
550000000,12,4,450.0,490.0,3,-33.2773,-70.6106
64062000,2,1,70.0,80.0,0,-33.5167,-70.6389
147591730,3,3,120.0,149.0,0,-33.6167,-70.5667
249130000,4,2,180.0,200.0,1,-33.4624,-70.6491
355900000,5,4,180.0,430.0,3,-33.4833,-70.55
224217000,5,3,150.0,240.0,1,-33.6167,-70.5667
92000000,3,1,50.0,129.0,0,-33.4034,-70.7213
338105000,4,2,90.0,180.0,0,-33.443,-70.532
172397960,4,1,103.0,176.0,0,-33.4624,-70.6491
93000000,3,2,130.0,130.0,0,-33.5985,-70.8734
65000000,3,1,65.0,77.0,2,-33.6167,-70.5667
170000000,4,2,134.0,205.0,4,-33.6167,-70.5667
177238200,3,3,102.0,158.0,2,-33.5167,-70.6389
494701000,4,4,200.0,550.0,2,-33.1829,-70.6747
622825000,5,3,150.0,570.0,3,-33.4088,-70.5671
153784390,4,2,72.0,400.0,0,-33.7015,-70.79
387931000,4,4,140.0,400.0,2,-33.3641,-70.6134
676210000,3,2,130.0,312.0,2,-33.3867,-70.5688
153000000,3,3,80.0,125.0,3,-33.5167,-70.7667
135000000,3,2,85.0,136.0,0,-33.6167,-70.5667
533850000,5,3,140.0,330.0,3,-33.35,-70.6
729595000,4,3,144.0,530.0,3,-33.3867,-70.5688
145000000,3,2,130.0,156.0,3,-33.5167,-70.7667
151613400,2,3,149.0,149.0,1,-33.6167,-70.5667
54000000,4,1,65.0,70.0,1,-33.7843,-70.7217
220658000,4,3,107.0,310.0,2,-33.5719,-70.8068
230000000,4,3,280.0,330.0,4,-33.5167,-70.6333
116000000,4,2,100.0,125.0,2,-33.5167,-70.7667
59500000,4,2,108.0,108.0,0,-33.582,-70.692
114000000,4,1,79.0,79.0,0,-33.5167,-70.7667
87000000,3,2,77.0,77.0,1,-33.5719,-70.8068
65000000,4,1,59.0,85.0,1,-33.582,-70.692
419962000,4,3,130.0,190.0,0,-33.435,-70.615
70000000,1,1,47.0,120.0,1,-33.5167,-70.6389
195745000,7,3,140.0,200.0,0,-33.5167,-70.6389
128000000,6,2,77.0,120.0,0,-33.3667,-70.7333
105595530,3,1,70.0,170.0,1,-33.45,-70.7
99000000,4,2,180.0,200.0,0,-33.452,-70.723
140000000,4,1,116.0,250.0,0,-33.5667,-70.7167
542747500,3,3,150.0,518.0,2,-33.1829,-70.6747
601471000,4,3,180.0,400.0,0,-33.443,-70.532
226352400,5,2,142.0,120.0,0,-33.45,-70.7
525664300,3,3,200.0,830.0,0,-33.582,-70.692
656635500,4,4,170.0,382.0,2,-33.4088,-70.5671
549990000,3,2,129.0,313.0,4,-33.2773,-70.6106
110000000,3,1,90.0,120.0,0,-33.5167,-70.6389
252689000,5,2,184.0,360.0,2,-33.2773,-70.6106
82462030,3,2,81.0,135.0,1,-33.6167,-70.5667
169052500,4,3,132.0,235.0,3,-33.5985,-70.8734
68000000,2,1,80.0,70.0,1,-33.6167,-70.5667
99580820,4,2,100.0,100.0,3,-33.6167,-70.5667
71393540,3,1,85.0,75.0,1,-33.6167,-70.5667
76000000,3,1,58.0,103.0,1,-33.2833,-70.8778
533494100,4,2,160.0,200.0,0,-33.4088,-70.5671
85000000,3,1,70.0,120.0,0,-33.5167,-70.7667
157000000,5,3,120.0,149.0,0,-33.6167,-70.5667
658415000,8,6,283.0,680.0,4,-33.4833,-70.55
640620000,5,5,200.0,625.0,3,-33.4833,-70.55
658415000,5,5,220.0,660.0,3,-33.4833,-70.55
66500000,4,2,75.0,80.0,1,-33.582,-70.692
150000000,3,1,120.0,180.0,3,-33.45,-70.7
140000000,4,2,100.0,240.0,1,-33.5167,-70.6389
89686800,4,1,100.0,130.0,3,-33.6167,-70.5667
85000000,4,3,85.0,90.0,1,-33.582,-70.692
186847500,4,3,142.0,140.0,0,-33.4333,-70.7167
115000000,3,1,109.0,156.0,4,-33.519,-70.629
711088200,3,3,201.0,455.0,0,-33.435,-70.615
177594100,3,2,120.0,203.0,2,-33.582,-70.692
67000000,4,2,76.0,110.0,2,-33.422,-70.72
74500000,3,2,50.0,79.0,1,-33.4333,-70.7167
295397000,4,4,130.0,200.0,2,-33.3641,-70.6134
95000000,3,1,67.0,126.0,1,-33.5167,-70.6389
78298000,3,1,54.0,162.0,2,-33.4333,-70.7167
220000000,4,1,148.0,175.0,0,-33.4624,-70.6491
199304000,4,3,123.0,159.0,0,-33.6167,-70.5667
220000000,5,1,204.0,204.0,0,-33.4624,-70.6491
259807000,2,1,400.0,400.0,0,-33.5167,-70.6389
119226500,2,1,68.0,150.0,0,-33.5167,-70.6389
120000000,4,2,100.0,154.0,0,-33.2468,-70.625
462314100,5,2,195.0,400.0,5,-33.443,-70.532
387931000,6,3,170.0,425.0,7,-33.443,-70.532
94313500,3,1,46.0,106.0,1,-33.5167,-70.6389
137021500,3,2,70.0,100.0,0,-33.3667,-70.7333
255892100,3,2,90.0,200.0,2,-33.443,-70.532
100897650,6,1,178.0,190.0,0,-33.5167,-70.6333
40216700,3,1,50.0,50.0,0,-33.349,-70.6383
59221760,3,1,72.0,91.0,0,-33.7843,-70.7217
115667500,4,2,168.0,143.0,1,-33.582,-70.692
81857000,4,1,78.0,106.0,2,-33.7843,-70.7217
54000000,2,1,43.0,53.0,0,-33.422,-70.72
480465000,3,2,91.0,217.0,2,-33.4088,-70.5671
355900000,2,1,198.0,313.0,0,-33.435,-70.615
355828820,5,3,225.0,366.0,0,-33.6844,-70.9248
72000000,2,1,45.0,115.0,0,-33.4766,-70.6062
256248000,4,2,100.0,240.0,0,-33.5167,-70.6389
85416000,3,2,55.0,79.0,2,-33.2833,-70.8778
89000000,3,2,53.0,87.0,1,-33.2833,-70.8778
140000000,4,2,85.0,128.0,3,-33.6167,-70.5667
219946200,4,3,140.0,260.0,3,-33.5719,-70.8068
1028551000,8,7,300.0,954.0,3,-33.4088,-70.5671
355900000,5,3,125.0,270.0,2,-33.4833,-70.55
243969450,3,2,79.0,119.0,1,-33.4088,-70.5671
164710520,4,1,92.0,286.0,2,-33.6167,-70.5667
391490000,4,3,142.0,277.0,2,-33.4833,-70.55
255892100,6,2,180.0,300.0,0,-33.4624,-70.6491
129000000,2,3,69.0,157.0,2,-33.5719,-70.8068
387931000,3,3,170.0,280.0,2,-33.2773,-70.6106
68190440,3,2,77.0,90.0,2,-33.6844,-70.9248
306074000,5,3,148.0,241.0,3,-33.5167,-70.6389
103211000,2,1,75.0,75.0,0,-33.35,-70.6
107000000,5,2,120.0,120.0,0,-33.6844,-70.9248
78000000,2,1,45.0,110.0,2,-33.6844,-70.9248
100000000,2,2,85.0,120.0,0,-33.2833,-70.8778
89000000,3,2,53.0,87.0,1,-33.2833,-70.8778
70000000,2,1,43.0,80.0,1,-33.6167,-70.5667
144530990,3,1,57.0,178.0,2,-33.3667,-70.7333
110000000,4,1,88.0,128.0,3,-33.5167,-70.6389
135000000,2,1,90.0,190.0,2,-33.6167,-70.5667
266925000,3,3,192.0,220.0,2,-33.6167,-70.5667
65000000,3,2,80.0,87.0,2,-33.582,-70.692
50000000,3,1,48.0,68.0,3,-33.582,-70.692
159500000,5,3,120.0,149.0,0,-33.6167,-70.5667
90398600,3,1,146.0,200.0,0,-33.45,-70.7
320310000,4,4,127.0,370.0,2,-33.5167,-70.6389
125775060,3,2,116.0,200.0,0,-33.2642,-70.715
215000000,4,3,171.0,207.0,3,-33.5167,-70.7667
380813000,4,2,140.0,401.0,2,-33.5167,-70.6389
66909200,4,2,87.0,90.0,1,-33.6167,-70.5667
160000000,5,3,168.0,230.0,2,-33.5167,-70.6333
672651000,5,5,245.0,700.0,2,-33.1829,-70.6747
67000000,4,1,94.0,128.0,1,-33.349,-70.6383
235000000,4,3,114.0,500.0,2,-33.6167,-70.5667
227384510,3,2,94.0,283.0,2,-33.6167,-70.5667
565881000,4,4,175.0,433.0,0,-33.435,-70.615
669092000,5,4,213.0,462.0,4,-33.435,-70.615
494701000,3,4,176.0,297.0,2,-33.4088,-70.5671
1210060000,4,3,314.0,808.0,3,-33.35,-70.6
193000000,3,1,83.0,168.0,1,-33.5167,-70.6389
1064141000,5,6,370.0,700.0,2,-33.3867,-70.5688
165000000,3,2,80.0,222.0,2,-33.2833,-70.8778
302515000,4,3,127.0,300.0,0,-33.4333,-70.7167
461958200,4,3,160.0,335.0,2,-33.35,-70.6
362021480,4,3,151.0,432.0,0,-33.4766,-70.6062
145000000,3,1,90.0,200.0,2,-33.4037,-70.64
519614000,3,2,190.0,485.0,3,-33.443,-70.532
78511540,3,1,55.0,80.0,2,-33.6167,-70.5667
105097270,3,1,140.0,85.0,1,-33.6167,-70.5667
78938620,4,3,119.0,99.0,1,-33.349,-70.6383
154531780,4,2,134.0,205.0,1,-33.6167,-70.5667
91573070,3,1,66.0,78.0,1,-33.582,-70.692
359000000,4,2,150.0,240.0,2,-33.3867,-70.5688
177950000,4,3,106.0,183.0,2,-33.2833,-70.8778
409285000,2,1,305.0,654.0,0,-33.6167,-70.5667
85000000,3,2,67.0,117.0,0,-33.6167,-70.5667
135000000,4,1,111.0,144.0,0,-33.5167,-70.6333
110862850,3,2,50.0,122.0,2,-33.582,-70.692
177950000,3,3,103.0,220.0,2,-33.2833,-70.8778
93500000,5,2,47.0,80.0,2,-33.6167,-70.5667
300735500,5,4,180.0,219.0,2,-33.4833,-70.55
86448110,3,2,73.0,78.0,1,-33.6844,-70.9248
90000000,3,1,58.0,105.0,1,-33.6167,-70.5667
170000000,3,3,93.0,180.0,0,-33.5167,-70.6389
202507100,3,3,106.0,140.0,2,-33.3667,-70.7333
295397000,3,3,100.0,210.0,2,-33.4333,-70.7167
94313500,3,1,54.0,96.0,2,-33.2833,-70.8778
65000000,4,2,65.0,80.0,0,-33.6167,-70.5667
95737100,2,2,44.0,128.0,1,-33.5985,-70.8734
150000000,4,3,110.0,110.0,1,-33.4333,-70.7167
160000000,4,2,164.0,200.0,0,-33.2468,-70.625
362021480,4,3,151.0,432.0,0,-33.4766,-70.6062
66873610,3,1,50.0,79.0,2,-33.4624,-70.6491
95000000,3,2,60.0,100.0,0,-33.6167,-70.5667
80000000,2,1,70.0,80.0,0,-33.6167,-70.5667
125000000,3,1,62.0,160.0,2,-33.5667,-70.7167
569440000,4,4,192.0,510.0,4,-33.4833,-70.55
80789300,3,1,60.0,200.0,3,-33.727,-70.7046
274043000,3,1,129.0,263.0,2,-33.3641,-70.6134
250909500,3,1,120.0,340.0,5,-33.45,-70.7
380457100,3,3,139.0,470.0,0,-33.1829,-70.6747
220000000,3,1,120.0,259.0,1,-33.4037,-70.64
377254000,3,3,139.0,490.0,0,-33.1829,-70.6747
373695000,3,3,139.0,470.0,2,-33.1829,-70.6747
124565000,4,2,100.0,151.0,0,-33.4037,-70.64
120650100,3,2,62.0,189.0,3,-33.727,-70.7046
175000000,4,2,110.0,220.0,0,-33.6167,-70.5667
437757000,4,3,154.0,339.0,0,-33.3867,-70.5688
953812000,5,7,372.0,522.0,6,-33.435,-70.615
113888000,2,1,60.0,100.0,0,-33.2833,-70.8778
202863000,4,3,90.0,220.0,2,-33.6167,-70.5667
213184100,4,3,180.0,180.0,1,-33.443,-70.532
206422000,4,2,126.0,306.0,1,-33.5667,-70.7167
568728200,4,3,198.0,427.0,3,-33.2773,-70.6106
150000000,3,3,90.0,140.0,1,-33.5985,-70.8734
85000000,3,3,70.0,84.0,1,-33.3667,-70.7333
523137410,4,2,136.0,308.0,4,-33.4088,-70.5671
78000000,4,1,100.0,72.0,1,-33.5167,-70.7667
68000000,2,1,72.0,60.0,1,-33.5167,-70.6389
174035100,3,3,90.0,180.0,3,-33.5719,-70.8068
189801470,4,3,139.0,231.0,3,-33.5985,-70.8734
128000000,4,1,81.0,180.0,2,-33.4975,-70.6287
526732000,3,3,160.0,650.0,6,-33.1829,-70.6747
218878500,3,3,117.0,192.0,3,-33.3667,-70.7333
70000000,3,2,72.0,72.0,0,-33.2833,-70.8778
118000000,3,3,80.0,123.0,3,-33.5167,-70.7667
497548200,4,3,170.0,400.0,2,-33.1829,-70.6747
90000000,3,2,64.0,90.0,0,-33.3864,-71.1369
250000000,3,4,257.0,280.0,4,-33.5667,-70.7167
192000000,6,5,155.0,175.0,3,-33.5167,-70.6389
110000000,6,2,168.0,124.0,0,-33.4037,-70.64
711800000,6,3,185.0,396.0,2,-33.4088,-70.5671
199304000,4,3,116.0,209.0,2,-33.6167,-70.5667
120000000,2,1,43.0,40.0,0,-33.2773,-70.6106
250000000,4,2,117.0,325.0,0,-33.727,-70.7046
141541430,2,2,66.0,101.0,1,-33.4034,-70.7213
575490300,3,2,140.0,290.0,2,-33.4088,-70.5671
75000000,4,2,100.0,100.0,0,-33.6167,-70.5667
85000000,4,1,75.0,160.0,1,-33.5167,-70.7667
68000000,2,1,100.0,126.0,0,-33.349,-70.6383
85000000,3,1,100.0,120.0,1,-33.349,-70.6383
85000000,3,1,80.0,100.0,1,-33.5167,-70.6389
480465000,4,4,200.0,570.0,2,-33.4833,-70.55
69000000,3,1,60.0,92.0,1,-33.6167,-70.5667
280000000,4,2,230.0,148.0,4,-33.4624,-70.6491
220000000,3,3,88.0,240.0,3,-33.4833,-70.55
453772500,5,3,157.0,355.0,0,-33.2773,-70.6106
193500000,3,3,140.0,200.0,3,-33.727,-70.7046
416403000,5,4,152.0,285.0,0,-33.443,-70.532
252689000,9,5,152.0,300.0,5,-33.4766,-70.6062
75000000,3,1,90.0,90.0,0,-33.1829,-70.6747
106140000,3,2,136.0,136.0,0,-33.1829,-70.6747
200727600,3,3,106.0,268.0,0,-33.0833,-70.9167
110000000,3,2,110.0,110.0,1,-33.1829,-70.6747
604780870,4,3,280.0,790.0,1,-33.2773,-70.6106
240000000,9,5,500.0,330.0,2,-33.5007,-70.6514
175000000,3,3,140.0,220.0,3,-33.5167,-70.7667
156596000,2,1,129.0,299.0,3,-33.368,-70.642
85416000,3,2,80.0,120.0,0,-33.5167,-70.7667
149478000,4,2,139.0,130.0,0,-33.5167,-70.7667
90000000,3,1,84.0,66.0,1,-33.4833,-70.55
95000000,3,2,80.0,100.0,0,-33.5167,-70.6389
113888000,3,2,67.0,140.0,2,-33.4034,-70.7213
957371000,7,5,280.0,662.0,2,-33.4088,-70.5671
177000000,4,2,180.0,205.0,1,-33.5167,-70.7667
60503000,2,1,65.0,65.0,0,-33.45,-70.7
402167000,3,3,145.0,450.0,3,-33.1829,-70.6747
70000000,3,1,78.0,90.0,1,-33.6167,-70.5667
258027500,3,3,117.0,285.0,5,-33.5167,-70.6389
77977690,4,1,80.0,80.0,0,-33.6167,-70.5667
480465000,4,3,194.0,301.0,1,-33.443,-70.532
55000000,2,1,62.0,60.0,0,-33.582,-70.692
313192000,4,3,130.0,430.0,2,-33.1829,-70.6747
75000000,4,1,88.0,72.0,0,-33.6167,-70.5667
161578600,6,2,160.0,350.0,1,-33.4034,-70.7213
180000000,3,2,70.0,280.0,1,-33.582,-70.692
120000000,4,2,71.0,161.0,0,-33.5167,-70.6389
215000000,4,3,171.0,207.0,3,-33.5167,-70.7667
150000000,3,2,180.0,288.0,0,-33.582,-70.692
202863000,2,1,80.0,235.0,0,-33.5007,-70.6514
86732830,5,1,83.0,108.0,1,-33.582,-70.692
533494100,4,2,160.0,200.0,0,-33.4088,-70.5671
104634600,5,1,80.0,85.0,0,-33.6167,-70.5667
298956000,3,3,118.0,118.0,1,-33.4088,-70.5671
142360000,4,2,150.0,262.0,0,-33.2468,-70.625
135000000,3,2,68.0,70.0,0,-33.1829,-70.6747
130000000,3,2,119.0,129.0,0,-33.6167,-70.5667
640620000,4,4,210.0,500.0,6,-33.4088,-70.5671
95000000,4,2,110.0,120.0,3,-33.5167,-70.6389
996520000,6,6,200.0,700.0,2,-33.35,-70.6
231335000,3,3,145.0,200.0,0,-33.3667,-70.7333
57000000,4,1,82.0,72.0,1,-33.582,-70.692
181473410,4,3,116.0,159.0,0,-33.5167,-70.7667
210000000,4,2,140.0,205.0,1,-33.5167,-70.6389
105117755,3,2,86.0,138.0,0,-33.5167,-70.7667
80000000,4,1,100.0,90.0,0,-33.6167,-70.5667
63000000,2,1,55.0,75.0,0,-33.6167,-70.5667
80753710,3,2,130.0,140.0,0,-33.6844,-70.9248
213540000,4,3,112.0,650.0,0,-33.6936,-71.0118
199000000,3,1,120.0,340.0,0,-33.5167,-70.6333
167000000,3,2,121.0,250.0,0,-33.6167,-70.5667
65000000,2,2,54.0,54.0,1,-33.472,-70.683
132750700,4,2,128.0,128.0,0,-33.4037,-70.64
391454410,3,3,158.0,360.0,3,-33.1829,-70.6747
115667500,3,2,60.0,125.0,2,-33.6167,-70.5667
494701000,5,4,168.0,619.0,4,-33.1829,-70.6747
450569400,5,3,250.0,615.0,3,-33.5167,-70.6389
259000000,3,3,108.0,174.0,2,-33.5167,-70.6389
280805100,3,2,220.0,600.0,0,-33.5167,-70.6333
440000000,8,3,281.0,518.0,0,-33.435,-70.615
482244500,4,3,140.0,160.0,2,-33.435,-70.615
280000000,4,2,165.0,165.0,1,-33.2773,-70.6106
170000000,3,3,90.0,167.0,0,-33.6167,-70.5667
249130000,4,4,160.0,200.0,0,-33.45,-70.7
120000000,3,2,206.0,206.0,1,-33.5167,-70.7667
164710520,2,1,51.0,672.0,6,-33.452,-70.723
85000000,3,1,120.0,74.0,0,-33.6167,-70.5667
605030000,4,3,220.0,388.0,3,-33.4088,-70.5671
67585410,3,1,67.0,68.0,0,-33.6167,-70.5667
231335000,5,3,145.0,200.0,3,-33.3667,-70.7333
81145200,3,1,51.0,57.0,1,-33.3667,-70.7333
93000000,3,1,72.0,110.0,0,-33.4274,-70.4843
85416000,3,1,75.0,125.0,1,-33.6167,-70.5667
836365000,5,4,336.0,732.0,4,-33.4088,-70.5671
135000000,3,2,72.0,120.0,0,-33.6167,-70.5667
615707000,6,4,315.0,492.0,0,-33.2773,-70.6106
300000000,5,2,190.0,368.0,0,-33.435,-70.615
238453000,3,3,110.0,190.0,1,-33.4333,-70.7167
359990000,3,1,64.0,310.0,2,-33.4088,-70.5671
90000000,2,1,90.0,90.0,2,-33.6167,-70.5667
70500000,2,1,50.0,85.0,0,-33.582,-70.692
526732000,4,4,159.0,300.0,2,-33.443,-70.532
277602000,3,1,81.0,192.0,2,-33.443,-70.532
637061000,4,3,210.0,500.0,0,-33.4088,-70.5671
80000000,4,1,70.0,70.0,1,-33.5667,-70.7167
115000000,4,2,84.0,208.0,2,-33.582,-70.692
98000000,5,2,104.0,104.0,0,-33.6167,-70.5667
68000000,2,1,52.0,100.0,2,-33.6167,-70.5667
441316000,3,3,180.0,360.0,0,-33.443,-70.532
298956000,3,3,240.0,240.0,4,-33.4766,-70.6062
112464400,3,1,75.0,150.0,0,-33.6167,-70.5667
459111000,4,3,425.0,160.0,2,-33.1829,-70.6747
1174470000,4,3,231.0,800.0,2,-33.3867,-70.5688
348782000,4,3,140.0,385.0,2,-33.5167,-70.6389
161685370,8,3,201.0,500.0,0,-33.5985,-70.8734
170000000,3,2,98.0,170.0,3,-33.2642,-70.715
180000001,4,3,161.0,161.0,0,-33.5167,-70.6389
117447000,4,2,103.0,128.0,2,-33.4037,-70.64
70000000,3,1,75.0,77.0,0,-33.6167,-70.5667
85771900,4,1,82.0,83.0,2,-33.3667,-70.7333
772303000,6,4,244.0,443.0,0,-33.4088,-70.5671
92284870,5,2,97.0,250.0,0,-33.7015,-70.79
640620000,3,3,217.0,920.0,3,-33.4833,-70.55
586879100,3,3,180.0,410.0,0,-33.443,-70.532
288279000,5,4,160.0,350.0,2,-33.6167,-70.5667
222437500,3,1,113.0,387.0,6,-33.5007,-70.6514
220658000,3,2,90.0,200.0,0,-33.4833,-70.55
612112410,5,3,180.0,300.0,0,-33.4088,-70.5671
55000000,3,1,48.0,120.0,0,-33.349,-70.6383
711088200,4,4,207.0,295.0,1,-33.4088,-70.5671
324580800,5,4,140.0,315.0,2,-33.5167,-70.6389
43000000,1,2,50.0,70.0,0,-33.6167,-70.5667
123000000,4,2,115.0,182.0,1,-33.4037,-70.64
370000000,6,2,205.0,602.0,2,-33.4037,-70.64
1103290000,5,6,380.0,930.0,3,-33.4088,-70.5671
78000000,3,1,65.0,83.0,1,-33.6167,-70.5667
237563250,4,4,130.0,189.0,0,-33.5167,-70.6389
85000000,4,2,90.0,120.0,2,-33.4333,-70.7167
137021500,3,3,95.0,174.0,2,-33.2833,-70.8778
130000000,3,2,83.0,128.0,2,-33.452,-70.723
125597110,2,2,84.0,159.0,0,-33.5167,-70.7667
290000000,6,3,185.0,310.0,2,-33.45,-70.7
391490000,4,4,160.0,400.0,0,-33.1829,-70.6747
130000000,2,1,180.0,180.0,2,-33.45,-70.7
72000000,2,1,48.0,145.0,0,-33.2833,-70.8778
130793250,3,2,95.0,153.0,1,-33.4333,-70.7167
155000000,8,3,250.0,240.0,0,-33.6844,-70.9248
145919000,4,1,120.0,300.0,2,-33.2642,-70.715
145000000,4,3,135.0,156.0,0,-33.5167,-70.7667
142360000,3,3,84.0,133.0,2,-33.2833,-70.8778
145385150,3,3,101.0,135.0,1,-33.2833,-70.8778
142004100,4,2,400.0,400.0,0,-33.5667,-70.7167
60000000,2,1,60.0,60.0,0,-33.5167,-70.7667
120000000,3,2,74.0,118.0,0,-33.6167,-70.5667
100000000,3,1,49.0,82.0,0,-33.582,-70.692
637061000,7,4,225.0,568.0,0,-33.435,-70.615
95000000,3,1,75.0,123.0,0,-33.6167,-70.5667
130793250,2,1,72.0,77.0,1,-33.45,-70.7
440000000,5,4,198.0,361.0,0,-33.4088,-70.5671
289000000,4,2,85.0,264.0,1,-33.4766,-70.6062
145000000,4,3,109.0,177.0,0,-33.2833,-70.8778
120000000,3,2,104.0,158.0,0,-33.5985,-70.8734
390000000,7,3,194.0,500.0,0,-33.5007,-70.6514
77000000,2,1,50.0,92.0,0,-33.2833,-70.8778
729595000,4,3,180.0,470.0,2,-33.4088,-70.5671
96000000,4,1,75.0,125.0,0,-33.5167,-70.7667
181473410,5,2,116.0,115.0,1,-33.4034,-70.7213
818570000,5,3,225.0,619.0,2,-33.35,-70.6
147662910,4,3,106.0,150.0,2,-33.2833,-70.8778
137000000,4,2,80.0,100.0,3,-33.4264,-70.6996
462670000,5,2,195.0,350.0,0,-33.443,-70.532
120000000,3,1,70.0,325.0,0,-33.5719,-70.8068
102321250,4,2,95.0,131.0,3,-33.5167,-70.6389
99652000,3,1,55.0,190.0,0,-33.2833,-70.8778
62000000,3,2,80.0,60.0,0,-33.4034,-70.7213
176000000,3,2,165.0,210.0,0,-33.5167,-70.6389
729595000,5,3,210.0,750.0,2,-33.443,-70.532
499000000,6,3,245.0,630.0,0,-33.5007,-70.6514
135000000,4,1,82.0,208.0,1,-33.2642,-70.715
280000000,4,3,120.0,178.0,0,-33.5007,-70.6514
90000000,2,1,45.0,80.0,0,-33.6167,-70.5667
497904100,8,4,200.0,265.0,0,-33.4088,-70.5671
110000000,3,1,50.0,130.0,2,-33.5719,-70.8068
198948100,4,3,108.0,231.0,1,-33.3667,-70.7333
274043000,9,5,318.0,483.0,0,-33.4037,-70.64
180000000,8,5,120.0,210.0,1,-33.4833,-70.55
100000000,7,3,200.0,144.0,0,-33.4833,-70.55
640000000,25,4,713.0,410.0,0,-33.4624,-70.6491
1014315000,6,5,317.0,630.0,4,-33.4088,-70.5671
245571000,5,4,175.0,154.0,0,-33.3667,-70.7333
359459000,5,3,228.0,558.0,5,-33.4037,-70.64
215000000,8,4,350.0,575.0,2,-33.519,-70.629
774082500,6,5,210.0,452.0,2,-33.4088,-70.5671
80000000,2,1,50.0,144.0,0,-33.6167,-70.5667
150000000,6,4,180.0,180.0,1,-33.5167,-70.7667
175000000,3,2,124.0,205.0,0,-33.5167,-70.7667
206422000,3,3,95.0,180.0,0,-33.727,-70.7046
175000000,3,2,80.0,162.0,0,-33.6167,-70.5667
119226500,3,2,87.0,110.0,1,-33.5719,-70.8068
80000000,3,1,54.0,62.0,1,-33.6167,-70.5667
462314100,6,4,430.0,160.0,3,-33.4088,-70.5671
551645000,6,3,225.0,372.0,3,-33.435,-70.615
60000000,1,1,65.0,132.0,1,-33.582,-70.692
195000000,4,3,125.0,194.0,2,-33.4034,-70.7213
953812000,4,4,456.0,666.0,2,-33.4088,-70.5671
953812000,4,4,427.0,930.0,0,-33.4088,-70.5671
70000000,2,1,45.0,54.0,1,-33.6167,-70.5667
61000000,4,2,270.0,270.0,0,-33.1829,-70.6747
150000000,3,3,76.0,133.0,1,-33.6167,-70.5667
423521000,3,2,139.0,519.0,0,-33.2773,-70.6106
252689000,9,5,152.0,300.0,3,-33.4766,-70.6062
90000000,3,2,84.0,168.0,0,-33.5667,-70.7167
516055000,4,3,180.0,427.0,2,-33.1829,-70.6747
231335000,3,3,97.0,250.0,3,-33.582,-70.692
451993000,3,3,153.0,420.0,2,-33.1829,-70.6747
808711570,5,5,365.0,544.0,7,-33.435,-70.615
907545000,5,4,240.0,390.0,0,-33.3867,-70.5688
97000000,4,2,90.0,250.0,0,-33.6167,-70.5667
295397000,2,2,102.0,103.0,2,-33.2773,-70.6106
110329000,3,1,80.0,150.0,1,-33.5667,-70.7167
80000000,5,2,54.0,90.0,2,-33.4833,-70.55
192008050,8,3,170.0,500.0,0,-33.6844,-70.9248
61250390,1,1,21.0,21.0,0,-33.4624,-70.6491
290000000,6,3,320.0,540.0,1,-33.5167,-70.6333
484024000,4,4,190.0,299.0,2,-33.4088,-70.5671
252333100,6,3,161.0,320.0,2,-33.2468,-70.625
136500000,3,3,90.0,160.0,1,-33.582,-70.692
232580650,4,1,122.0,178.0,0,-33.4624,-70.6491
160155000,5,2,120.0,192.0,2,-33.3667,-70.7333
533850000,5,4,180.0,320.0,3,-33.35,-70.6
81857000,3,1,92.0,130.0,1,-33.5719,-70.8068
375474500,4,3,140.0,277.0,0,-33.4833,-70.55
250000000,3,1,121.0,390.0,0,-33.5167,-70.7667
540968000,10,3,232.0,377.0,6,-33.435,-70.615
327428000,3,3,100.0,300.0,0,-33.5167,-70.6389
78000000,4,1,80.0,100.0,0,-33.582,-70.692
47000000,3,1,41.0,71.0,0,-33.5667,-70.7167
252689000,4,3,122.0,256.0,0,-33.727,-70.7046
291838000,3,3,103.0,103.0,0,-33.443,-70.532
115000000,3,2,68.0,84.0,1,-33.3667,-70.7333
350000000,3,1,110.0,270.0,1,-33.5167,-70.6333
408929100,4,3,125.0,726.0,2,-33.4624,-70.6491
562322000,3,2,205.0,206.0,4,-33.2773,-70.6106
75000000,2,1,46.0,62.0,1,-33.5167,-70.7667
125632700,4,2,167.0,167.0,0,-33.3641,-70.6134
167273000,3,2,100.0,120.0,0,-33.6167,-70.5667
175000000,4,2,140.0,229.0,0,-33.6167,-70.5667
640620000,6,3,238.0,322.0,3,-33.435,-70.615
57000000,2,1,48.0,70.0,0,-33.6167,-70.5667
160000000,5,3,117.0,120.0,0,-33.6167,-70.5667
140936400,7,2,207.0,300.0,0,-33.4037,-70.64
988013990,10,4,330.0,860.0,2,-33.4088,-70.5671
428859500,3,3,138.0,180.0,0,-33.35,-70.6
496480500,4,2,130.0,200.0,0,-33.435,-70.615
220658000,4,2,165.0,220.0,0,-33.45,-70.7
140000000,4,2,90.0,178.0,0,-33.5167,-70.6389
368356500,3,3,120.0,420.0,3,-33.1829,-70.6747
150000000,4,1,90.0,220.0,1,-33.4667,-70.6667
123319350,3,2,90.0,200.0,1,-33.5985,-70.8734
120000000,3,2,93.0,137.0,2,-33.6167,-70.5667
330987000,5,3,146.0,213.0,1,-33.435,-70.615
302159100,3,3,108.0,144.0,2,-33.4833,-70.55
70000000,2,1,49.0,79.0,2,-33.6167,-70.5667
72000000,3,1,60.0,85.0,0,-33.2773,-70.6106
110000000,3,1,70.0,174.0,0,-33.2642,-70.715
145741050,3,3,75.0,134.0,2,-33.582,-70.692
228000000,3,2,125.0,300.0,5,-33.5007,-70.6514
58500000,2,1,65.0,80.0,2,-33.5667,-70.7167
423521000,4,2,139.0,519.0,3,-33.2773,-70.6106
76000000,4,1,80.0,98.0,2,-33.2833,-70.8778
260000000,6,3,288.0,194.0,1,-33.4624,-70.6491
118000000,3,2,57.0,149.0,2,-33.6167,-70.5667
142000000,4,4,71.0,128.0,1,-33.2833,-70.8778
322160680,5,3,109.0,600.0,0,-33.5167,-70.6333
389710500,3,3,214.0,500.0,0,-33.1829,-70.6747
996520000,5,4,240.0,550.0,0,-33.3867,-70.5688
364441600,4,2,86.0,193.0,0,-33.4088,-70.5671
140000000,2,2,51.0,100.0,1,-33.5167,-70.7667
921781000,4,3,247.0,310.0,1,-33.4088,-70.5671
266925000,3,3,105.0,128.0,0,-33.727,-70.7046
170000000,5,1,90.0,403.0,1,-33.6167,-70.5667
256248000,5,3,139.0,200.0,1,-33.5167,-70.6389
319954100,4,2,130.0,170.0,2,-33.2773,-70.6106
68000000,3,2,54.0,78.0,0,-33.2833,-70.8778
80000000,3,1,45.0,135.0,0,-33.5167,-70.7667
115000000,3,2,120.0,128.0,0,-33.6167,-70.5667
120000000,2,1,100.0,150.0,0,-33.4034,-70.7213
462670000,4,2,230.0,600.0,6,-33.4975,-70.6287
45000000,2,1,42.0,110.0,0,-33.1829,-70.6747
72000000,3,2,55.0,80.0,0,-33.582,-70.692
924984100,8,4,460.0,771.0,4,-33.435,-70.615
85000000,2,1,88.0,177.0,0,-33.4975,-70.6287
103744850,2,1,65.0,120.0,0,-33.5167,-70.7667
105000000,4,2,44.0,85.0,2,-33.582,-70.692
496480500,5,4,140.0,276.0,0,-33.35,-70.6
56944000,3,1,43.0,43.0,1,-33.582,-70.692
836365000,3,2,109.0,346.0,2,-33.3867,-70.5688
80291040,4,2,80.0,113.0,1,-33.727,-70.7046
800775000,4,3,300.0,800.0,0,-33.1829,-70.6747
844906600,10,4,270.0,450.0,4,-33.435,-70.615
704682000,5,4,260.0,860.0,0,-33.443,-70.532
889750000,24,7,810.0,810.0,8,-33.4624,-70.6491
128000000,4,3,90.0,130.0,0,-33.5167,-70.7667
80000000,2,1,32.0,171.0,0,-33.4274,-70.4843
85000000,3,1,74.0,171.0,1,-33.2833,-70.8778
83000000,4,1,84.0,98.0,2,-33.2833,-70.8778
242012000,2,3,153.0,193.0,0,-33.435,-70.615
53000000,3,1,50.0,63.0,0,-33.6167,-70.5667
67621000,2,1,62.0,62.0,1,-33.6167,-70.5667
177594100,4,3,143.0,263.0,2,-33.45,-70.7
708276590,4,4,197.0,80.0,2,-33.4088,-70.5671
300000000,6,2,500.0,500.0,0,-33.4624,-70.6491
55000000,3,2,64.0,69.0,1,-33.6167,-70.5667
115000000,3,2,70.0,122.0,2,-33.582,-70.692
100000000,3,2,75.0,105.0,0,-33.582,-70.692
193000000,4,2,114.0,242.0,1,-33.6167,-70.5667
160155000,3,2,89.0,115.0,2,-33.6167,-70.5667
65129700,3,1,65.0,80.0,1,-33.6167,-70.5667
419962000,4,3,130.0,190.0,0,-33.435,-70.615
75000000,3,1,80.0,162.0,1,-33.6167,-70.5667
97000000,3,2,80.0,100.0,2,-33.6167,-70.5667
115000000,3,1,78.0,80.0,0,-33.3667,-70.7333
1014315000,3,6,265.0,496.0,6,-33.3867,-70.5688
391490000,4,3,119.0,270.0,0,-33.2773,-70.6106
240232500,3,3,116.0,150.0,1,-33.5167,-70.6389
160155000,4,2,109.0,136.0,1,-33.4333,-70.7167
80504580,2,1,53.0,74.0,1,-33.6167,-70.5667
121006000,3,2,65.0,200.0,3,-33.2833,-70.8778
460890500,5,5,151.0,338.0,0,-33.435,-70.615
419606100,3,3,140.0,350.0,0,-33.1829,-70.6747
313192000,3,1,140.0,178.0,1,-33.2468,-70.625
177950000,3,3,120.0,215.0,0,-33.6167,-70.5667
115000000,3,1,75.0,90.0,2,-33.4833,-70.55
378321700,3,3,174.0,284.0,3,-33.5167,-70.6389
135000000,3,2,80.0,150.0,3,-33.582,-70.692
128000000,3,1,120.0,120.0,0,-33.4333,-70.7167
419018959,12,6,156.0,296.0,1,-33.4624,-70.6491
551289100,4,2,150.0,802.0,4,-33.35,-70.6
80000000,3,1,69.0,120.0,1,-33.5167,-70.6389
533850000,4,4,275.0,268.0,2,-33.2773,-70.6106
818570000,3,2,139.0,560.0,4,-33.3867,-70.5688
160155000,4,3,96.0,148.0,1,-33.6167,-70.5667
130000000,5,1,224.0,375.0,3,-33.4333,-70.7167
551645000,2,2,110.0,355.0,6,-33.3867,-70.5688
597912000,3,3,126.0,201.0,0,-33.4088,-70.5671
265145500,3,2,98.0,175.0,0,-33.443,-70.532
135000000,3,2,75.0,135.0,0,-33.727,-70.7046
300000000,4,2,82.0,90.0,2,-33.2773,-70.6106
189623520,3,3,116.0,128.0,1,-33.5167,-70.7667
496480500,5,3,140.0,427.0,2,-33.443,-70.532
110329000,3,1,54.0,120.0,1,-33.6167,-70.5667
395000000,3,2,135.0,500.0,4,-33.443,-70.532
711800000,6,4,182.0,349.0,0,-33.2773,-70.6106
284720000,4,3,150.0,380.0,3,-33.5167,-70.6333
160155000,3,2,75.0,142.0,1,-33.6167,-70.5667
658415000,3,2,167.0,220.0,0,-33.3867,-70.5688
122000000,3,1,91.0,138.0,1,-33.5167,-70.7667
427080000,4,3,156.0,156.0,1,-33.4624,-70.6491
288279000,4,2,120.0,400.0,0,-33.5007,-70.6514
430639000,3,3,139.0,427.0,0,-33.1829,-70.6747
60000000,3,1,50.0,80.0,1,-33.6167,-70.5667
708241000,4,4,192.0,192.0,4,-33.4088,-70.5671
274043000,12,12,231.0,186.0,0,-33.5167,-70.7667
202863000,4,3,122.0,136.0,1,-33.6167,-70.5667
426724100,5,4,180.0,490.0,2,-33.4833,-70.55
136736780,3,2,70.0,112.0,2,-33.5167,-70.7667
236673500,3,3,105.0,360.0,0,-33.1829,-70.6747
175900000,4,3,120.0,170.0,2,-33.6167,-70.5667
177950000,3,2,75.0,90.0,1,-33.4766,-70.6062
143000000,3,3,83.0,123.0,1,-33.6167,-70.5667
403234700,6,2,122.0,350.0,2,-33.45,-70.7
164425800,4,3,115.0,160.0,2,-33.2833,-70.8778
605030000,3,4,290.0,900.0,8,-33.582,-70.692
240000000,4,2,110.0,350.0,2,-33.6167,-70.5667
1024992000,5,5,292.0,620.0,3,-33.4088,-70.5671
255892100,3,3,115.0,260.0,0,-33.727,-70.7046
72000000,3,1,62.0,107.0,1,-33.5167,-70.7667
180000000,3,2,90.0,153.0,0,-33.5167,-70.6389
291838000,4,4,139.0,295.0,1,-33.4833,-70.55
854160000,5,4,240.0,600.0,7,-33.443,-70.532
302515000,5,3,140.0,160.0,2,-33.5167,-70.7667
1210060000,16,8,600.0,907.0,0,-33.435,-70.615
119990000,7,3,133.0,190.0,2,-33.4037,-70.64
288279000,3,2,117.0,293.0,2,-33.4766,-70.6062
83952000,2,1,54.0,90.0,0,-33.6167,-70.5667
139000000,3,1,83.0,111.0,1,-33.4037,-70.64
150000000,3,3,75.0,116.0,1,-33.582,-70.692
211013110,4,2,125.0,143.0,0,-33.4624,-70.6491
533850000,4,3,220.0,836.0,3,-33.5007,-70.6514
52000000,2,1,54.0,75.0,1,-33.6167,-70.5667
175000000,5,2,186.0,347.0,3,-33.368,-70.642
316751000,4,3,128.0,150.0,0,-33.4088,-70.5671
93000000,4,2,140.0,180.0,1,-33.5719,-70.8068
317500000,3,4,203.0,298.0,0,-33.4333,-70.7167
434198000,4,3,206.0,460.0,1,-33.443,-70.532
188627000,2,2,108.0,108.0,1,-33.4766,-70.6062
640620000,4,3,154.0,600.0,4,-33.4088,-70.5671
130000000,4,2,89.0,101.0,1,-33.4333,-70.7167
70000000,3,1,70.0,75.0,1,-33.6167,-70.5667
155000000,4,2,90.0,110.0,0,-33.5167,-70.6389
836365000,6,5,280.0,808.0,0,-33.35,-70.6
180000000,4,3,144.0,176.0,0,-33.45,-70.7
100000000,3,1,86.0,110.0,0,-33.6167,-70.5667
125000000,3,2,68.0,114.0,1,-33.5719,-70.8068
120000000,3,1,79.0,74.0,0,-33.4333,-70.7167
355900000,5,2,226.0,335.0,3,-33.2773,-70.6106
1416482000,4,5,370.0,694.0,3,-33.35,-70.6
293617500,4,1,80.0,90.0,0,-33.435,-70.615
310000000,7,7,249.0,321.0,2,-33.4766,-70.6062
85000000,3,1,84.0,162.0,2,-33.4274,-70.4843
80000000,6,2,196.0,156.0,0,-33.4333,-70.7167
153037000,3,2,58.0,176.0,2,-33.6167,-70.5667
54600000,2,1,50.0,80.0,1,-33.582,-70.692
49648050,2,1,50.0,60.0,0,-33.5167,-70.6389
137000000,7,2,156.0,192.0,1,-33.368,-70.642
498260000,3,3,164.0,550.0,5,-33.1829,-70.6747
150000000,3,2,91.0,149.0,0,-33.435,-70.615
434198000,4,2,88.0,240.0,2,-33.3867,-70.5688
640620000,6,5,202.0,638.0,0,-33.443,-70.532
587235000,5,3,250.0,577.0,0,-33.4088,-70.5671
120000000,5,2,154.0,108.0,0,-33.5167,-70.6389
220000000,3,3,88.0,240.0,3,-33.4833,-70.55
185000000,3,2,90.0,116.0,0,-33.6167,-70.5667
191652150,4,3,108.0,120.0,1,-33.4766,-70.6062
576558000,4,3,160.0,810.0,0,-33.35,-70.6
815011000,6,5,280.0,580.0,5,-33.4088,-70.5671
192000000,3,2,100.0,412.0,4,-33.727,-70.7046
544527000,4,4,177.0,600.0,2,-33.1829,-70.6747
142360000,4,1,70.0,100.0,1,-33.5167,-70.6389
139000000,4,3,146.0,280.0,3,-33.5167,-70.7667
64000000,2,2,57.0,60.0,1,-33.5719,-70.8068
67000000,4,2,200.0,210.0,0,-33.2833,-70.8778
130000000,2,2,72.0,75.0,0,-33.4333,-70.7167
569084100,3,3,164.0,650.0,3,-33.1829,-70.6747
98000000,3,2,90.0,110.0,2,-33.5167,-70.7667
122860000,4,2,91.0,114.0,0,-33.5167,-70.7667
167273000,4,3,120.0,200.0,2,-33.2833,-70.8778
245000000,4,3,114.0,360.0,3,-33.6167,-70.5667
92534000,5,1,68.0,120.0,0,-33.5167,-70.7667
460890500,10,3,348.0,770.0,3,-33.4624,-70.6491
80000000,3,2,112.0,162.0,1,-33.5667,-70.7167
135000000,3,3,100.0,140.0,2,-33.5167,-70.7667
183288500,6,3,140.0,160.0,3,-33.5667,-70.7167
233114500,3,3,116.0,155.0,1,-33.5167,-70.6389
120294200,3,2,70.0,116.0,1,-33.582,-70.692
391134100,3,3,140.0,400.0,2,-33.4833,-70.55
115000000,3,2,74.0,180.0,0,-33.4037,-70.64
480465000,6,3,135.0,170.0,0,-33.435,-70.615
115000000,4,1,108.0,204.0,1,-33.5167,-70.7667
220000000,2,2,220.0,220.0,4,-33.368,-70.642
800775000,5,4,259.0,589.0,0,-33.4088,-70.5671
79000000,3,2,102.0,78.0,2,-33.4624,-70.6491
516055000,4,3,200.0,400.0,2,-33.443,-70.532
462670000,4,3,194.0,301.0,1,-33.443,-70.532
145000000,3,3,120.0,140.0,2,-33.5167,-70.7667
330987000,5,3,137.0,266.0,0,-33.4833,-70.55
1163081200,5,3,240.0,817.0,7,-33.2773,-70.6106
427080000,4,2,170.0,156.0,1,-33.4088,-70.5671
594353000,5,5,5094.0,310.0,3,-33.7015,-70.79
587235000,5,3,250.0,577.0,0,-33.4088,-70.5671
85000000,4,1,51.0,152.0,2,-33.4037,-70.64
100000000,4,1,84.0,112.0,1,-33.472,-70.683
282940500,4,3,106.0,251.0,3,-33.1829,-70.6747
1547097300,4,4,358.0,549.0,1,-33.35,-70.6
266889410,4,2,115.0,337.0,2,-33.5167,-70.6389
562322000,5,4,164.0,375.0,11,-33.35,-70.6
231335000,3,2,135.0,180.0,2,-33.6167,-70.5667
190000000,2,1,200.0,200.0,1,-33.5007,-70.6514
533494100,4,2,150.0,200.0,1,-33.4088,-70.5671
90000000,3,1,85.0,115.0,0,-33.5167,-70.6389
83000000,2,1,50.0,90.0,0,-33.2833,-70.8778
116201350,3,2,60.0,110.0,2,-33.5167,-70.7667
122500000,3,3,75.0,145.0,0,-33.5719,-70.8068
135000000,3,1,110.0,160.0,1,-33.368,-70.642
68000000,2,1,55.0,65.0,0,-33.4333,-70.7167
65000000,3,1,50.0,155.0,0,-33.727,-70.7046
75000000,2,1,45.0,90.0,1,-33.6167,-70.5667
62000000,2,1,90.0,128.0,1,-33.349,-70.6383
444875000,3,3,140.0,235.0,3,-33.443,-70.532
186000000,4,3,110.0,275.0,0,-33.2833,-70.8778
180000000,8,1,100.0,442.0,0,-33.4264,-70.6996
79000000,5,2,114.0,120.0,2,-33.4034,-70.7213
318530500,4,4,139.0,284.0,2,-33.3641,-70.6134
177950000,4,3,79.0,104.0,2,-33.45,-70.7
133462500,4,1,175.0,195.0,2,-33.5167,-70.6333
82500000,4,2,142.0,88.0,0,-33.5167,-70.7667
308244990,5,5,300.0,500.0,1,-33.5167,-70.6333
300000000,3,2,100.0,700.0,1,-33.5007,-70.6514
112000000,3,2,96.0,128.0,0,-33.5167,-70.7667
220230920,3,2,124.0,420.0,0,-33.4766,-70.6062
215000000,5,4,140.0,330.0,1,-33.5167,-70.6333
213184100,3,4,175.0,294.0,0,-33.5167,-70.6333
711800000,3,2,100.0,534.0,2,-33.3867,-70.5688
516055000,6,5,190.0,374.0,2,-33.443,-70.532
246496340,4,3,254.0,254.0,0,-33.5007,-70.6514
62000000,2,1,52.0,80.0,1,-33.582,-70.692
190000000,4,3,106.0,249.0,0,-33.2833,-70.8778
462670000,4,3,154.0,275.0,3,-33.443,-70.532
761626000,4,4,270.0,931.0,3,-33.1829,-70.6747
245000000,5,3,150.0,234.0,2,-33.4975,-70.6287
130000000,6,2,180.0,190.0,2,-33.2642,-70.715
81358740,3,1,75.0,68.0,1,-33.5167,-70.6389
85000000,3,1,49.0,70.0,0,-33.452,-70.723
105000000,2,2,56.0,128.0,1,-33.5167,-70.7667
95000000,3,1,80.0,128.0,1,-33.5167,-70.7667
185000000,3,2,84.0,187.0,1,-33.5167,-70.7667
340000000,4,1,140.0,215.0,0,-33.2773,-70.6106
190000000,5,3,220.0,460.0,4,-33.422,-70.72
112000000,3,2,61.0,141.0,1,-33.5167,-70.7667
131683000,3,1,90.0,120.0,1,-33.6167,-70.5667
391490000,3,3,120.0,280.0,0,-33.4088,-70.5671
818214100,6,5,200.0,700.0,4,-33.443,-70.532
71180000,3,1,73.0,129.0,1,-33.688,-71.2113
50000000,3,1,48.0,98.0,0,-33.4333,-70.7167
462670000,6,4,230.0,413.0,0,-33.2773,-70.6106
69500000,3,1,100.0,100.0,2,-33.349,-70.6383
127000000,4,2,135.0,135.0,2,-33.5167,-70.7667
156240100,3,1,108.0,143.0,3,-33.5667,-70.7167
444875000,5,2,200.0,360.0,2,-33.5007,-70.6514
85060100,2,1,53.0,92.0,0,-33.1829,-70.6747
82604390,3,2,80.0,98.0,1,-33.1829,-70.6747
142360000,3,2,199.0,177.0,1,-33.1829,-70.6747
743831000,4,4,260.0,900.0,0,-33.35,-70.6
88975000,2,1,43.0,126.0,1,-33.6167,-70.5667
90000000,3,1,112.0,168.0,0,-33.4264,-70.6996
170000000,4,3,110.0,130.0,0,-33.6167,-70.5667
195000000,5,2,118.0,300.0,3,-33.4833,-70.55
209981000,3,1,150.0,357.0,6,-33.45,-70.7
139000000,3,1,75.0,111.0,1,-33.4624,-70.6491
169000000,4,3,144.0,158.0,2,-33.5167,-70.7667
72000000,3,1,62.0,109.0,1,-33.2833,-70.8778
94900000,5,1,102.0,162.0,3,-33.4667,-70.6667
74000000,3,1,51.0,103.0,3,-33.2833,-70.8778
59000000,4,1,75.0,90.0,1,-33.2833,-70.8778
78000000,3,2,51.0,79.0,2,-33.2833,-70.8778
140000000,3,3,83.0,120.0,3,-33.4034,-70.7213
54000000,3,2,57.0,77.0,3,-33.2833,-70.8778
127500000,5,3,126.0,132.0,1,-33.727,-70.7046
250000000,5,2,109.0,285.0,2,-33.4264,-70.6996
140000000,5,3,110.0,110.0,1,-33.5167,-70.7667
170000000,5,3,113.0,142.0,0,-33.6167,-70.5667
158700000,5,3,194.0,171.0,0,-33.4766,-70.6062
320000000,4,1,76.0,690.0,10,-33.5007,-70.6514
128000000,3,2,66.0,115.0,2,-33.5167,-70.7667
427080000,3,2,133.0,242.0,2,-33.4088,-70.5671
135242000,3,2,70.0,170.0,2,-33.5167,-70.6389
180000000,3,1,108.0,187.0,0,-33.2642,-70.715
70000000,2,2,81.0,123.0,0,-33.1829,-70.6747
163714000,3,3,131.0,90.0,3,-33.5167,-70.7667
137733300,3,3,66.0,118.0,0,-33.5167,-70.7667
64773800,3,1,54.0,137.0,1,-33.688,-71.2113
59990000,3,1,45.0,69.0,1,-33.5985,-70.8734
65000000,3,1,56.0,108.0,1,-33.6167,-70.5667
63000000,3,1,50.0,118.0,3,-33.582,-70.692
658415000,4,4,245.0,480.0,3,-33.4088,-70.5671
379033500,5,3,149.0,187.0,2,-33.4088,-70.5671
765185000,4,4,256.0,510.0,2,-33.3867,-70.5688
64000000,4,2,36.0,64.0,0,-33.4333,-70.7167
63000000,3,1,109.0,109.0,1,-33.4034,-70.7213
90000000,3,1,47.0,100.0,1,-33.4333,-70.7167
249130000,4,3,120.0,210.0,4,-33.3641,-70.6134
95000000,5,1,125.0,100.0,1,-33.4333,-70.7167
85000000,4,1,66.0,102.0,1,-33.472,-70.683
68000000,3,1,62.0,61.0,1,-33.6167,-70.5667
288279000,3,3,124.0,300.0,4,-33.5719,-70.8068
265181090,5,4,180.0,200.0,2,-33.4833,-70.55
330987000,4,3,230.0,220.0,1,-33.4624,-70.6491
120721280,4,2,115.0,115.0,2,-33.582,-70.692
167379770,3,2,85.0,170.0,3,-33.5167,-70.6389
125000000,3,3,125.0,112.0,0,-33.349,-70.6383
640620000,5,5,177.0,315.0,3,-33.2773,-70.6106
134530200,3,3,70.0,93.0,2,-33.6167,-70.5667
192186000,3,2,90.0,402.0,0,-33.727,-70.7046
193609600,6,2,158.0,425.0,0,-33.5667,-70.7167
516055000,4,4,124.0,210.0,2,-33.3867,-70.5688
88000000,3,1,64.0,150.0,1,-33.6167,-70.5667
157307800,3,2,65.0,199.0,0,-33.6167,-70.5667
245571000,2,2,91.0,140.0,0,-33.443,-70.532
120000000,4,2,120.0,200.0,2,-33.4833,-70.55
494701000,3,2,134.0,210.0,0,-33.4088,-70.5671
345223000,4,3,156.0,319.0,0,-33.5167,-70.6389
205000000,4,3,250.0,250.0,2,-33.6167,-70.5667
130000000,2,1,155.0,330.0,1,-33.3641,-70.6134
455552000,6,4,166.0,173.0,0,-33.35,-70.6
936017000,6,5,343.0,583.0,3,-33.435,-70.615
115000000,5,2,120.0,135.0,0,-33.4667,-70.6667
423165100,3,1,100.0,600.0,4,-33.443,-70.532
73000000,4,2,180.0,135.0,1,-33.5667,-70.7167
351629200,3,2,112.0,81.0,1,-33.4088,-70.5671
96093000,3,1,55.0,75.0,1,-33.4624,-70.6491
850601000,5,3,250.0,600.0,3,-33.35,-70.6
106990000,4,2,128.0,124.0,1,-33.5167,-70.7667
419962000,4,3,168.0,257.0,2,-33.4833,-70.55
99652000,3,1,100.0,90.0,1,-33.5167,-70.6389
540968000,4,3,180.0,216.0,0,-33.35,-70.6
205710200,3,2,76.0,88.0,0,-33.4766,-70.6062
398000000,4,2,84.0,251.0,2,-33.4088,-70.5671
65000000,3,2,54.0,294.0,2,-33.2833,-70.8778
112144090,3,1,64.0,176.0,0,-33.4975,-70.6287
70000000,3,1,48.0,90.0,0,-33.6167,-70.5667
871955000,4,5,282.0,450.0,4,-33.3867,-70.5688
69990000,3,2,94.0,60.0,0,-33.582,-70.692
192008050,4,1,130.0,130.0,0,-33.5167,-70.6333
338105000,3,3,184.0,400.0,7,-33.2468,-70.625
78000000,3,2,72.0,90.0,1,-33.5167,-70.7667
103000000,4,1,164.0,300.0,1,-33.4333,-70.7167
460000000,6,6,341.0,606.0,0,-33.4264,-70.6996
110000000,3,2,72.0,120.0,0,-33.5167,-70.7667
658415000,3,2,177.0,177.0,4,-33.4088,-70.5671
763405500,7,5,240.0,600.0,1,-33.35,-70.6
100000000,4,1,65.0,90.0,0,-33.5167,-70.7667
818570000,7,6,280.0,580.0,3,-33.4088,-70.5671
99652000,4,2,138.0,78.0,0,-33.5667,-70.7167
361594400,4,2,110.0,258.0,2,-33.4088,-70.5671
270000000,4,2,217.0,415.0,0,-33.4264,-70.6996
160000000,6,2,170.0,220.0,0,-33.368,-70.642
75000000,3,1,74.0,81.0,2,-33.519,-70.629
836365000,4,3,244.0,445.0,1,-33.4088,-70.5671
338105000,4,2,110.0,180.0,2,-33.443,-70.532
220000000,5,3,152.0,300.0,0,-33.4037,-70.64
104000000,4,2,70.0,128.0,2,-33.5167,-70.7667
359459000,4,3,130.0,275.0,2,-33.4833,-70.55
209981000,5,3,130.0,240.0,1,-33.5167,-70.7667
100000000,3,2,83.0,152.0,0,-33.5167,-70.7667
140000000,3,1,77.0,154.0,2,-33.2468,-70.625
209981000,3,3,95.0,120.0,2,-33.3641,-70.6134
53000000,3,1,110.0,80.0,2,-33.6167,-70.5667
138445100,9,2,90.0,160.0,1,-33.2642,-70.715
1618633200,4,4,358.0,628.0,1,-33.35,-70.6
135000000,3,2,180.0,120.0,1,-33.582,-70.692
105000000,3,1,218.0,218.0,0,-33.422,-70.72
249130000,3,2,214.0,405.0,0,-33.5167,-70.6389
175000000,3,3,101.0,144.0,1,-33.3667,-70.7333
120000000,4,2,140.0,280.0,2,-33.7509,-70.8983
66000000,3,1,67.0,100.0,1,-33.4034,-70.7213
782980000,4,3,300.0,485.0,2,-33.443,-70.532
68000000,3,2,60.0,87.0,1,-33.6167,-70.5667
55500000,2,1,52.0,71.0,0,-33.6167,-70.5667
444875000,4,4,140.0,368.0,2,-33.4833,-70.55
173000000,5,2,182.0,495.0,3,-33.582,-70.692
200000000,5,3,412.0,800.0,0,-33.5667,-70.7167
266569100,3,3,140.0,250.0,1,-33.3641,-70.6134
220000000,6,3,208.0,213.0,0,-33.5167,-70.6389
350000000,6,3,300.0,300.0,0,-33.2468,-70.625
309633000,3,3,118.0,235.0,2,-33.4333,-70.7167
155000000,3,1,100.0,150.0,0,-33.5167,-70.7667
298956000,3,3,118.0,373.0,3,-33.1829,-70.6747
192186000,3,2,75.0,144.0,2,-33.4833,-70.55
427080000,4,3,220.0,250.0,0,-33.443,-70.532
258027500,4,3,155.0,270.0,0,-33.5167,-70.6389
266925000,3,3,140.0,250.0,1,-33.3641,-70.6134
209000000,6,3,183.0,282.0,3,-33.452,-70.723
560542500,4,3,220.0,831.0,0,-33.1829,-70.6747
204642500,4,4,106.0,200.0,2,-33.4333,-70.7167
597912000,3,2,128.0,128.0,2,-33.4088,-70.5671
124000000,3,3,112.0,120.0,2,-33.6844,-70.9248
273402380,3,2,95.0,110.0,0,-33.435,-70.615
155000000,3,2,57.0,211.0,0,-33.5985,-70.8734
90000000,2,1,76.0,162.0,0,-33.582,-70.692
889750000,5,4,219.0,627.0,5,-33.3867,-70.5688
390778200,4,3,153.0,230.0,0,-33.4088,-70.5671
130971200,5,2,139.0,279.0,0,-33.6844,-70.9248
818570000,4,4,260.0,650.0,2,-33.35,-70.6
95000000,3,1,70.0,80.0,0,-33.6167,-70.5667
775862000,5,3,220.0,700.0,3,-33.35,-70.6
200000000,4,3,109.0,236.0,2,-33.4833,-70.55
605030000,5,3,177.0,466.0,1,-33.435,-70.615
320310000,4,2,115.0,172.0,3,-33.2773,-70.6106
75000000,2,1,50.0,90.0,0,-33.582,-70.692
5836,3,2,127.0,300.0,2,-33.5167,-70.6389
85000000,3,2,70.0,84.0,1,-33.4333,-70.7167
150000000,3,1,82.0,189.0,0,-33.35,-70.6
672651000,3,2,140.0,750.0,2,-33.443,-70.532
2085,2,1,80.0,160.0,2,-33.6844,-70.9248
139600000,3,3,90.0,160.0,2,-33.582,-70.692
600000000,3,1,80.0,300.0,0,-33.4264,-70.6996
96093000,2,2,52.0,99.0,0,-33.727,-70.7046
1174470000,4,3,231.0,800.0,0,-33.3867,-70.5688
77000000,2,1,59.0,72.0,1,-33.6167,-70.5667
320310000,3,4,130.0,230.0,0,-33.3641,-70.6134
160000000,7,3,195.0,199.0,2,-33.5167,-70.7667
672615410,6,4,263.0,500.0,4,-33.35,-70.6
446654500,4,3,122.0,172.0,0,-33.435,-70.615
658415000,4,4,195.0,300.0,0,-33.2773,-70.6106
150000000,3,3,80.0,120.0,2,-33.6167,-70.5667
120000000,4,2,80.0,75.0,0,-33.4264,-70.6996
130000000,4,3,110.0,120.0,1,-33.582,-70.692
120000000,4,3,147.0,90.0,2,-33.582,-70.692
562322000,3,3,143.0,498.0,4,-33.4088,-70.5671
420000000,5,4,245.0,295.0,1,-33.2773,-70.6106
302515000,5,4,216.0,226.0,1,-33.435,-70.615
622825000,6,4,360.0,561.0,0,-33.4088,-70.5671
497904100,5,3,240.0,400.0,0,-33.443,-70.532
137900000,4,2,110.0,152.0,0,-33.5167,-70.7667
130000000,3,2,94.0,154.0,2,-33.5167,-70.7667
70000000,4,1,102.0,102.0,1,-33.1829,-70.6747
266426740,8,2,263.0,263.0,0,-33.4624,-70.6491
1423600000,6,3,500.0,980.0,4,-33.35,-70.6
585000000,6,2,235.0,550.0,0,-33.1829,-70.6747
170000000,4,2,127.0,370.0,0,-33.5167,-70.6389
220000000,5,2,210.0,410.0,4,-33.4264,-70.6996
480465000,3,2,187.0,290.0,2,-33.443,-70.532
398252100,3,4,138.0,438.0,2,-33.1829,-70.6747
90000000,3,1,74.0,83.0,1,-33.4333,-70.7167
758067000,5,5,255.0,544.0,0,-33.4088,-70.5671
110329000,2,1,80.0,240.0,1,-33.519,-70.629
246176030,4,2,190.0,145.0,0,-33.4264,-70.6996
350000000,3,2,174.0,440.0,3,-33.5007,-70.6514
546306500,5,4,165.0,320.0,2,-33.35,-70.6
110000000,5,1,128.0,100.0,0,-33.4333,-70.7167
889750000,5,5,252.0,446.0,3,-33.4088,-70.5671
1032145590,5,5,300.0,790.0,5,-33.35,-70.6
60000000,3,2,60.0,100.0,2,-33.582,-70.692
307497600,3,1,75.0,188.0,2,-33.35,-70.6
130000000,3,2,105.0,171.0,3,-33.4667,-70.6667
694005000,6,4,241.0,400.0,3,-33.4088,-70.5671
140580500,6,4,100.0,160.0,0,-33.5167,-70.7667
795436500,3,3,185.0,703.0,4,-33.35,-70.6
150000000,3,2,78.0,166.0,1,-33.6167,-70.5667
140000000,6,2,142.0,280.0,1,-33.368,-70.642
97500000,2,1,75.0,144.0,2,-33.6167,-70.5667
150000000,5,2,150.0,180.0,0,-33.4264,-70.6996
128000000,4,2,87.0,171.0,2,-33.4766,-70.6062
145000000,4,3,148.0,123.0,2,-33.6167,-70.5667
450000000,4,3,125.0,250.0,3,-33.4088,-70.5671
95000000,2,2,69.0,80.0,1,-33.3667,-70.7333
60000000,2,1,70.0,100.0,1,-33.4624,-70.6491
95000000,4,1,80.0,103.0,0,-33.4264,-70.6996
155000000,4,3,139.0,110.0,2,-33.5167,-70.7667
100000000,4,1,78.0,169.0,2,-33.582,-70.692
56500000,4,1,130.0,79.0,1,-33.582,-70.692
266925000,3,3,138.0,240.0,2,-33.727,-70.7046
85000000,5,2,114.0,120.0,0,-33.5167,-70.7667
125000000,3,1,80.0,200.0,1,-33.45,-70.7
79900000,3,1,65.0,101.0,2,-33.688,-71.2113
291838000,3,3,320.0,140.0,2,-33.6167,-70.5667
130000000,3,2,65.0,194.0,2,-33.2833,-70.8778
106485280,3,2,84.0,126.0,2,-33.519,-70.629
498260000,4,2,132.0,424.0,2,-33.4833,-70.55
369602150,5,4,163.0,350.0,4,-33.4833,-70.55
133000000,3,2,75.0,150.0,1,-33.4034,-70.7213
59800000,3,1,72.0,500.0,4,-33.4333,-70.7167
68000000,3,1,70.0,100.0,2,-33.727,-70.7046
299418670,5,3,140.0,250.0,0,-33.4624,-70.6491
71180000,2,1,51.0,61.0,1,-33.6167,-70.5667
69756400,3,1,80.0,100.0,2,-33.727,-70.7046
115000000,3,1,50.0,116.0,2,-33.5167,-70.7667
125000000,3,2,90.0,120.0,2,-33.582,-70.692
86000000,3,2,77.0,130.0,1,-33.5167,-70.7667
139000000,3,3,60.0,166.0,1,-33.3667,-70.7333
220000000,3,3,125.0,297.0,2,-33.2833,-70.8778
260000000,8,3,175.0,175.0,0,-33.4624,-70.6491
89000000,4,2,102.0,114.0,2,-33.6167,-70.5667
90000000,3,1,120.0,120.0,1,-33.5167,-70.7667
153000000,3,3,84.0,135.0,2,-33.6167,-70.5667
180000000,2,2,65.0,400.0,4,-33.4264,-70.6996
135242000,3,2,108.0,122.0,3,-33.5167,-70.7667
110000000,6,2,115.0,180.0,0,-33.4624,-70.6491
130000000,4,2,190.0,145.0,0,-33.4264,-70.6996
135000000,7,2,280.0,300.0,2,-33.582,-70.692
125000000,3,3,78.0,145.0,3,-33.5719,-70.8068
85000000,3,1,100.0,140.0,1,-33.519,-70.629
120000000,3,1,120.0,240.0,2,-33.4333,-70.7167
125000000,5,2,80.0,113.0,1,-33.6167,-70.5667
49826000,2,1,57.0,82.0,1,-33.1829,-70.6747
102000000,3,2,90.0,110.0,1,-33.4034,-70.7213
177950000,3,3,100.0,200.0,2,-33.2833,-70.8778
60503000,2,1,86.0,62.0,1,-33.5667,-70.7167
110000000,4,2,97.0,280.0,3,-33.4624,-70.6491
82000000,3,1,71.0,100.0,1,-33.5167,-70.7667
818570000,3,3,220.0,650.0,2,-33.35,-70.6
555204000,3,4,167.0,399.0,3,-33.2773,-70.6106
530291000,3,3,160.0,600.0,2,-33.1829,-70.6747
78298000,3,1,100.0,152.0,1,-33.4274,-70.4843
177914410,3,2,96.0,371.0,2,-33.452,-70.723
215000000,5,3,300.0,321.0,0,-33.4264,-70.6996
199304000,5,3,140.0,224.0,3,-33.5167,-70.7667
62000000,3,1,60.0,60.0,0,-33.4624,-70.6491
266925000,4,3,114.0,226.0,2,-33.5167,-70.6389
48000000,2,2,54.0,66.0,1,-33.349,-70.6383
120000000,4,1,80.0,210.0,1,-33.4333,-70.7167
130566303,5,2,120.0,130.0,0,-33.2642,-70.715
118247396,3,2,90.0,110.0,1,-33.5167,-70.7667
89000000,4,1,76.0,130.0,2,-33.4034,-70.7213
140000000,4,3,160.0,153.0,3,-33.6167,-70.5667
234894000,3,2,118.0,241.0,3,-33.6167,-70.5667
404302400,2,4,136.0,338.0,2,-33.2773,-70.6106
131683000,4,2,80.0,225.0,3,-33.5167,-70.7667
272263500,4,2,94.0,340.0,0,-33.4766,-70.6062
67000000,4,2,76.0,110.0,1,-33.422,-70.72
266925000,5,4,134.0,316.0,3,-33.5167,-70.6389
79900000,3,2,71.0,91.0,1,-33.6167,-70.5667
78000000,2,1,90.0,170.0,2,-33.4667,-70.6667
130000000,5,3,124.0,221.0,2,-33.4274,-70.4843
153037000,4,3,110.0,130.0,1,-33.582,-70.692
76000000,4,1,90.0,130.0,3,-33.5167,-70.6389
185000000,3,1,150.0,300.0,2,-33.45,-70.7
98228400,5,2,102.0,219.0,1,-33.4333,-70.7167
115000000,4,3,160.0,180.0,2,-33.688,-71.2113
86000000,2,1,63.0,73.0,1,-33.6167,-70.5667
3490,5,1,56.0,128.0,3,-33.5167,-70.7667
120000000,5,5,37.0,37.0,0,-33.4766,-70.6062
243791500,3,3,120.0,420.0,2,-33.1829,-70.6747
139334850,3,2,65.0,130.0,1,-33.5167,-70.6389
102285660,3,2,72.0,72.0,0,-33.45,-70.7
156596000,3,2,58.0,194.0,1,-33.4034,-70.7213
167984800,6,2,106.0,149.0,2,-33.5167,-70.7667
101431500,2,2,90.0,105.0,1,-33.5167,-70.7667
85000000,2,1,45.0,60.0,1,-33.5167,-70.7667
686887000,10,4,604.0,691.0,6,-33.4624,-70.6491
146381670,3,2,136.0,152.0,1,-33.6167,-70.5667
79000000,3,2,96.0,112.0,1,-33.727,-70.7046
122429600,3,1,117.0,331.0,0,-33.422,-70.72
100000000,4,1,110.0,110.0,0,-33.4624,-70.6491
55000000,2,1,44.0,66.0,0,-33.6167,-70.5667
280000000,8,4,201.0,276.0,0,-33.4624,-70.6491
293617500,4,3,198.0,354.0,1,-33.4264,-70.6996
115000000,4,1,84.0,178.0,2,-33.3667,-70.7333
4350,3,2,74.0,190.0,2,-33.6167,-70.5667
116023400,6,2,200.0,200.0,1,-33.4037,-70.64
110000000,2,1,60.0,171.0,3,-33.5167,-70.7667
52000000,2,1,65.0,100.0,0,-33.6167,-70.5667
480465000,5,2,500.0,641.0,4,-33.5007,-70.6514
328317750,3,2,150.0,930.0,3,-33.6433,-70.3504
460000000,4,2,140.0,700.0,0,-33.5167,-70.7667
139900000,3,1,70.0,200.0,1,-33.5167,-70.7667
167273000,4,4,140.0,128.0,2,-33.5167,-70.7667
131327100,3,2,82.0,106.0,3,-33.5167,-70.7667
494701000,4,4,176.0,297.0,2,-33.4088,-70.5671
85000000,2,2,56.0,110.0,3,-33.6167,-70.5667
130000000,3,2,60.0,162.0,1,-33.5167,-70.6389
120000000,3,2,90.0,189.0,1,-33.45,-70.7
125000000,3,1,80.0,199.0,1,-33.45,-70.7
493633300,4,4,140.0,180.0,2,-33.2773,-70.6106
81000000,2,1,50.0,55.0,1,-33.6167,-70.5667
199000000,3,3,140.0,300.0,2,-33.5719,-70.8068
210000000,6,3,177.0,298.0,2,-33.6167,-70.5667
130000000,3,1,85.0,180.0,3,-33.2833,-70.8778
87000000,3,1,70.0,120.0,1,-33.422,-70.72
150000000,5,2,130.0,182.0,1,-33.5167,-70.7667
170000000,4,3,90.0,188.0,3,-33.5167,-70.7667
385000000,8,4,250.0,375.0,5,-33.2773,-70.6106
180000000,9,3,250.0,273.0,2,-33.5167,-70.6333
110000000,3,2,70.0,117.0,1,-33.6167,-70.5667
55000000,4,1,48.0,111.0,1,-33.582,-70.692
115000000,3,2,85.0,185.0,1,-33.6167,-70.5667
192186000,3,2,90.0,200.0,2,-33.1829,-70.6747
170000000,5,2,110.0,120.0,2,-33.5167,-70.7667
395049000,3,4,186.0,425.0,3,-33.1829,-70.6747
320310000,4,3,126.0,355.0,3,-33.5007,-70.6514
68000000,2,1,54.0,80.0,2,-33.6167,-70.5667
52000000,3,1,60.0,162.0,1,-33.349,-70.6383
130000000,6,3,124.0,179.0,1,-33.6936,-71.0118
8450,3,3,125.0,205.0,2,-33.4833,-70.55
444875000,4,4,150.0,370.0,3,-33.4833,-70.55
120000000,6,3,120.0,130.0,1,-33.6167,-70.5667
222046010,2,1,56.0,175.0,0,-33.2773,-70.6106
4800,4,3,90.0,182.0,3,-33.6167,-70.5667
95915050,2,1,91.0,136.0,2,-33.472,-70.683
70000000,3,2,62.0,120.0,1,-33.582,-70.692
141292300,4,2,97.0,150.0,2,-33.5167,-70.7667
59000000,4,2,100.0,80.0,1,-33.2833,-70.8778
86000000,3,1,80.0,98.0,1,-33.2833,-70.8778
195000000,4,2,139.0,339.0,1,-33.5167,-70.7667
120000000,3,1,60.0,200.0,1,-33.519,-70.629
100000000,3,1,80.0,100.0,2,-33.45,-70.7
325648500,4,4,140.0,210.0,3,-33.4833,-70.55
105951430,4,2,103.0,100.0,2,-33.7843,-70.7217
90000000,3,1,60.0,80.0,1,-33.5167,-70.6389
134000000,8,4,133.0,231.0,3,-33.349,-70.6383
318530500,4,3,127.0,140.0,2,-33.4833,-70.55
505378000,3,2,103.0,155.0,2,-33.3867,-70.5688
95000000,3,1,56.0,138.0,2,-33.3667,-70.7333
551645000,4,3,200.0,648.0,4,-33.2773,-70.6106
156596000,3,3,96.0,175.0,1,-33.5985,-70.8734
313192000,4,3,140.0,418.0,4,-33.727,-70.7046
56000000,4,1,68.0,90.0,0,-33.5167,-70.7667
153000000,3,2,80.0,120.0,2,-33.4333,-70.7167
90000000,3,1,75.0,83.0,1,-33.4667,-70.6667
280000000,3,1,220.0,450.0,2,-33.582,-70.692
231335000,3,2,114.0,153.0,1,-33.3667,-70.7333
146346080,3,2,80.0,114.0,2,-33.6167,-70.5667
155000000,4,2,100.0,500.0,1,-33.582,-70.692
137733300,3,3,66.0,118.0,2,-33.5167,-70.7667
182185210,3,2,89.0,181.0,3,-33.6167,-70.5667
65000000,2,1,48.0,60.0,1,-33.4624,-70.6491
160400000,3,1,62.0,133.0,2,-33.6167,-70.5667
74000000,2,1,80.0,80.0,1,-33.6167,-70.5667
130000000,3,2,61.0,180.0,2,-33.6167,-70.5667
141292300,3,2,127.0,130.0,2,-33.5167,-70.7667
378321700,4,4,162.0,280.0,3,-33.5167,-70.6389
177060250,3,1,104.0,140.0,4,-33.4766,-70.6062
201937660,4,2,150.0,200.0,3,-33.4766,-70.6062
114030360,4,1,84.0,162.0,3,-33.5167,-70.6389
235926110,4,2,94.0,180.0,2,-33.2773,-70.6106
551645000,4,3,210.0,312.0,1,-33.3867,-70.5688
110000000,3,2,120.0,135.0,1,-33.472,-70.683
110000000,4,3,118.0,135.0,1,-33.472,-70.683
70000000,3,1,69.0,180.0,1,-33.4667,-70.6667
142360000,5,3,160.0,250.0,3,-33.4034,-70.7213
205710200,5,1,106.0,278.0,0,-33.4037,-70.64
90000000,3,2,116.0,104.0,2,-33.4264,-70.6996
75000000,2,1,75.0,68.0,0,-33.5167,-70.7667
85000000,3,1,90.0,120.0,0,-33.6167,-70.5667
98000000,3,2,82.0,93.0,1,-33.5167,-70.7667
139900000,3,1,95.0,180.0,3,-33.45,-70.7
82000000,4,2,18.0,70.0,1,-33.5167,-70.7667
65000000,3,1,58.0,58.0,0,-33.6167,-70.5667
355900000,5,4,180.0,426.0,2,-33.4833,-70.55
131255920,4,2,80.0,97.0,3,-33.5667,-70.7167
173000000,2,1,60.0,294.0,1,-33.4766,-70.6062
155000000,3,3,68.0,116.0,2,-33.6167,-70.5667
355900000,4,2,128.0,268.0,0,-33.4833,-70.55
444875000,5,4,230.0,380.0,5,-33.5167,-70.6389
135000000,5,1,275.0,187.0,0,-33.4975,-70.6287
82000000,3,1,60.0,80.0,1,-33.3667,-70.7333
100000000,3,1,92.0,130.0,1,-33.5167,-70.6389
118000000,3,2,70.0,122.0,2,-33.582,-70.692
165493500,5,3,115.0,189.0,1,-33.5167,-70.6389
200000000,4,1,120.0,351.0,4,-33.5167,-70.6389
250000000,8,4,189.0,281.0,2,-33.5167,-70.6389
259807000,2,1,46.0,360.0,8,-33.5167,-70.6389
170832000,4,2,96.0,187.0,1,-33.5167,-70.6389
231335000,3,2,67.0,227.0,4,-33.5167,-70.6389
155000000,3,2,78.0,142.0,2,-33.5167,-70.6389
207133800,3,3,125.0,180.0,2,-33.5167,-70.6389
370136000,4,3,188.0,286.0,2,-33.4833,-70.55
156596000,3,1,92.0,200.0,1,-33.5167,-70.7667
106058200,3,1,71.0,121.0,0,-33.4833,-70.55
170832000,3,1,83.0,100.0,1,-33.4833,-70.55
87000000,3,1,51.0,70.0,2,-33.6167,-70.5667
83000000,3,1,74.0,74.0,0,-33.4833,-70.55
81501100,2,1,51.0,83.0,2,-33.582,-70.692
384372000,4,3,214.0,260.0,2,-33.4624,-70.6491
199304000,5,3,119.0,209.0,2,-33.6167,-70.5667
419962000,3,3,140.0,230.0,3,-33.2773,-70.6106
88000000,3,2,95.0,110.0,1,-33.5985,-70.8734
106770000,2,1,50.0,130.0,1,-33.5167,-70.7667
135000000,3,2,70.0,226.0,2,-33.45,-70.7
290000000,8,4,280.0,280.0,1,-33.4624,-70.6491
130000000,4,1,83.0,216.0,1,-33.582,-70.692
160000000,3,1,118.0,233.0,2,-33.4975,-70.6287
95000000,2,1,59.0,162.0,3,-33.582,-70.692
483668100,4,4,160.0,550.0,3,-33.1829,-70.6747
202000000,3,2,90.0,170.0,2,-33.5167,-70.6389
372983200,4,3,114.0,89.0,1,-33.443,-70.532
282940500,3,2,76.0,184.0,3,-33.443,-70.532
128000000,5,1,60.0,256.0,2,-33.4975,-70.6287
551645000,5,4,150.0,398.0,2,-33.35,-70.6
104000000,3,2,77.0,112.0,1,-33.5167,-70.7667
167273000,6,3,130.0,105.0,1,-33.45,-70.7
165000000,3,1,110.0,338.0,4,-33.6167,-70.5667
110000000,6,2,60.0,140.0,2,-33.6167,-70.5667
99900000,3,2,85.0,70.0,1,-33.5167,-70.7667
135000000,3,3,90.0,112.0,1,-33.5167,-70.7667
68000000,3,1,72.0,126.0,1,-33.472,-70.683
196000000,3,2,100.0,200.0,2,-33.4833,-70.55
145919000,2,1,65.0,117.0,1,-33.5167,-70.7667
533494100,4,2,160.0,200.0,1,-33.4088,-70.5671
89000000,2,1,80.0,100.0,1,-33.6167,-70.5667
259990000,5,4,170.0,225.0,3,-33.4833,-70.55
60000000,2,1,53.0,95.0,0,-33.4833,-70.55
175000000,4,2,132.0,187.0,1,-33.6167,-70.5667
80000000,4,1,162.0,160.0,1,-33.5167,-70.7667
234538100,3,2,110.0,230.0,3,-33.5007,-70.6514
82000000,3,1,52.0,81.0,1,-33.6167,-70.5667
120000000,3,3,89.0,110.0,1,-33.3667,-70.7333
85000000,4,2,128.0,753.0,8,-33.4624,-70.6491
145000000,3,1,62.0,156.0,1,-33.5667,-70.7167
310000000,5,3,400.0,998.0,4,-33.5167,-70.6389
120000000,3,2,72.0,120.0,2,-33.727,-70.7046
95000000,4,2,100.0,200.0,2,-33.45,-70.7
138801000,3,3,101.0,135.0,2,-33.2833,-70.8778
93000000,3,1,48.0,125.0,1,-33.452,-70.723
130000000,4,2,95.0,108.0,0,-33.2468,-70.625
72000000,4,1,87.0,76.0,1,-33.582,-70.692
85000000,7,1,121.0,182.0,2,-33.4667,-70.6667
341664000,4,2,170.0,400.0,2,-33.5007,-70.6514
102855100,2,1,60.0,205.0,1,-33.443,-70.532
100000000,7,3,200.0,200.0,0,-33.472,-70.683
50000000,2,1,53.0,66.0,1,-33.6167,-70.5667
64000000,4,1,60.0,55.0,2,-33.6167,-70.5667
97872500,3,2,84.0,140.0,1,-33.6167,-70.5667
78000000,3,1,65.0,76.0,1,-33.3667,-70.7333
130000000,5,2,133.0,120.0,1,-33.5167,-70.6389
355900000,3,1,100.0,508.0,3,-33.443,-70.532
150189800,4,2,90.0,120.0,1,-33.3667,-70.7333
180000000,3,1,83.0,180.0,2,-33.5167,-70.6389
105000000,3,1,81.0,127.0,1,-33.5167,-70.7667
130000000,3,1,103.0,250.0,2,-33.452,-70.723
78000000,3,1,71.0,84.0,3,-33.6167,-70.5667
505000000,5,4,382.0,791.0,4,-33.1829,-70.6747
89000000,3,2,88.0,70.0,1,-33.4333,-70.7167
82000000,3,2,52.0,90.0,1,-33.582,-70.692
120000000,3,2,83.0,145.0,3,-33.4333,-70.7167
256390360,3,3,170.0,240.0,4,-33.6167,-70.5667
145000000,4,2,120.0,120.0,1,-33.5167,-70.7667
250000000,3,3,160.0,225.0,2,-33.3641,-70.6134
255000000,4,3,190.0,360.0,2,-33.6167,-70.5667
189000000,3,2,140.0,220.0,0,-33.6167,-70.5667
135000000,3,1,92.0,272.0,2,-33.5167,-70.6333
8286,4,3,125.0,300.0,2,-33.6167,-70.5667
85000000,3,2,120.0,140.0,1,-33.5167,-70.7667
141648200,3,3,72.0,172.0,3,-33.727,-70.7046
72000000,2,1,48.0,61.0,1,-33.582,-70.692
180000000,3,1,122.0,122.0,0,-33.4624,-70.6491
101431500,2,2,60.0,80.0,1,-33.2833,-70.8778
170404920,4,2,117.0,174.0,1,-33.4624,-70.6491
181509000,4,2,99.0,200.0,2,-33.5167,-70.6389
80500000,4,3,120.0,184.0,2,-33.472,-70.683
305006300,3,1,103.0,346.0,1,-33.4833,-70.55
165000000,5,3,128.0,264.0,6,-33.2833,-70.8778
208557400,3,2,64.0,113.0,2,-33.3667,-70.7333
250000000,3,1,63.0,600.0,0,-33.5167,-70.7667
423521000,4,4,160.0,482.0,3,-33.1829,-70.6747
80000000,3,2,100.0,175.0,1,-33.422,-70.72
40000000,3,1,60.0,300.0,0,-33.349,-70.6383
302515000,6,2,195.0,780.0,0,-33.6167,-70.5667
103175410,4,2,118.0,132.0,2,-33.5167,-70.7667
239000000,3,3,140.0,200.0,2,-33.6167,-70.5667
266925000,3,3,118.0,340.0,3,-33.2833,-70.8778
67905720,3,1,70.0,82.0,1,-33.582,-70.692
160155000,3,1,54.0,189.0,2,-33.6167,-70.5667
81857000,2,1,41.0,95.0,1,-33.6167,-70.5667
82000000,3,1,89.0,91.0,2,-33.6167,-70.5667
177594100,4,2,125.0,148.0,3,-33.6167,-70.5667
45000000,3,1,33.0,62.0,2,-33.6167,-70.5667
135000000,4,3,107.0,145.0,3,-33.5167,-70.7667
101000000,3,2,70.0,90.0,1,-33.5167,-70.7667
97500000,3,3,79.0,106.0,2,-33.5167,-70.7667
115000000,3,3,85.0,119.0,3,-33.5167,-70.7667
120000000,3,2,77.0,126.0,2,-33.5167,-70.7667
96093000,5,1,102.0,121.0,2,-33.5167,-70.6389
339884500,8,3,258.0,850.0,6,-33.5167,-70.6389
62000000,3,1,75.0,90.0,1,-33.6936,-71.0118
190000000,5,3,100.0,500.0,2,-33.519,-70.629
95000000,4,1,220.0,150.0,1,-33.6167,-70.5667
98000000,3,2,95.0,110.0,2,-33.6167,-70.5667
160000000,3,3,75.0,200.0,2,-33.6167,-70.5667
160000000,5,2,165.0,240.0,1,-33.5167,-70.6389
85000000,4,2,132.0,130.0,1,-33.6167,-70.5667
75000000,3,1,65.0,80.0,1,-33.6167,-70.5667
145000000,3,2,73.0,185.0,1,-33.6167,-70.5667
117000000,5,2,92.0,139.0,2,-33.5167,-70.7667
79000000,3,1,60.0,110.0,2,-33.2833,-70.8778
88000000,4,1,80.0,110.0,1,-33.5167,-70.7667
170832000,4,3,90.0,182.0,3,-33.6167,-70.5667
148000000,4,2,114.0,184.0,2,-33.4333,-70.7167
266925000,4,3,128.0,272.0,2,-33.727,-70.7046
246282800,5,1,106.0,512.0,8,-33.5167,-70.6389
88975000,3,1,78.0,61.0,3,-33.5167,-70.6389
107000000,3,1,83.0,99.0,1,-33.3667,-70.7333
220000000,4,1,123.0,289.0,0,-33.4037,-70.64
135242000,3,2,70.0,208.0,2,-33.2833,-70.8778
69000000,4,1,80.0,100.0,2,-33.2833,-70.8778
144900000,3,3,83.0,123.0,2,-33.6167,-70.5667
195745000,10,3,258.0,377.0,0,-33.2468,-70.625
61500000,2,1,47.0,63.0,1,-33.3667,-70.7333
73884840,2,1,58.0,65.0,1,-33.3667,-70.7333
82000000,4,2,120.0,248.0,2,-33.422,-70.72
98000000,3,1,56.0,92.0,2,-33.6167,-70.5667
130000000,5,3,150.0,190.0,2,-33.727,-70.7046
74000000,2,1,49.0,116.0,1,-33.2833,-70.8778
85000000,5,2,130.0,168.0,1,-33.6167,-70.5667
110000000,3,1,65.0,101.0,1,-33.4333,-70.7167
195000000,3,2,125.0,140.0,1,-33.3667,-70.7333
190000000,4,2,131.0,77.0,0,-33.4624,-70.6491
80500000,2,1,68.0,86.0,1,-33.6167,-70.5667
115000000,4,1,55.0,190.0,1,-33.4975,-70.6287
70254660,3,2,65.0,100.0,2,-33.6167,-70.5667
56944000,2,2,60.0,41.0,0,-33.4333,-70.7167
355544100,3,3,215.0,170.0,2,-33.435,-70.615
125000000,3,2,68.0,114.0,1,-33.5719,-70.8068
487583000,4,3,140.0,272.0,3,-33.4088,-70.5671
150000000,4,3,143.0,160.0,1,-33.45,-70.7
95000000,3,1,64.0,85.0,1,-33.5167,-70.7667
95000000,2,2,90.0,100.0,1,-33.5167,-70.7667
130000000,3,2,100.0,152.0,1,-33.5167,-70.7667
130000000,5,1,82.0,144.0,2,-33.5167,-70.7667
533494100,7,5,440.0,890.0,3,-33.4333,-70.7167
65000000,4,1,64.0,78.0,1,-33.582,-70.692
379000000,6,4,245.0,350.0,2,-33.4766,-70.6062
4780,3,3,90.0,183.0,1,-33.6167,-70.5667
91644250,2,1,65.0,65.0,0,-33.582,-70.692
160155000,3,1,75.0,162.0,1,-33.422,-70.72
122900000,2,2,65.0,120.0,1,-33.6167,-70.5667
162900000,3,2,70.0,146.0,2,-33.6167,-70.5667
68000000,2,1,49.0,60.0,0,-33.5167,-70.7667
155000000,3,1,90.0,120.0,2,-33.2773,-70.6106
130000000,3,1,78.0,130.0,2,-33.2642,-70.715
280000000,4,3,106.0,303.0,2,-33.4833,-70.55
240000000,5,2,195.0,220.0,1,-33.4624,-70.6491
123000000,3,2,80.0,250.0,5,-33.6167,-70.5667
87000000,2,2,70.0,120.0,2,-33.6167,-70.5667
148766200,3,2,160.0,270.0,2,-33.368,-70.642
126344500,3,3,112.0,120.0,1,-33.6844,-70.9248
125000000,4,2,120.0,121.0,3,-33.6167,-70.5667
90000000,3,2,65.0,85.0,1,-33.6167,-70.5667
156596000,4,3,110.0,146.0,1,-33.6167,-70.5667
131683000,3,2,65.0,134.0,2,-33.6167,-70.5667
117000000,3,2,88.0,80.0,1,-33.6167,-70.5667
135242000,4,2,130.0,107.0,2,-33.452,-70.723
155000000,3,3,86.0,132.0,1,-33.5167,-70.7667
125000000,3,2,80.0,188.0,2,-33.6167,-70.5667
75000000,2,1,56.0,80.0,2,-33.6167,-70.5667
135000000,5,2,120.0,150.0,1,-33.6167,-70.5667
100000000,2,1,84.0,130.0,2,-33.6167,-70.5667
130000000,4,3,84.0,120.0,1,-33.6167,-70.5667
155000000,3,2,70.0,177.0,2,-33.6167,-70.5667
113354150,2,2,101.0,150.0,0,-33.45,-70.7
177950000,4,2,98.0,300.0,3,-33.582,-70.692
45000000,4,1,38.0,81.0,1,-33.688,-71.2113
115000000,3,1,110.0,230.0,2,-33.4274,-70.4843
160000000,4,2,125.0,350.0,2,-33.3667,-70.7333
139600000,3,2,120.0,131.0,2,-33.4766,-70.6062
155000000,3,3,84.0,120.0,2,-33.6167,-70.5667
90000000,3,1,66.0,100.0,1,-33.6167,-70.5667
261017060,4,3,133.0,200.0,3,-33.5167,-70.6389
220000000,3,2,85.0,320.0,2,-33.5167,-70.6389
148000000,3,2,188.0,188.0,1,-33.6167,-70.5667
110000000,3,2,80.0,90.0,1,-33.6167,-70.5667
125000000,5,3,100.0,128.0,2,-33.6167,-70.5667
125000000,3,3,87.0,90.0,1,-33.6167,-70.5667
470000000,5,4,130.0,250.0,2,-33.3867,-70.5688
533850000,10,8,208.0,283.0,1,-33.4088,-70.5671
62900000,3,1,42.0,80.0,1,-33.5167,-70.7667
85000000,3,1,53.0,55.0,0,-33.45,-70.7
88000000,4,1,38.0,62.0,1,-33.4333,-70.7167
291838000,3,2,100.0,227.0,2,-33.5167,-70.6389
164500000,3,2,94.0,167.0,1,-33.6167,-70.5667
80000000,2,1,75.0,100.0,2,-33.6167,-70.5667
18900,5,3,140.0,337.0,3,-33.4624,-70.6491
9900,4,2,124.0,167.0,2,-33.4624,-70.6491
75000000,2,1,90.0,110.0,1,-33.6167,-70.5667
76000000,3,2,90.0,110.0,3,-33.6167,-70.5667
75000000,2,1,90.0,110.0,2,-33.6167,-70.5667
70000000,2,1,58.0,65.0,1,-33.3667,-70.7333
250000000,4,2,196.0,750.0,0,-33.6167,-70.5667
245571000,3,2,120.0,278.0,2,-33.4333,-70.7167
176134910,6,2,181.0,170.0,2,-33.5167,-70.7667
9500,4,3,235.0,365.0,2,-33.4333,-70.7167
6800,3,3,100.0,199.0,2,-33.4333,-70.7167
188627000,4,2,114.0,220.0,3,-33.45,-70.7
45000000,3,2,40.0,50.0,1,-33.472,-70.683
85060100,5,1,120.0,76.0,1,-33.582,-70.692
1352420000,5,6,500.0,913.0,4,-33.35,-70.6
242012000,4,2,124.0,200.0,1,-33.4833,-70.55
355828820,5,3,225.0,366.0,0,-33.6844,-70.9248
