Price,Room,Bathroom,BuildingArea,TotalArea,Parking,Latitude,Longitude
145000000,2.0,1.0,70.0,140.0,0.0,-33.4975,-70.6287
110000000,2.0,1.0,92.0,82.0,1.0,-33.2468,-70.625
110000000,3.0,1.0,50.0,131.0,1.0,-33.6167,-70.5667
188000000,4.0,2.0,131.0,77.0,0.0,-33.4624,-70.6491
210000000,3.0,2.0,110.0,133.0,1.0,-33.5167,-70.7667
94100000,3.0,1.0,55.0,100.0,1.0,-33.5167,-70.7667
134000000,3.0,3.0,83.0,137.0,2.0,-33.5167,-70.7667
120000000,4.0,2.0,101.0,140.0,2.0,-33.5167,-70.6389
104051836,3.0,1.0,61.0,108.0,2.0,-33.6167,-70.5667
90000000,3.0,1.0,90.0,100.0,1.0,-33.3667,-70.7333
83000000,3.0,2.0,56.0,62.0,1.0,-33.5167,-70.7667
115000000,3.0,2.0,57.0,120.0,3.0,-33.6167,-70.5667
95000000,3.0,3.0,76.0,117.0,1.0,-33.5167,-70.7667
85000000,2.0,1.0,74.0,102.0,1.0,-33.5167,-70.7667
138000000,4.0,3.0,90.0,122.0,1.0,-33.5167,-70.7667
94959928,3.0,2.0,109.0,128.0,1.0,-33.5985,-70.8734
487066500,5.0,3.0,700.0,140.0,0.0,-33.443,-70.532
315691250,3.0,2.0,165.0,119.0,2.0,-33.443,-70.532
135000000,3.0,2.0,180.0,120.0,1.0,-33.582,-70.692
86589600,3.0,1.0,60.0,82.0,1.0,-33.3667,-70.7333
138000000,3.0,1.0,51.0,128.0,2.0,-33.5167,-70.7667
63030013,4.0,1.0,62.0,144.0,1.0,-33.422,-70.72
94000000,3.0,1.0,55.0,100.0,1.0,-33.5167,-70.7667
150000000,4.0,1.0,123.0,123.0,1.0,-33.4037,-70.64
122000000,3.0,2.0,81.0,108.0,1.0,-33.5167,-70.7667
155139700,4.0,3.0,107.0,145.0,0.0,-33.5167,-70.7667
120000000,3.0,3.0,84.0,120.0,1.0,-33.6167,-70.5667
85000000,3.0,2.0,71.0,112.0,1.0,-33.4833,-70.55
125000000,3.0,2.0,68.0,89.0,0.0,-33.3667,-70.7333
52000000,3.0,1.0,78.0,61.0,0.0,-33.6167,-70.5667
150000000,4.0,2.0,80.0,149.0,1.0,-33.4766,-70.6062
110000000,3.0,2.0,76.0,120.0,1.0,-33.5167,-70.7667
58000000,3.0,1.0,74.0,61.0,0.0,-33.5167,-70.7667
85000000,3.0,2.0,70.0,60.0,1.0,-33.5167,-70.7667
132770720,3.0,2.0,65.0,113.0,1.0,-33.727,-70.7046
180000000,4.0,2.0,79.0,114.0,0.0,-33.4624,-70.6491
75000000,2.0,1.0,45.0,60.0,1.0,-33.5167,-70.7667
162355500,3.0,3.0,70.0,128.0,0.0,-33.3667,-70.7333
136000000,3.0,3.0,92.0,148.0,1.0,-33.582,-70.692
113700000,4.0,2.0,68.0,100.0,1.0,-33.5167,-70.6389
129162820,4.0,3.0,83.0,115.0,1.0,-33.5167,-70.7667
80000000,2.0,1.0,53.0,60.0,1.0,-33.5167,-70.6389
43000000,1.0,1.0,37.0,32.0,0.0,-33.4624,-70.6491
65000000,2.0,1.0,70.0,70.0,0.0,-33.4624,-70.6491
90000000,2.0,1.0,85.0,100.0,0.0,-33.2468,-70.625
177000000,3.0,2.0,83.0,119.0,2.0,-33.4333,-70.7167
91243791,3.0,2.0,60.0,100.0,3.0,-33.582,-70.692
50510600,2.0,1.0,57.0,82.0,1.0,-33.1829,-70.6747
158747600,3.0,3.0,84.0,133.0,2.0,-33.2833,-70.8778
165638689,3.0,2.0,89.0,142.0,3.0,-33.6167,-70.5667
130000000,3.0,3.0,70.0,110.0,2.0,-33.6167,-70.5667
87311180,3.0,1.0,50.0,87.0,0.0,-33.582,-70.692
137352753,3.0,2.0,84.0,104.0,2.0,-33.5167,-70.6389
167767350,5.0,3.0,134.0,149.0,1.0,-33.6167,-70.5667
140000000,3.0,2.0,68.0,145.0,3.0,-33.5167,-70.6389
314300000,4.0,3.0,110.0,128.0,3.0,-33.443,-70.532
143955210,4.0,2.0,139.0,130.0,2.0,-33.5167,-70.7667
125000000,5.0,3.0,134.0,89.0,1.0,-33.5167,-70.7667
70000000,2.0,1.0,40.0,59.0,1.0,-33.582,-70.692
125000000,3.0,3.0,149.0,119.0,1.0,-33.5167,-70.7667
120000000,4.0,1.0,82.0,114.0,1.0,-33.5167,-70.6389
85000000,3.0,2.0,56.0,110.0,3.0,-33.6167,-70.5667
164159450,3.0,2.0,88.0,128.0,3.0,-33.3667,-70.7333
83600000,4.0,1.0,83.0,76.0,1.0,-33.582,-70.692
165000000,3.0,3.0,105.0,130.0,2.0,-33.6167,-70.5667
65500000,2.0,1.0,54.0,97.0,1.0,-33.7843,-70.7217
70000000,3.0,1.0,113.0,113.0,0.0,-33.5667,-70.7167
115000000,4.0,2.0,85.0,110.0,2.0,-33.5167,-70.7667
155000000,3.0,1.0,90.0,120.0,0.0,-33.2773,-70.6106
89836710,2.0,2.0,56.0,86.0,1.0,-33.2833,-70.8778
160551550,2.0,3.0,93.0,145.0,2.0,-33.5167,-70.7667
115000000,3.0,1.0,76.0,120.0,2.0,-33.5167,-70.7667
58500000,2.0,2.0,89.0,100.0,3.0,-33.6167,-70.5667
111556268,3.0,2.0,63.0,107.0,2.0,-33.582,-70.692
98000000,2.0,1.0,88.0,120.0,1.0,-33.422,-70.72
129884400,3.0,2.0,70.0,116.0,1.0,-33.727,-70.7046
53000000,2.0,1.0,64.0,62.0,1.0,-33.5167,-70.7667
63000000,4.0,1.0,65.0,88.0,0.0,-33.35,-70.6
95000000,6.0,1.0,83.0,83.0,0.0,-33.4088,-70.5671
120000000,3.0,2.0,94.0,120.0,0.0,-33.2833,-70.8778
68000000,4.0,1.0,64.0,64.0,0.0,-33.4333,-70.7167
135000000,3.0,2.0,90.0,140.0,0.0,-33.5719,-70.8068
60000000,2.0,1.0,52.0,63.0,0.0,-33.349,-70.6383
128000000,6.0,2.0,77.0,120.0,2.0,-33.3667,-70.7333
220000000,3.0,1.0,120.0,120.0,2.0,-33.4037,-70.64
321103100,4.0,2.0,140.0,140.0,2.0,-33.2833,-70.8778
176426310,2.0,2.0,86.0,86.0,1.0,-33.3641,-70.6134
378468710,3.0,3.0,135.0,135.0,2.0,-33.1829,-70.6747
193022650,3.0,3.0,115.0,123.0,0.0,-33.5167,-70.7667
129162820,4.0,3.0,90.0,121.0,0.0,-33.5167,-70.7667
181585607,3.0,3.0,82.0,118.0,1.0,-33.5167,-70.7667
138904150,3.0,2.0,78.0,78.0,0.0,-33.1829,-70.6747
78000000,3.0,1.0,110.0,110.0,0.0,-33.5719,-70.8068
103990000,3.0,1.0,84.0,81.0,0.0,-33.6167,-70.5667
135000000,3.0,3.0,85.0,120.0,0.0,-33.6167,-70.5667
278710275,3.0,3.0,93.0,93.0,1.0,-33.443,-70.532
162355500,3.0,3.0,100.0,126.0,1.0,-33.6167,-70.5667
66000000,3.0,1.0,70.0,90.0,0.0,-33.2833,-70.8778
75000000,3.0,1.0,65.0,70.0,1.0,-33.5167,-70.7667
137641385,3.0,2.0,80.0,120.0,0.0,-33.5167,-70.7667
75765900,3.0,1.0,55.0,90.0,2.0,-33.6167,-70.5667
110000000,4.0,2.0,108.0,108.0,1.0,-33.5167,-70.7667
300000000,4.0,2.0,82.0,90.0,2.0,-33.2773,-70.6106
125000000,4.0,2.0,64.0,101.0,0.0,-33.6167,-70.5667
135000000,5.0,3.0,135.0,128.0,2.0,-33.582,-70.692
82000000,3.0,1.0,78.0,110.0,1.0,-33.727,-70.7046
118000000,3.0,1.0,130.0,130.0,3.0,-33.6167,-70.5667
171627803,3.0,3.0,105.0,105.0,0.0,-33.2833,-70.8778
125482762,3.0,2.0,72.0,122.0,3.0,-33.5167,-70.7667
71292104,4.0,2.0,60.0,80.0,2.0,-33.6167,-70.5667
117942251,5.0,3.0,80.0,124.0,2.0,-33.582,-70.692
121500000,4.0,2.0,127.0,129.0,1.0,-33.5167,-70.7667
137900000,4.0,2.0,106.0,112.0,1.0,-33.452,-70.723
87000000,3.0,2.0,85.0,100.0,2.0,-33.5985,-70.8734
97000000,3.0,1.0,60.0,80.0,1.0,-33.4766,-70.6062
125000000,2.0,2.0,70.0,90.0,2.0,-33.5167,-70.7667
130000000,3.0,2.0,91.0,140.0,1.0,-33.5167,-70.7667
135000000,3.0,3.0,87.0,136.0,1.0,-33.5167,-70.7667
126000000,3.0,1.0,76.0,88.0,0.0,-33.4624,-70.6491
162355500,3.0,3.0,84.0,116.0,0.0,-33.5167,-70.7667
191218700,1.0,1.0,7.0,38.0,1.0,-33.4088,-70.5671
92000000,2.0,1.0,75.0,100.0,2.0,-33.4034,-70.7213
148400900,3.0,3.0,75.0,124.0,0.0,-33.727,-70.7046
95000000,3.0,1.0,75.0,123.0,0.0,-33.6167,-70.5667
124000000,3.0,3.0,112.0,120.0,2.0,-33.6844,-70.9248
135151934,4.0,1.0,91.0,106.0,1.0,-33.452,-70.723
263376700,2.0,2.0,75.0,85.0,1.0,-33.4088,-70.5671
160190760,3.0,3.0,84.0,116.0,0.0,-33.5167,-70.7667
140708100,3.0,3.0,110.0,136.0,3.0,-33.5167,-70.7667
173179200,1.0,1.0,47.0,54.0,0.0,-33.4088,-70.5671
98000000,2.0,1.0,80.0,85.0,2.0,-33.5167,-70.7667
80000000,3.0,1.0,91.0,128.0,0.0,-33.4667,-70.6667
147000000,4.0,2.0,100.0,122.0,2.0,-33.5167,-70.7667
176426310,3.0,3.0,95.0,115.0,2.0,-33.5985,-70.8734
156943650,3.0,3.0,93.0,145.0,2.0,-33.5167,-70.7667
100000000,3.0,1.0,54.0,108.0,1.0,-33.6167,-70.5667
93805400,5.0,1.0,68.0,120.0,0.0,-33.5167,-70.7667
80000000,3.0,1.0,69.0,125.0,2.0,-33.6167,-70.5667
47000000,2.0,1.0,67.0,60.0,1.0,-33.6167,-70.5667
75000000,3.0,1.0,62.0,88.0,1.0,-33.349,-70.6383
80000000,4.0,1.0,68.0,128.0,1.0,-33.6844,-70.9248
75000000,3.0,2.0,90.0,80.0,1.0,-33.349,-70.6383
65000000,4.0,2.0,44.0,72.0,1.0,-33.6167,-70.5667
50000000,5.0,1.0,58.0,66.0,1.0,-33.349,-70.6383
60000000,3.0,1.0,38.0,101.0,1.0,-33.349,-70.6383
87000000,4.0,1.0,83.0,89.0,1.0,-33.6167,-70.5667
43000000,3.0,1.0,46.0,57.0,0.0,-33.6167,-70.5667
180000000,3.0,3.0,87.0,142.0,2.0,-33.3667,-70.7333
162355500,3.0,3.0,84.0,116.0,0.0,-33.5167,-70.7667
1515318000,3.0,1.0,60.0,60.0,1.0,-33.6167,-70.5667
125000000,3.0,2.0,85.0,139.0,0.0,-33.6167,-70.5667
212324915,3.0,3.0,120.0,120.0,0.0,-33.5167,-70.7667
120000000,4.0,3.0,147.0,90.0,2.0,-33.582,-70.692
180395000,3.0,1.0,120.0,120.0,0.0,-33.4624,-70.6491
155139700,3.0,3.0,114.0,80.0,2.0,-33.4333,-70.7167
119060700,3.0,2.0,100.0,100.0,1.0,-33.5167,-70.7667
136198225,3.0,2.0,90.0,120.0,2.0,-33.5167,-70.7667
55000000,2.0,1.0,42.0,68.0,1.0,-33.6167,-70.5667
150088640,3.0,3.0,67.0,120.0,1.0,-33.5167,-70.7667
115452800,3.0,2.0,116.0,131.0,2.0,-33.5167,-70.6389
110000000,3.0,2.0,43.0,91.0,1.0,-33.6167,-70.5667
48000000,3.0,1.0,42.0,140.0,3.0,-33.349,-70.6383
50000000,2.0,1.0,42.0,108.0,1.0,-33.6167,-70.5667
79500000,2.0,1.0,70.0,100.0,0.0,-33.3667,-70.7333
92001450,5.0,1.0,126.0,103.0,1.0,-33.4333,-70.7167
270592500,3.0,2.0,85.0,118.0,1.0,-33.443,-70.532
100000000,2.0,1.0,64.0,70.0,1.0,-33.4333,-70.7167
260000000,4.0,3.0,139.0,147.0,1.0,-33.45,-70.7
91500000,2.0,1.0,56.0,109.0,0.0,-33.6167,-70.5667
108958580,3.0,1.0,100.0,121.0,0.0,-33.5167,-70.6333
135000000,3.0,3.0,90.0,112.0,1.0,-33.5167,-70.7667
93000000,2.0,1.0,50.0,140.0,3.0,-33.5167,-70.7667
132000000,7.0,3.0,145.0,110.0,1.0,-33.5167,-70.7667
125000000,2.0,1.0,54.0,128.0,2.0,-33.5167,-70.7667
85000000,3.0,2.0,45.0,104.0,3.0,-33.688,-71.2113
80000000,3.0,1.0,110.0,141.0,2.0,-33.2833,-70.8778
92000000,3.0,1.0,63.0,128.0,0.0,-33.5167,-70.7667
130000000,4.0,1.0,100.0,117.0,0.0,-33.4037,-70.64
115000000,3.0,2.0,67.0,74.0,0.0,-33.4624,-70.6491
85000000,2.0,2.0,78.0,87.0,0.0,-33.6167,-70.5667
85000000,2.0,2.0,78.0,87.0,0.0,-33.6167,-70.5667
78000000,2.0,1.0,75.0,87.0,0.0,-33.6167,-70.5667
147382715,3.0,2.0,94.0,94.0,2.0,-33.6167,-70.5667
73059975,3.0,1.0,67.0,110.0,2.0,-33.1829,-70.6747
81177750,2.0,1.0,48.0,60.0,0.0,-33.3667,-70.7333
189000000,4.0,3.0,161.0,128.0,3.0,-33.5167,-70.7667
87202943,2.0,2.0,61.0,101.0,1.0,-33.6844,-70.9248
288632000,4.0,2.0,100.0,147.0,2.0,-33.5167,-70.7667
331926800,4.0,3.0,1.0,134.0,0.0,-33.4833,-70.55
90000000,4.0,2.0,85.0,100.0,1.0,-33.4333,-70.7167
135296250,3.0,3.0,66.0,118.0,1.0,-33.5167,-70.7667
149000000,3.0,2.0,90.0,144.0,2.0,-33.5167,-70.7667
97052510,3.0,1.0,95.0,87.0,1.0,-33.5985,-70.8734
96980352,3.0,2.0,116.0,122.0,0.0,-33.5167,-70.7667
138868071,4.0,1.0,117.0,106.0,0.0,-33.6167,-70.5667
368150116,3.0,3.0,121.0,136.0,1.0,-33.435,-70.615
67000000,4.0,1.0,32.0,99.0,1.0,-33.727,-70.7046
68000000,2.0,1.0,45.0,45.0,1.0,-33.6167,-70.5667
130000000,3.0,2.0,65.0,102.0,1.0,-33.6167,-70.5667
406935041,3.0,3.0,140.0,140.0,0.0,-33.1829,-70.6747
420320350,3.0,3.0,140.0,140.0,2.0,-33.1829,-70.6747
79373800,2.0,1.0,78.0,110.0,0.0,-33.3667,-70.7333
220081900,3.0,2.0,73.0,130.0,1.0,-33.5167,-70.6389
59530350,2.0,1.0,66.0,81.0,1.0,-33.5985,-70.8734
143955210,4.0,2.0,139.0,130.0,2.0,-33.5167,-70.7667
92000000,2.0,2.0,45.0,50.0,0.0,-33.4624,-70.6491
70000000,3.0,1.0,70.0,78.0,1.0,-33.1829,-70.6747
72000000,4.0,1.0,87.0,76.0,1.0,-33.582,-70.692
76000000,2.0,1.0,90.0,140.0,1.0,-33.3667,-70.7333
72000000,3.0,1.0,50.0,78.0,1.0,-33.5167,-70.7667
70000000,2.0,1.0,50.0,80.0,1.0,-33.6844,-70.9248
57726400,3.0,1.0,60.0,78.0,1.0,-33.727,-70.7046
60612720,2.0,1.0,75.0,100.0,2.0,-33.727,-70.7046
75765900,5.0,2.0,58.0,61.0,1.0,-33.582,-70.692
81177750,2.0,1.0,45.0,112.0,3.0,-33.727,-70.7046
101021200,4.0,2.0,110.0,130.0,2.0,-33.582,-70.692
60251930,2.0,1.0,43.0,60.0,1.0,-33.582,-70.692
65900000,2.0,2.0,59.0,64.0,1.0,-33.5167,-70.7667
115741432,3.0,2.0,76.0,108.0,2.0,-33.2833,-70.8778
140347310,5.0,2.0,92.0,120.0,1.0,-33.5167,-70.7667
101021200,2.0,1.0,74.0,128.0,0.0,-33.6167,-70.5667
153335750,3.0,3.0,80.0,140.0,0.0,-33.5985,-70.8734
180000000,3.0,2.0,110.0,110.0,3.0,-33.5167,-70.6389
176787100,3.0,3.0,75.0,120.0,1.0,-33.5167,-70.6389
65000000,2.0,1.0,55.0,63.0,1.0,-33.582,-70.692
95000000,3.0,2.0,105.0,122.0,0.0,-33.45,-70.7
55000000,2.0,1.0,45.0,45.0,3.0,-33.6936,-71.0118
65000000,3.0,1.0,51.0,85.0,1.0,-33.6167,-70.5667
137100200,4.0,2.0,118.0,145.0,2.0,-33.3667,-70.7333
80000000,4.0,1.0,90.0,86.0,1.0,-33.4333,-70.7167
63968067,2.0,1.0,43.0,45.0,0.0,-33.2468,-70.625
120000000,3.0,3.0,65.0,144.0,1.0,-33.6167,-70.5667
119962675,3.0,2.0,90.0,134.0,2.0,-33.5985,-70.8734
105000000,3.0,1.0,60.0,100.0,1.0,-33.5167,-70.6389
110040950,4.0,2.0,73.0,107.0,1.0,-33.4333,-70.7167
104000000,2.0,2.0,80.0,80.0,1.0,-33.3667,-70.7333
155139700,3.0,2.0,83.0,103.0,1.0,-33.4833,-70.55
75000000,4.0,1.0,55.0,55.0,2.0,-33.4624,-70.6491
140000000,4.0,2.0,120.0,140.0,2.0,-33.5167,-70.7667
137500000,4.0,2.0,80.0,132.0,0.0,-33.727,-70.7046
105000000,6.0,3.0,90.0,100.0,0.0,-33.2642,-70.715
82729147,4.0,2.0,95.0,100.0,1.0,-33.3667,-70.7333
143594420,5.0,2.0,92.0,121.0,1.0,-33.5167,-70.7667
135000000,5.0,2.0,140.0,140.0,1.0,-33.5167,-70.7667
175000000,4.0,3.0,98.0,117.0,1.0,-33.3667,-70.7333
146900000,3.0,3.0,78.0,144.0,2.0,-33.5167,-70.7667
85000000,3.0,1.0,65.0,65.0,1.0,-33.5167,-70.7667
107000000,4.0,1.0,88.0,128.0,3.0,-33.5167,-70.6389
76500000,2.0,1.0,90.0,100.0,0.0,-33.4333,-70.7167
140000000,6.0,2.0,156.0,108.0,1.0,-33.5167,-70.6389
130000000,3.0,3.0,72.0,139.0,0.0,-33.2833,-70.8778
140000000,4.0,3.0,86.0,128.0,0.0,-33.2833,-70.8778
105000000,3.0,1.0,60.0,60.0,0.0,-33.519,-70.629
120000000,3.0,1.0,77.0,55.0,1.0,-33.45,-70.7
216474000,3.0,3.0,90.0,133.0,2.0,-33.2833,-70.8778
173179200,4.0,3.0,121.0,90.0,2.0,-33.2833,-70.8778
306671500,3.0,3.0,100.0,125.0,2.0,-33.4833,-70.55
88000000,3.0,2.0,78.0,75.0,1.0,-33.5167,-70.7667
167767350,4.0,3.0,121.0,90.0,2.0,-33.2833,-70.8778
126000000,3.0,2.0,68.0,130.0,2.0,-33.5167,-70.6389
125000000,3.0,3.0,77.0,90.0,2.0,-33.3667,-70.7333
278900000,5.0,3.0,120.0,140.0,0.0,-33.5167,-70.7667
140000000,3.0,2.0,88.0,138.0,1.0,-33.5167,-70.7667
128000000,3.0,3.0,140.0,140.0,0.0,-33.5167,-70.7667
335534700,4.0,3.0,140.0,140.0,1.0,-33.5719,-70.8068
189522987,3.0,2.0,139.0,149.0,2.0,-33.452,-70.723
80000000,3.0,2.0,100.0,120.0,1.0,-33.2642,-70.715
120000000,5.0,2.0,100.0,120.0,0.0,-33.2642,-70.715
519537600,5.0,4.0,471.0,140.0,2.0,-33.35,-70.6
98000000,3.0,2.0,84.0,91.0,2.0,-33.7843,-70.7217
160000000,2.0,2.0,58.0,105.0,2.0,-33.6167,-70.5667
73000000,3.0,1.0,70.0,134.0,0.0,-33.6167,-70.5667
56000000,2.0,1.0,86.0,90.0,1.0,-33.349,-70.6383
115000000,3.0,2.0,97.0,136.0,1.0,-33.4034,-70.7213
127000000,3.0,2.0,75.0,124.0,1.0,-33.5167,-70.7667
79000000,5.0,2.0,114.0,120.0,2.0,-33.4034,-70.7213
90053184,2.0,1.0,55.0,90.0,2.0,-33.7843,-70.7217
132265614,2.0,1.0,75.0,120.0,2.0,-33.6844,-70.9248
82000000,3.0,1.0,70.0,70.0,1.0,-33.5167,-70.7667
180000000,3.0,2.0,100.0,120.0,0.0,-33.2773,-70.6106
140708100,3.0,2.0,90.0,128.0,0.0,-33.5167,-70.7667
101021200,3.0,2.0,70.0,70.0,1.0,-33.6167,-70.5667
77569850,3.0,1.0,70.0,105.0,1.0,-33.7843,-70.7217
74322740,3.0,1.0,70.0,105.0,0.0,-33.7843,-70.7217
158747600,4.0,2.0,86.0,141.0,2.0,-33.6167,-70.5667
42934010,2.0,1.0,55.0,72.0,0.0,-33.6167,-70.5667
73000000,3.0,1.0,60.0,105.0,0.0,-33.7843,-70.7217
130000000,3.0,2.0,74.0,101.0,2.0,-33.5167,-70.7667
130000000,2.0,2.0,73.0,93.0,1.0,-33.2468,-70.625
120000000,3.0,3.0,90.0,135.0,1.0,-33.5985,-70.8734
155000000,3.0,2.0,130.0,130.0,0.0,-33.5985,-70.8734
76000000,3.0,2.0,72.0,92.0,1.0,-33.349,-70.6383
122000000,6.0,3.0,161.0,143.0,0.0,-33.5167,-70.7667
110040950,3.0,2.0,60.0,110.0,1.0,-33.5167,-70.7667
146000000,4.0,1.0,82.0,124.0,2.0,-33.5167,-70.6389
207454250,3.0,3.0,89.0,130.0,1.0,-33.3641,-70.6134
185000000,4.0,3.0,110.0,149.0,3.0,-33.3667,-70.7333
212866100,3.0,3.0,89.0,130.0,1.0,-33.3641,-70.6134
135000000,2.0,1.0,70.0,70.0,1.0,-33.4624,-70.6491
212866100,3.0,3.0,89.0,130.0,1.0,-33.3641,-70.6134
216474000,3.0,3.0,89.0,130.0,1.0,-33.3641,-70.6134
117000000,3.0,1.0,80.0,120.0,3.0,-33.5167,-70.7667
111484110,3.0,2.0,85.0,100.0,0.0,-33.2468,-70.625
130000000,3.0,3.0,70.0,70.0,0.0,-33.4624,-70.6491
115000000,4.0,2.0,90.0,100.0,1.0,-33.4667,-70.6667
95000000,2.0,2.0,90.0,100.0,1.0,-33.5167,-70.7667
134935460,4.0,3.0,71.0,137.0,2.0,-33.5167,-70.7667
115000000,3.0,1.0,76.0,125.0,1.0,-33.6167,-70.5667
161800000,4.0,3.0,156.0,132.0,1.0,-33.5167,-70.7667
70000000,4.0,1.0,90.0,110.0,0.0,-33.2833,-70.8778
50000000,4.0,1.0,89.0,130.0,1.0,-33.582,-70.692
82000000,2.0,1.0,85.0,79.0,0.0,-33.582,-70.692
135000000,3.0,2.0,90.0,140.0,0.0,-33.5719,-70.8068
115000000,4.0,2.0,97.0,100.0,0.0,-33.6167,-70.5667
59000000,5.0,2.0,87.0,92.0,1.0,-33.1829,-70.6747
490674400,3.0,2.0,123.0,123.0,1.0,-33.4088,-70.5671
165963400,4.0,3.0,121.0,91.0,2.0,-33.2833,-70.8778
117978330,3.0,3.0,68.0,85.0,1.0,-33.6167,-70.5667
78000000,2.0,1.0,50.0,69.0,2.0,-33.3667,-70.7333
124000000,3.0,2.0,65.0,116.0,2.0,-33.727,-70.7046
165963400,4.0,3.0,121.0,90.0,2.0,-33.2833,-70.8778
83000000,5.0,2.0,143.0,143.0,0.0,-33.7843,-70.7217
85000000,2.0,1.0,85.0,100.0,0.0,-33.3667,-70.7333
81177750,2.0,1.0,78.0,110.0,0.0,-33.3667,-70.7333
775698500,4.0,3.0,350.0,100.0,3.0,-33.3867,-70.5688
122000000,3.0,2.0,87.0,136.0,2.0,-33.4333,-70.7167
176787100,3.0,2.0,77.0,128.0,3.0,-33.3667,-70.7333
117186122,2.0,2.0,90.0,140.0,1.0,-33.4037,-70.64
125000000,3.0,2.0,90.0,116.0,2.0,-33.5719,-70.8068
137100200,3.0,2.0,108.0,122.0,3.0,-33.5167,-70.7667
160000000,3.0,3.0,149.0,110.0,2.0,-33.3667,-70.7333
78000000,3.0,2.0,80.0,62.0,0.0,-33.5167,-70.7667
158500000,3.0,3.0,105.0,135.0,1.0,-33.6167,-70.5667
81538540,3.0,1.0,52.0,76.0,2.0,-33.6167,-70.5667
120828571,3.0,3.0,73.0,112.0,1.0,-33.5985,-70.8734
77966719,3.0,1.0,55.0,80.0,2.0,-33.6167,-70.5667
158026020,3.0,3.0,90.0,140.0,3.0,-33.5985,-70.8734
130000000,3.0,2.0,119.0,119.0,2.0,-33.582,-70.692
119024621,4.0,2.0,140.0,140.0,2.0,-33.4333,-70.7167
105000000,3.0,1.0,102.0,92.0,1.0,-33.5167,-70.7667
130000000,5.0,2.0,75.0,148.0,3.0,-33.6167,-70.5667
130000000,4.0,2.0,61.0,95.0,1.0,-33.5167,-70.7667
190136330,5.0,2.0,110.0,144.0,0.0,-33.4833,-70.55
130245190,3.0,3.0,74.0,120.0,0.0,-33.4333,-70.7167
59000000,2.0,1.0,74.0,102.0,1.0,-33.6167,-70.5667
68000000,6.0,1.0,80.0,67.0,0.0,-33.4833,-70.55
59000000,3.0,2.0,79.0,89.0,0.0,-33.5985,-70.8734
63000000,3.0,1.0,36.0,80.0,1.0,-33.6936,-71.0118
68000000,3.0,2.0,54.0,78.0,0.0,-33.2833,-70.8778
53000000,3.0,1.0,38.0,59.0,0.0,-33.582,-70.692
74000000,2.0,1.0,37.0,75.0,0.0,-33.6167,-70.5667
69000000,3.0,1.0,68.0,80.0,1.0,-33.6167,-70.5667
80000000,3.0,1.0,45.0,135.0,0.0,-33.5167,-70.7667
86000000,2.0,1.0,70.0,80.0,2.0,-33.4333,-70.7167
58000000,2.0,1.0,64.0,91.0,0.0,-33.6167,-70.5667
73000000,2.0,1.0,84.0,94.0,0.0,-33.519,-70.629
115000000,3.0,2.0,120.0,128.0,0.0,-33.6167,-70.5667
70000000,5.0,2.0,83.0,95.0,0.0,-33.6167,-70.5667
55000000,3.0,1.0,42.0,94.0,0.0,-33.6167,-70.5667
55000000,3.0,1.0,43.0,94.0,0.0,-33.6167,-70.5667
117256750,2.0,2.0,90.0,140.0,1.0,-33.4037,-70.64
135500000,5.0,2.0,98.0,140.0,0.0,-33.6167,-70.5667
140000000,3.0,3.0,80.0,120.0,0.0,-33.4034,-70.7213
138000000,4.0,3.0,65.0,122.0,0.0,-33.5167,-70.7667
179000000,3.0,2.0,137.0,137.0,0.0,-33.6167,-70.5667
115000000,3.0,1.0,100.0,113.0,2.0,-33.5167,-70.7667
99000000,3.0,1.0,49.0,136.0,3.0,-33.6167,-70.5667
143955210,4.0,2.0,114.0,130.0,2.0,-33.452,-70.723
119782280,3.0,2.0,82.0,109.0,1.0,-33.6167,-70.5667
104629100,3.0,1.0,58.0,104.0,0.0,-33.727,-70.7046
109860555,3.0,1.0,76.0,135.0,1.0,-33.443,-70.532
87000000,3.0,1.0,63.0,69.0,0.0,-33.4833,-70.55
55000000,3.0,2.0,72.0,100.0,2.0,-33.5985,-70.8734
83000000,6.0,2.0,133.0,138.0,2.0,-33.2833,-70.8778
110000000,3.0,1.0,87.0,110.0,2.0,-33.6167,-70.5667
113612771,4.0,1.0,79.0,100.0,2.0,-33.4766,-70.6062
68000000,2.0,1.0,50.0,70.0,1.0,-33.45,-70.7
149727850,3.0,3.0,76.0,134.0,3.0,-33.5167,-70.7667
105000000,3.0,2.0,91.0,96.0,1.0,-33.6167,-70.5667
80000000,3.0,1.0,66.0,92.0,2.0,-33.5167,-70.7667
117000000,3.0,2.0,72.0,122.0,2.0,-33.5167,-70.7667
95000000,2.0,1.0,52.0,122.0,1.0,-33.5167,-70.7667
130000000,3.0,1.0,110.0,120.0,1.0,-33.4333,-70.7167
102825150,3.0,2.0,70.0,98.0,2.0,-33.6167,-70.5667
58000000,2.0,1.0,67.0,93.0,0.0,-33.6167,-70.5667
75000000,3.0,1.0,84.0,103.0,0.0,-33.452,-70.723
95000000,3.0,1.0,87.0,100.0,1.0,-33.349,-70.6383
90000000,4.0,1.0,62.0,97.0,2.0,-33.6167,-70.5667
75000000,2.0,1.0,48.0,78.0,1.0,-33.35,-70.6
212866100,4.0,3.0,110.0,149.0,2.0,-33.6167,-70.5667
165000000,4.0,3.0,110.0,146.0,2.0,-33.6167,-70.5667
210000000,5.0,3.0,140.0,100.0,1.0,-33.5167,-70.7667
90000000,3.0,1.0,51.0,130.0,2.0,-33.2833,-70.8778
144000000,4.0,2.0,136.0,126.0,2.0,-33.5167,-70.7667
120000000,3.0,1.0,103.0,126.0,1.0,-33.4333,-70.7167
149727850,4.0,2.0,80.0,125.0,2.0,-33.3667,-70.7333
100000000,4.0,2.0,132.0,84.0,1.0,-33.582,-70.692
83000000,5.0,2.0,95.0,101.0,2.0,-33.6167,-70.5667
95000000,3.0,1.0,51.0,130.0,2.0,-33.2833,-70.8778
149000000,3.0,3.0,88.0,128.0,1.0,-33.6167,-70.5667
120000000,3.0,2.0,119.0,119.0,2.0,-33.582,-70.692
94000000,3.0,1.0,54.0,105.0,2.0,-33.4833,-70.55
83000000,3.0,2.0,46.0,90.0,0.0,-33.582,-70.692
83000000,3.0,1.0,50.0,50.0,2.0,-33.45,-70.7
70000000,3.0,2.0,53.0,89.0,0.0,-33.6167,-70.5667
68189310,2.0,1.0,48.0,93.0,2.0,-33.6167,-70.5667
96150535,3.0,1.0,135.0,135.0,0.0,-33.7843,-70.7217
77569850,2.0,1.0,48.0,94.0,1.0,-33.727,-70.7046
122127415,3.0,1.0,74.0,110.0,0.0,-33.5167,-70.7667
108237000,3.0,1.0,58.0,103.0,1.0,-33.727,-70.7046
76848270,2.0,2.0,49.0,83.0,1.0,-33.727,-70.7046
151531800,3.0,2.0,71.0,114.0,0.0,-33.727,-70.7046
98000000,2.0,1.0,59.0,105.0,2.0,-33.582,-70.692
58000000,2.0,1.0,68.0,98.0,1.0,-33.6167,-70.5667
55000000,2.0,1.0,55.0,70.0,1.0,-33.582,-70.692
89836710,3.0,2.0,110.0,146.0,0.0,-33.5167,-70.7667
95000000,3.0,1.0,70.0,81.0,1.0,-33.4667,-70.6667
97000000,3.0,2.0,66.0,69.0,0.0,-33.4833,-70.55
126276500,3.0,2.0,84.0,128.0,2.0,-33.5167,-70.7667
100000000,2.0,1.0,70.0,100.0,1.0,-33.2833,-70.8778
85146440,5.0,1.0,90.0,94.0,0.0,-33.727,-70.7046
140000000,3.0,1.0,56.0,144.0,1.0,-33.582,-70.692
99000000,3.0,2.0,60.0,90.0,2.0,-33.5719,-70.8068
68000000,2.0,1.0,45.0,105.0,0.0,-33.6167,-70.5667
66746150,2.0,1.0,75.0,142.0,1.0,-33.5667,-70.7167
130000000,3.0,2.0,70.0,96.0,0.0,-33.5167,-70.7667
125000000,4.0,2.0,93.0,136.0,4.0,-33.6167,-70.5667
132951115,4.0,3.0,79.0,97.0,1.0,-33.6167,-70.5667
180395000,6.0,3.0,115.0,115.0,0.0,-33.582,-70.692
202042400,3.0,3.0,95.0,136.0,2.0,-33.3641,-70.6134
143955210,5.0,2.0,91.0,91.0,1.0,-33.5167,-70.7667
72158000,3.0,1.0,73.0,129.0,1.0,-33.688,-71.2113
57726400,2.0,2.0,90.0,110.0,0.0,-33.582,-70.692
140347310,3.0,3.0,72.0,141.0,0.0,-33.582,-70.692
105000000,3.0,1.0,76.0,105.0,4.0,-33.6167,-70.5667
64942200,3.0,1.0,50.0,83.0,1.0,-33.6167,-70.5667
120000000,3.0,2.0,77.0,77.0,2.0,-33.5719,-70.8068
178000000,3.0,3.0,90.0,140.0,2.0,-33.5167,-70.7667
90197500,3.0,2.0,49.0,90.0,2.0,-33.5167,-70.7667
130000000,3.0,1.0,87.0,146.0,2.0,-33.3667,-70.7333
125000000,3.0,3.0,90.0,117.0,0.0,-33.5167,-70.7667
129884400,3.0,2.0,80.0,110.0,0.0,-33.727,-70.7046
84929966,2.0,1.0,90.0,110.0,1.0,-33.6167,-70.5667
154778910,5.0,2.0,142.0,120.0,0.0,-33.45,-70.7
100000000,3.0,2.0,59.0,95.0,0.0,-33.5167,-70.7667
133492300,2.0,1.0,90.0,110.0,4.0,-33.6167,-70.5667
55000000,2.0,1.0,91.0,91.0,1.0,-33.688,-71.2113
75000000,2.0,1.0,59.0,100.0,2.0,-33.6167,-70.5667
160154681,3.0,3.0,130.0,130.0,1.0,-33.6167,-70.5667
100000000,2.0,1.0,70.0,100.0,1.0,-33.2833,-70.8778
90000000,5.0,1.0,100.0,100.0,0.0,-33.6167,-70.5667
85000000,2.0,1.0,45.0,60.0,1.0,-33.6167,-70.5667
48500000,2.0,1.0,45.0,70.0,0.0,-33.6167,-70.5667
165963400,4.0,2.0,105.0,120.0,1.0,-33.3667,-70.7333
70000000,3.0,2.0,56.0,123.0,0.0,-33.6167,-70.5667
125000000,3.0,2.0,145.0,145.0,0.0,-33.422,-70.72
90000000,4.0,1.0,80.0,80.0,0.0,-33.4264,-70.6996
170112485,3.0,3.0,130.0,141.0,1.0,-33.4333,-70.7167
130000000,2.0,1.0,47.0,133.0,3.0,-33.5167,-70.7667
170000000,3.0,3.0,150.0,110.0,2.0,-33.3667,-70.7333
125000000,6.0,2.0,220.0,135.0,0.0,-33.582,-70.692
140000000,3.0,2.0,128.0,127.0,1.0,-33.6167,-70.5667
270592500,3.0,3.0,125.0,140.0,2.0,-33.5167,-70.6389
67000000,4.0,1.0,5661.0,81.0,0.0,-33.688,-71.2113
105000000,3.0,2.0,70.0,100.0,1.0,-33.688,-71.2113
185806850,5.0,3.0,120.0,130.0,1.0,-33.5167,-70.7667
115000000,4.0,1.0,80.0,112.0,3.0,-33.45,-70.7
84000000,3.0,1.0,49.0,108.0,3.0,-33.5167,-70.7667
234152710,4.0,3.0,109.0,119.0,1.0,-33.2773,-70.6106
135000000,6.0,3.0,124.0,108.0,0.0,-33.5167,-70.7667
88000000,3.0,2.0,78.0,75.0,1.0,-33.5167,-70.7667
145000000,4.0,3.0,107.0,138.0,2.0,-33.5167,-70.7667
60000000,3.0,2.0,50.0,60.0,1.0,-33.6167,-70.5667
126276500,4.0,2.0,102.0,128.0,2.0,-33.5167,-70.7667
82981700,3.0,1.0,71.0,100.0,1.0,-33.5167,-70.7667
209258200,3.0,3.0,97.0,97.0,2.0,-33.582,-70.692
85000000,3.0,1.0,51.0,74.0,1.0,-33.5985,-70.8734
239925350,3.0,3.0,113.0,113.0,2.0,-33.1829,-70.6747
45000000,1.0,1.0,56.0,85.0,0.0,-33.1829,-70.6747
120000000,4.0,2.0,79.0,142.0,0.0,-33.5167,-70.6389
159938207,4.0,2.0,180.0,120.0,1.0,-33.2773,-70.6106
95000000,2.0,1.0,60.0,88.0,1.0,-33.6167,-70.5667
109500000,3.0,1.0,75.0,105.0,1.0,-33.582,-70.692
100000000,2.0,2.0,85.0,120.0,0.0,-33.2833,-70.8778
110000000,4.0,2.0,83.0,100.0,2.0,-33.4333,-70.7167
120000000,4.0,1.0,126.0,119.0,1.0,-33.4274,-70.4843
90000000,3.0,1.0,51.0,130.0,3.0,-33.2833,-70.8778
89000000,3.0,2.0,53.0,87.0,1.0,-33.2833,-70.8778
81538540,1.0,1.0,35.0,42.0,0.0,-33.4037,-70.64
137100200,1.0,2.0,70.0,70.0,1.0,-33.4037,-70.64
138000000,3.0,2.0,111.0,136.0,2.0,-33.6167,-70.5667
137990000,3.0,2.0,111.0,136.0,1.0,-33.6167,-70.5667
158747600,3.0,3.0,94.0,140.0,3.0,-33.5985,-70.8734
158711521,3.0,3.0,90.0,140.0,3.0,-33.5985,-70.8734
162355500,3.0,3.0,94.0,120.0,3.0,-33.5985,-70.8734
171375250,3.0,2.0,70.0,76.0,1.0,-33.4088,-70.5671
55000000,4.0,3.0,97.0,144.0,0.0,-33.5167,-70.6389
260000000,5.0,3.0,85.0,120.0,8.0,-33.5167,-70.6333
50077652,3.0,1.0,78.0,78.0,1.0,-33.4624,-70.6491
272035660,4.0,3.0,140.0,140.0,2.0,-33.3641,-70.6134
111844900,2.0,2.0,50.0,50.0,1.0,-33.4624,-70.6491
140347310,4.0,3.0,120.0,140.0,1.0,-33.582,-70.692
99000000,4.0,2.0,110.0,110.0,2.0,-33.6167,-70.5667
98000000,3.0,2.0,76.0,135.0,1.0,-33.5167,-70.6389
140708100,3.0,2.0,107.0,107.0,0.0,-33.4975,-70.6287
66000000,2.0,1.0,70.0,90.0,1.0,-33.688,-71.2113
91640660,3.0,1.0,102.0,121.0,2.0,-33.519,-70.629
85000000,2.0,1.0,47.0,47.0,3.0,-33.519,-70.629
70000000,5.0,2.0,100.0,100.0,1.0,-33.6844,-70.9248
60000000,4.0,1.0,65.0,65.0,1.0,-33.6844,-70.9248
67000000,3.0,1.0,58.0,58.0,1.0,-33.6844,-70.9248
55000000,3.0,1.0,70.0,70.0,0.0,-33.6844,-70.9248
58000000,4.0,1.0,120.0,120.0,1.0,-33.6844,-70.9248
105000000,2.0,2.0,73.0,73.0,0.0,-33.4624,-70.6491
80000000,3.0,1.0,90.0,90.0,1.0,-33.4274,-70.4843
80000000,3.0,2.0,90.0,90.0,0.0,-33.5985,-70.8734
60000000,4.0,3.0,90.0,90.0,1.0,-33.5985,-70.8734
70000000,2.0,1.0,58.0,58.0,0.0,-33.5985,-70.8734
155000000,4.0,2.0,140.0,140.0,0.0,-33.5985,-70.8734
140000000,3.0,3.0,93.0,93.0,2.0,-33.5985,-70.8734
90000000,3.0,2.0,114.0,114.0,2.0,-33.5985,-70.8734
58000000,3.0,1.0,65.0,65.0,0.0,-33.5985,-70.8734
64000000,2.0,1.0,62.0,62.0,1.0,-33.5985,-70.8734
119000000,3.0,3.0,57.0,57.0,1.0,-33.5719,-70.8068
75000000,4.0,1.0,74.0,70.0,0.0,-33.5719,-70.8068
110000000,3.0,2.0,133.0,133.0,0.0,-33.5667,-70.7167
76000000,3.0,1.0,80.0,80.0,1.0,-33.452,-70.723
140000000,3.0,1.0,100.0,100.0,3.0,-33.7015,-70.79
84000000,4.0,1.0,90.0,120.0,2.0,-33.4333,-70.7167
124000000,5.0,2.0,107.0,107.0,2.0,-33.5667,-70.7167
135000000,3.0,2.0,80.0,110.0,1.0,-33.6167,-70.5667
120000000,4.0,2.0,98.0,133.0,2.0,-33.6167,-70.5667
88032760,3.0,2.0,65.0,80.0,1.0,-33.5167,-70.7667
92001450,3.0,1.0,93.0,90.0,0.0,-33.2468,-70.625
90919080,3.0,1.0,65.0,65.0,1.0,-33.5167,-70.6389
122668600,3.0,2.0,77.0,77.0,2.0,-33.727,-70.7046
221885850,3.0,2.0,80.0,80.0,2.0,-33.727,-70.7046
90000000,2.0,1.0,120.0,120.0,0.0,-33.2773,-70.6106
87000000,2.0,2.0,70.0,70.0,1.0,-33.6167,-70.5667
130000000,3.0,2.0,60.0,60.0,2.0,-33.6167,-70.5667
159000000,3.0,3.0,120.0,120.0,2.0,-33.5167,-70.6389
139900000,4.0,3.0,99.0,99.0,3.0,-33.5167,-70.6389
65000000,2.0,1.0,48.0,50.0,0.0,-33.5167,-70.6389
229990000,4.0,2.0,167.0,90.0,0.0,-33.443,-70.532
130000000,3.0,1.0,100.0,75.0,3.0,-33.2773,-70.6106
52000000,3.0,1.0,55.0,55.0,1.0,-33.4624,-70.6491
88754340,2.0,1.0,60.0,60.0,0.0,-33.4624,-70.6491
110000000,3.0,1.0,54.0,54.0,1.0,-33.4624,-70.6491
100000000,3.0,1.0,58.0,101.0,1.0,-33.582,-70.692
95000000,2.0,1.0,60.0,96.0,1.0,-33.582,-70.692
70354050,3.0,1.0,50.0,86.0,1.0,-33.727,-70.7046
95000000,3.0,2.0,80.0,128.0,2.0,-33.5167,-70.7667
286828050,4.0,3.0,140.0,140.0,4.0,-33.5719,-70.8068
93805400,3.0,2.0,130.0,145.0,1.0,-33.6844,-70.9248
135000000,3.0,2.0,75.0,100.0,1.0,-33.582,-70.692
476242800,4.0,3.0,120.0,120.0,2.0,-33.4088,-70.5671
150000000,3.0,3.0,80.0,120.0,2.0,-33.6167,-70.5667
97413300,3.0,1.0,54.0,140.0,1.0,-33.6936,-71.0118
97413300,3.0,1.0,54.0,140.0,1.0,-33.6936,-71.0118
70000000,3.0,1.0,49.0,82.0,1.0,-33.727,-70.7046
92362240,4.0,2.0,134.0,128.0,1.0,-33.6167,-70.5667
85000000,3.0,1.0,53.0,130.0,2.0,-33.5719,-70.8068
179000000,3.0,2.0,100.0,144.0,2.0,-33.452,-70.723
136739410,3.0,2.0,68.0,100.0,1.0,-33.5719,-70.8068
137000000,4.0,3.0,83.0,123.0,2.0,-33.4624,-70.6491
130000000,3.0,1.0,100.0,100.0,2.0,-33.2773,-70.6106
88393550,2.0,1.0,62.0,62.0,2.0,-33.582,-70.692
209258200,4.0,3.0,126.0,126.0,2.0,-33.7509,-70.8983
98500000,3.0,2.0,98.0,98.0,2.0,-33.6167,-70.5667
95000000,4.0,2.0,80.0,80.0,1.0,-33.6167,-70.5667
74936083,3.0,1.0,52.0,52.0,2.0,-33.7843,-70.7217
133456221,3.0,3.0,75.0,75.0,1.0,-33.727,-70.7046
67000000,3.0,1.0,65.0,120.0,1.0,-33.3667,-70.7333
85000000,3.0,2.0,70.0,82.0,1.0,-33.5167,-70.7667
400000000,3.0,2.0,100.0,100.0,2.0,-33.3867,-70.5688
155139700,3.0,3.0,90.0,90.0,2.0,-33.7509,-70.8983
93000000,3.0,1.0,80.0,120.0,1.0,-33.6167,-70.5667
306671500,2.0,2.0,123.0,123.0,15.0,-33.1829,-70.6747
137100200,1.0,1.0,37.0,37.0,1.0,-33.2773,-70.6106
178591050,4.0,2.0,100.0,140.0,1.0,-33.4624,-70.6491
248945100,3.0,2.0,125.0,125.0,1.0,-33.3641,-70.6134
65000000,3.0,1.0,77.0,77.0,1.0,-33.6167,-70.5667
110762530,3.0,2.0,88.0,97.0,1.0,-33.5167,-70.7667
80131459,3.0,2.0,74.0,74.0,0.0,-33.3667,-70.7333
173179200,3.0,3.0,116.0,116.0,2.0,-33.7509,-70.8983
235000000,3.0,2.0,100.0,100.0,10.0,-33.2833,-70.8778
331926800,2.0,2.0,90.0,97.0,1.0,-33.4624,-70.6491
140000000,3.0,2.0,90.0,90.0,1.0,-33.2468,-70.625
340946550,3.0,3.0,122.0,134.0,0.0,-33.4833,-70.55
84785650,2.0,1.0,43.0,43.0,1.0,-33.2468,-70.625
250749050,4.0,3.0,100.0,100.0,5.0,-33.727,-70.7046
65000000,4.0,1.0,59.0,85.0,1.0,-33.582,-70.692
80000000,3.0,2.0,77.0,77.0,1.0,-33.5719,-70.8068
70000000,1.0,1.0,47.0,120.0,1.0,-33.5167,-70.6389
163500000,5.0,2.0,140.0,132.0,1.0,-33.5167,-70.7667
115000000,3.0,1.0,61.0,140.0,0.0,-33.5167,-70.7667
165133583,4.0,2.0,120.0,80.0,0.0,-33.2468,-70.625
85000000,2.0,1.0,55.0,80.0,0.0,-33.6167,-70.5667
160000000,2.0,2.0,87.0,105.0,2.0,-33.6167,-70.5667
80000000,3.0,1.0,47.0,94.0,0.0,-33.4333,-70.7167
78000000,5.0,2.0,1.0,116.0,0.0,-33.5167,-70.7667
135000000,4.0,3.0,72.0,120.0,1.0,-33.6167,-70.5667
82000000,3.0,1.0,55.0,100.0,1.0,-33.2833,-70.8778
80000000,4.0,2.0,100.0,60.0,0.0,-33.2468,-70.625
115000000,4.0,2.0,95.0,95.0,1.0,-33.5167,-70.7667
66926545,2.0,1.0,62.0,92.0,0.0,-33.452,-70.723
80636565,2.0,1.0,54.0,73.0,1.0,-33.6167,-70.5667
65014358,2.0,1.0,48.0,80.0,1.0,-33.6167,-70.5667
133492300,6.0,3.0,200.0,125.0,1.0,-33.4975,-70.6287
85000000,3.0,2.0,70.0,82.0,1.0,-33.5167,-70.7667
275000000,10.0,5.0,243.0,134.0,2.0,-33.4624,-70.6491
130000000,3.0,1.0,60.0,100.0,1.0,-33.5167,-70.6389
216437921,3.0,3.0,96.0,96.0,4.0,-33.727,-70.7046
72158000,2.0,1.0,50.0,65.0,0.0,-33.4766,-70.6062
73000000,3.0,2.0,87.0,81.0,1.0,-33.1829,-70.6747
132770720,3.0,2.0,71.0,135.0,2.0,-33.5167,-70.7667
350000000,4.0,2.0,100.0,120.0,0.0,-33.4088,-70.5671
162319421,3.0,3.0,183.0,81.0,0.0,-33.727,-70.7046
70000000,4.0,2.0,78.0,78.0,1.0,-33.6167,-70.5667
82981700,3.0,1.0,70.0,148.0,2.0,-33.5985,-70.8734
70000000,4.0,1.0,103.0,70.0,0.0,-33.4624,-70.6491
110000000,3.0,1.0,60.0,90.0,0.0,-33.6167,-70.5667
82000000,3.0,1.0,55.0,55.0,1.0,-33.5167,-70.7667
145000000,3.0,2.0,74.0,120.0,0.0,-33.4034,-70.7213
175000000,3.0,3.0,83.0,110.0,3.0,-33.3667,-70.7333
165000000,2.0,1.0,63.0,124.0,0.0,-33.4766,-70.6062
75000000,2.0,1.0,56.0,92.0,1.0,-33.6167,-70.5667
56000000,3.0,2.0,54.0,63.0,1.0,-33.5167,-70.6389
153000000,3.0,3.0,95.0,128.0,0.0,-33.6167,-70.5667
100480015,4.0,1.0,75.0,128.0,1.0,-33.5167,-70.7667
40000000,3.0,1.0,60.0,60.0,1.0,-33.349,-70.6383
70900000,3.0,1.0,65.0,65.0,1.0,-33.5167,-70.7667
137100200,3.0,3.0,72.0,137.0,2.0,-33.5167,-70.7667
151531800,3.0,2.0,77.0,137.0,0.0,-33.3667,-70.7333
66746150,3.0,1.0,50.0,70.0,1.0,-33.4034,-70.7213
118000000,4.0,2.0,96.0,120.0,1.0,-33.6167,-70.5667
85000000,4.0,2.0,54.0,58.0,0.0,-33.6167,-70.5667
127034159,4.0,1.0,128.0,128.0,2.0,-33.582,-70.692
115488000,4.0,2.0,99.0,52.0,0.0,-33.443,-70.532
120000000,4.0,2.0,69.0,100.0,1.0,-33.727,-70.7046
124999990,4.0,2.0,75.0,143.0,2.0,-33.6167,-70.5667
140347310,3.0,2.0,70.0,140.0,1.0,-33.727,-70.7046
198073710,3.0,3.0,95.0,120.0,2.0,-33.3641,-70.6134
111844900,2.0,1.0,69.0,127.0,0.0,-33.5167,-70.7667
127000000,4.0,3.0,120.0,120.0,0.0,-33.5167,-70.7667
301187492,3.0,3.0,80.0,119.0,0.0,-33.1829,-70.6747
100000000,4.0,2.0,99.0,147.0,1.0,-33.582,-70.692
119000000,4.0,2.0,100.0,110.0,0.0,-33.4624,-70.6491
129000000,3.0,2.0,75.0,144.0,1.0,-33.6167,-70.5667
72000000,3.0,1.0,60.0,82.0,1.0,-33.727,-70.7046
118999990,3.0,1.0,74.0,110.0,1.0,-33.6167,-70.5667
131990000,3.0,3.0,76.0,124.0,3.0,-33.452,-70.723
175000000,3.0,3.0,84.0,145.0,4.0,-33.452,-70.723
95000000,2.0,1.0,49.0,100.0,2.0,-33.5167,-70.6389
135296250,3.0,2.0,68.0,98.0,2.0,-33.582,-70.692
58000000,3.0,1.0,60.0,68.0,2.0,-33.6167,-70.5667
100000000,4.0,2.0,125.0,75.0,1.0,-33.6167,-70.5667
149990000,3.0,3.0,114.0,90.0,2.0,-33.6167,-70.5667
61500000,2.0,2.0,59.0,67.0,1.0,-33.1829,-70.6747
143955210,3.0,2.0,70.0,121.0,2.0,-33.5167,-70.6389
75044320,2.0,1.0,65.0,85.0,1.0,-33.582,-70.692
83000000,3.0,2.0,50.0,50.0,1.0,-33.6167,-70.5667
87000000,3.0,1.0,44.0,122.0,2.0,-33.5167,-70.7667
193022650,4.0,4.0,130.0,130.0,1.0,-33.5167,-70.7667
78100000,4.0,2.0,45.0,60.0,1.0,-33.5167,-70.7667
128000000,3.0,2.0,66.0,115.0,2.0,-33.5167,-70.7667
130000000,4.0,2.0,90.0,90.0,1.0,-33.582,-70.692
328318900,2.0,1.0,91.0,129.0,1.0,-33.435,-70.615
119818359,3.0,2.0,65.0,111.0,1.0,-33.6167,-70.5667
54912238,3.0,1.0,66.0,91.0,1.0,-33.6167,-70.5667
49572546,3.0,1.0,53.0,60.0,1.0,-33.6167,-70.5667
130000000,3.0,2.0,90.0,100.0,1.0,-33.6167,-70.5667
150000000,3.0,3.0,86.0,113.0,0.0,-33.6167,-70.5667
165000000,3.0,2.0,76.0,98.0,1.0,-33.5167,-70.6389
149000000,4.0,2.0,90.0,110.0,1.0,-33.4833,-70.55
90000000,3.0,1.0,86.0,96.0,0.0,-33.3667,-70.7333
165000000,3.0,2.0,87.0,116.0,0.0,-33.3667,-70.7333
92000000,4.0,2.0,110.0,110.0,1.0,-33.4766,-70.6062
73171282,2.0,1.0,50.0,75.0,0.0,-33.2773,-70.6106
191218700,4.0,2.0,80.0,145.0,0.0,-33.4766,-70.6062
85000000,3.0,1.0,65.0,65.0,1.0,-33.5167,-70.7667
65000000,1.0,2.0,62.0,75.0,0.0,-33.5167,-70.6389
80000000,4.0,2.0,70.0,75.0,0.0,-33.2468,-70.625
84000000,3.0,1.0,60.0,60.0,0.0,-33.4624,-70.6491
63535119,3.0,1.0,47.0,67.0,1.0,-33.582,-70.692
90017105,2.0,1.0,49.0,120.0,1.0,-33.4264,-70.6996
78000000,2.0,1.0,50.0,91.0,0.0,-33.6167,-70.5667
103000000,3.0,1.0,50.0,149.0,0.0,-33.5719,-70.8068
115000000,4.0,2.0,84.0,126.0,1.0,-33.5167,-70.7667
85000000,4.0,2.0,60.0,96.0,2.0,-33.5985,-70.8734
129162820,3.0,3.0,62.0,120.0,2.0,-33.5167,-70.7667
200000000,5.0,3.0,120.0,140.0,1.0,-33.45,-70.7
130000000,4.0,1.0,90.0,90.0,1.0,-33.5167,-70.6389
90000000,3.0,2.0,116.0,104.0,2.0,-33.4264,-70.6996
130000000,5.0,1.0,82.0,144.0,2.0,-33.5167,-70.7667
105000000,5.0,2.0,92.0,139.0,2.0,-33.5167,-70.7667
53000000,2.0,1.0,58.0,74.0,0.0,-33.4624,-70.6491
107000000,4.0,1.0,88.0,128.0,3.0,-33.5167,-70.6389
110000000,3.0,1.0,65.0,101.0,1.0,-33.4333,-70.7167
120000000,2.0,2.0,75.0,149.0,1.0,-33.5167,-70.7667
79000000,3.0,1.0,60.0,80.0,1.0,-33.3667,-70.7333
321103100,4.0,3.0,110.0,120.0,1.0,-33.2773,-70.6106
100000000,3.0,2.0,80.0,100.0,2.0,-33.5167,-70.7667
173179200,3.0,3.0,72.0,80.0,0.0,-33.5167,-70.7667
75000000,2.0,1.0,60.0,87.0,0.0,-33.4264,-70.6996
75000000,3.0,1.0,90.0,105.0,2.0,-33.472,-70.683
140000000,3.0,2.0,77.0,125.0,1.0,-33.5167,-70.7667
64000000,3.0,1.0,46.0,72.0,1.0,-33.2833,-70.8778
75000000,2.0,1.0,46.0,72.0,1.0,-33.2833,-70.8778
57000000,4.0,2.0,57.0,79.0,2.0,-33.2833,-70.8778
48000000,3.0,1.0,61.0,75.0,0.0,-33.2833,-70.8778
85000000,3.0,1.0,51.0,79.0,3.0,-33.2833,-70.8778
108237000,2.0,2.0,98.0,98.0,0.0,-33.582,-70.692
77000000,6.0,1.0,120.0,120.0,0.0,-33.422,-70.72
163000000,4.0,3.0,73.0,142.0,0.0,-33.5167,-70.6389
125000000,3.0,2.0,66.0,91.0,0.0,-33.4034,-70.7213
160551550,3.0,3.0,98.0,130.0,2.0,-33.5167,-70.7667
132121298,3.0,1.0,45.0,145.0,0.0,-33.4088,-70.5671
65000000,4.0,1.0,70.0,140.0,1.0,-33.349,-70.6383
75000000,3.0,1.0,75.0,112.0,1.0,-33.4667,-70.6667
89000000,4.0,2.0,102.0,114.0,2.0,-33.6167,-70.5667
72518790,3.0,1.0,64.0,75.0,1.0,-33.5167,-70.6389
135000000,3.0,2.0,90.0,140.0,1.0,-33.5719,-70.8068
110000000,3.0,2.0,66.0,96.0,1.0,-33.5167,-70.7667
118000000,3.0,2.0,68.0,114.0,1.0,-33.5719,-70.8068
139000000,4.0,3.0,90.0,122.0,1.0,-33.5167,-70.7667
67000000,4.0,1.0,50.0,60.0,1.0,-33.5167,-70.7667
95000000,3.0,1.0,70.0,140.0,1.0,-33.519,-70.629
151531800,4.0,3.0,90.0,130.0,0.0,-33.3667,-70.7333
220081900,5.0,4.0,130.0,134.0,1.0,-33.5167,-70.7667
176426310,3.0,3.0,160.0,92.0,1.0,-33.5985,-70.8734
107876210,3.0,1.0,46.0,147.0,0.0,-33.6167,-70.5667
142512050,3.0,2.0,90.0,138.0,1.0,-33.4333,-70.7167
86589600,2.0,1.0,43.0,126.0,1.0,-33.6167,-70.5667
115452800,3.0,2.0,60.0,100.0,1.0,-33.6167,-70.5667
58000000,2.0,1.0,128.0,128.0,1.0,-33.349,-70.6383
65000000,2.0,1.0,55.0,55.0,0.0,-33.4624,-70.6491
149727850,3.0,2.0,113.0,113.0,0.0,-33.5167,-70.7667
85000000,4.0,1.0,100.0,78.0,2.0,-33.582,-70.692
82000000,3.0,1.0,65.0,90.0,2.0,-33.5719,-70.8068
185000000,4.0,2.0,93.0,139.0,0.0,-33.3667,-70.7333
68000000,3.0,2.0,60.0,79.0,0.0,-33.5167,-70.6389
128000000,3.0,1.0,90.0,90.0,0.0,-33.4624,-70.6491
50000000,3.0,1.0,78.0,60.0,1.0,-33.5167,-70.7667
195000000,4.0,3.0,126.0,135.0,1.0,-33.452,-70.723
95000000,4.0,2.0,75.0,99.0,1.0,-33.6167,-70.5667
137064121,5.0,3.0,165.0,138.0,2.0,-33.5167,-70.7667
173179200,4.0,3.0,83.0,134.0,0.0,-33.4833,-70.55
77642008,4.0,1.0,74.0,84.0,0.0,-33.6167,-70.5667
80000000,2.0,1.0,40.0,101.0,1.0,-33.5167,-70.7667
78000000,3.0,2.0,72.0,90.0,1.0,-33.5167,-70.7667
195000000,3.0,3.0,90.0,118.0,1.0,-33.2833,-70.8778
130500000,5.0,2.0,127.0,112.0,2.0,-33.5167,-70.7667
125000000,3.0,2.0,90.0,130.0,1.0,-33.3667,-70.7333
102825150,2.0,2.0,90.0,105.0,1.0,-33.5167,-70.7667
170292880,6.0,2.0,106.0,149.0,2.0,-33.5167,-70.7667
132590325,2.0,1.0,72.0,77.0,1.0,-33.45,-70.7
120000000,4.0,2.0,75.0,80.0,0.0,-33.4264,-70.6996
125000000,3.0,2.0,94.0,108.0,3.0,-33.6167,-70.5667
65000000,2.0,1.0,55.0,55.0,0.0,-33.4624,-70.6491
162355500,3.0,2.0,70.0,120.0,1.0,-33.3667,-70.7333
98000000,2.0,1.0,73.0,126.0,1.0,-33.5167,-70.7667
79500000,5.0,1.0,100.0,80.0,1.0,-33.3667,-70.7333
95000000,4.0,1.0,98.0,98.0,0.0,-33.4624,-70.6491
155139700,3.0,3.0,70.0,128.0,1.0,-33.3667,-70.7333
120864650,3.0,3.0,68.0,68.0,0.0,-33.6167,-70.5667
111195478,3.0,2.0,66.0,90.0,1.0,-33.5167,-70.7667
165000000,3.0,3.0,68.0,116.0,2.0,-33.6167,-70.5667
90000000,3.0,2.0,51.0,78.0,2.0,-33.6167,-70.5667
145000000,4.0,2.0,115.0,133.0,0.0,-33.5167,-70.7667
98856460,3.0,1.0,80.0,90.0,0.0,-33.5167,-70.6389
226936910,3.0,3.0,86.0,100.0,2.0,-33.3641,-70.6134
105000000,3.0,1.0,89.0,89.0,0.0,-33.5167,-70.6389
68000000,4.0,2.0,108.0,108.0,0.0,-33.582,-70.692
55000000,4.0,1.0,101.0,132.0,1.0,-33.4624,-70.6491
69500000,3.0,1.0,100.0,100.0,2.0,-33.349,-70.6383
369809750,4.0,3.0,114.0,89.0,1.0,-33.443,-70.532
125000000,2.0,1.0,90.0,90.0,1.0,-33.6167,-70.5667
149727850,3.0,2.0,77.0,99.0,0.0,-33.4766,-70.6062
83000000,3.0,2.0,96.0,110.0,1.0,-33.727,-70.7046
97413300,3.0,1.0,55.0,75.0,1.0,-33.4624,-70.6491
328000000,2.0,3.0,120.0,120.0,2.0,-33.4624,-70.6491
104629100,2.0,1.0,75.0,75.0,1.0,-33.35,-70.6
64000000,4.0,2.0,142.0,98.0,2.0,-33.727,-70.7046
83919754,2.0,1.0,60.0,120.0,1.0,-33.727,-70.7046
194646205,4.0,1.0,130.0,130.0,0.0,-33.5167,-70.6333
606127200,3.0,2.0,128.0,128.0,2.0,-33.4088,-70.5671
100000000,4.0,2.0,110.0,75.0,1.0,-33.3667,-70.7333
82620910,2.0,1.0,49.0,80.0,2.0,-33.727,-70.7046
119962675,3.0,1.0,70.0,98.0,1.0,-33.5667,-70.7167
65000000,3.0,2.0,70.0,70.0,0.0,-33.6167,-70.5667
55000000,2.0,1.0,43.0,67.0,1.0,-33.582,-70.692
70000000,3.0,2.0,110.0,63.0,1.0,-33.582,-70.692
66000000,4.0,1.0,86.0,86.0,1.0,-33.582,-70.692
88000000,3.0,2.0,90.0,90.0,1.0,-33.582,-70.692
150000000,2.0,3.0,120.0,120.0,0.0,-33.582,-70.692
129884400,3.0,3.0,66.0,116.0,0.0,-33.582,-70.692
155000000,3.0,3.0,90.0,133.0,1.0,-33.5167,-70.7667
72000000,3.0,1.0,41.0,100.0,1.0,-33.5167,-70.6389
115000000,4.0,3.0,90.0,92.0,0.0,-33.5167,-70.6389
75000000,2.0,1.0,37.0,60.0,0.0,-33.4333,-70.7167
70000000,3.0,2.0,78.0,60.0,1.0,-33.5167,-70.7667
191218700,2.0,2.0,108.0,108.0,1.0,-33.4766,-70.6062
92145766,3.0,2.0,70.0,134.0,0.0,-33.443,-70.532
72158000,2.0,1.0,48.0,78.0,0.0,-33.6844,-70.9248
310279400,5.0,1.0,188.0,121.0,0.0,-33.435,-70.615
86589600,3.0,2.0,60.0,70.0,1.0,-33.5719,-70.8068
124472550,3.0,3.0,73.0,114.0,2.0,-33.5719,-70.8068
258325640,3.0,3.0,123.0,123.0,0.0,-33.4833,-70.55
85000000,4.0,3.0,85.0,90.0,1.0,-33.582,-70.692
147996058,3.0,3.0,92.0,124.0,1.0,-33.5167,-70.7667
165602610,3.0,2.0,96.0,138.0,3.0,-33.5167,-70.7667
149600000,3.0,2.0,120.0,140.0,1.0,-33.582,-70.692
90000000,5.0,1.0,91.0,135.0,0.0,-33.4264,-70.6996
75900000,2.0,1.0,60.0,80.0,4.0,-33.3667,-70.7333
150000000,13.0,2.0,116.0,116.0,0.0,-33.368,-70.642
201681610,3.0,3.0,102.0,114.0,0.0,-33.6167,-70.5667
72158000,3.0,1.0,78.0,66.0,1.0,-33.5167,-70.6389
64942200,3.0,1.0,54.0,137.0,2.0,-33.688,-71.2113
60973510,3.0,1.0,66.0,64.0,0.0,-33.5167,-70.6389
69885023,3.0,1.0,100.0,94.0,2.0,-33.582,-70.692
50005494,2.0,1.0,33.0,65.0,0.0,-33.5667,-70.7167
83000000,2.0,1.0,46.0,67.0,1.0,-33.5167,-70.7667
378990000,3.0,3.0,119.0,119.0,2.0,-33.4624,-70.6491
110000000,4.0,2.0,81.0,91.0,0.0,-33.6167,-70.5667
85000000,3.0,1.0,80.0,130.0,0.0,-33.6167,-70.5667
100000000,3.0,2.0,58.0,76.0,2.0,-33.5719,-70.8068
80000000,3.0,2.0,80.0,106.0,2.0,-33.5167,-70.6389
130000000,3.0,1.0,58.0,131.0,1.0,-33.5167,-70.6389
95000000,5.0,1.0,125.0,100.0,1.0,-33.4333,-70.7167
155000000,6.0,2.0,102.0,102.0,3.0,-33.2642,-70.715
82981700,4.0,1.0,80.0,110.0,0.0,-33.4833,-70.55
66746150,3.0,2.0,55.0,62.0,1.0,-33.582,-70.692
120000000,3.0,2.0,56.0,80.0,1.0,-33.6167,-70.5667
160000000,3.0,3.0,63.0,110.0,1.0,-33.5167,-70.7667
199949818,3.0,3.0,76.0,137.0,2.0,-33.5167,-70.7667
150000000,3.0,3.0,90.0,131.0,0.0,-33.5167,-70.7667
577264000,3.0,3.0,140.0,140.0,2.0,-33.443,-70.532
84990000,3.0,2.0,74.0,66.0,2.0,-33.6167,-70.5667
229101650,3.0,3.0,114.0,140.0,0.0,-33.3641,-70.6134
120000000,3.0,2.0,60.0,110.0,1.0,-33.6167,-70.5667
58000000,4.0,1.0,53.0,74.0,0.0,-33.582,-70.692
126000000,3.0,1.0,98.0,142.0,0.0,-33.4264,-70.6996
110000000,4.0,1.0,79.0,79.0,0.0,-33.5167,-70.7667
95000000,3.0,2.0,80.0,100.0,0.0,-33.5167,-70.6389
76126690,2.0,1.0,65.0,80.0,2.0,-33.7843,-70.7217
85000000,3.0,1.0,58.0,65.0,1.0,-33.6167,-70.5667
90000000,3.0,1.0,75.0,75.0,0.0,-33.4624,-70.6491
195000000,5.0,2.0,173.0,72.0,1.0,-33.5167,-70.6389
180000000,4.0,2.0,93.0,86.0,2.0,-33.4766,-70.6062
85000000,3.0,2.0,78.0,123.0,2.0,-33.5667,-70.7167
104629100,3.0,2.0,71.0,90.0,1.0,-33.582,-70.692
98500000,2.0,2.0,64.0,72.0,2.0,-33.3667,-70.7333
134935460,3.0,2.0,78.0,134.0,1.0,-33.6167,-70.5667
64942200,3.0,1.0,50.0,80.0,0.0,-33.6167,-70.5667
75000000,2.0,1.0,52.0,70.0,1.0,-33.5985,-70.8734
139000000,5.0,2.0,105.0,122.0,0.0,-33.4624,-70.6491
55000000,3.0,1.0,93.0,93.0,1.0,-33.6167,-70.5667
85000000,3.0,1.0,83.0,78.0,2.0,-33.5167,-70.6389
140000000,5.0,3.0,118.0,110.0,2.0,-33.6167,-70.5667
76000000,3.0,1.0,54.0,85.0,1.0,-33.5167,-70.7667
89000000,2.0,2.0,70.0,112.0,1.0,-33.5167,-70.7667
89000000,3.0,1.0,75.0,103.0,1.0,-33.5167,-70.7667
92975583,3.0,2.0,89.0,79.0,1.0,-33.6167,-70.5667
140527705,3.0,3.0,73.0,140.0,0.0,-33.6167,-70.5667
143955210,3.0,2.0,73.0,110.0,1.0,-33.5167,-70.7667
57000000,3.0,1.0,60.0,60.0,0.0,-33.5167,-70.6389
120000000,2.0,1.0,100.0,100.0,1.0,-33.5167,-70.7667
100000000,2.0,2.0,72.0,112.0,1.0,-33.5167,-70.7667
50000000,3.0,1.0,48.0,68.0,3.0,-33.582,-70.692
110000000,3.0,1.0,70.0,110.0,1.0,-33.5167,-70.7667
152253380,4.0,2.0,90.0,120.0,1.0,-33.3667,-70.7333
402280850,4.0,3.0,90.0,120.0,1.0,-33.3867,-70.5688
182992688,3.0,2.0,152.0,141.0,1.0,-33.6167,-70.5667
110000000,3.0,2.0,113.0,120.0,1.0,-33.688,-71.2113
133059352,4.0,2.0,80.0,97.0,3.0,-33.5667,-70.7167
78976931,2.0,1.0,70.0,100.0,3.0,-33.6167,-70.5667
79770669,2.0,1.0,56.0,58.0,2.0,-33.6167,-70.5667
120165947,6.0,2.0,162.0,62.0,0.0,-33.5167,-70.6389
160000000,3.0,3.0,140.0,140.0,0.0,-33.4034,-70.7213
79987143,4.0,2.0,100.0,100.0,1.0,-33.582,-70.692
148970191,3.0,3.0,120.0,120.0,0.0,-33.6167,-70.5667
60000000,3.0,1.0,55.0,55.0,1.0,-33.6167,-70.5667
60000000,4.0,1.0,68.0,72.0,2.0,-33.6167,-70.5667
105000000,3.0,1.0,134.0,134.0,0.0,-33.5167,-70.7667
128152608,3.0,2.0,73.0,100.0,0.0,-33.4034,-70.7213
51232180,1.0,1.0,29.0,29.0,0.0,-33.45,-70.7
75765900,1.0,1.0,29.0,29.0,1.0,-33.45,-70.7
110040950,3.0,2.0,66.0,96.0,2.0,-33.5167,-70.7667
75000000,4.0,2.0,79.0,82.0,0.0,-33.5167,-70.7667
126000000,2.0,1.0,120.0,138.0,0.0,-33.4624,-70.6491
90000000,3.0,1.0,82.0,105.0,0.0,-33.5667,-70.7167
89000000,3.0,3.0,82.0,96.0,1.0,-33.1829,-70.6747
68000000,3.0,1.0,71.0,80.0,1.0,-33.5167,-70.7667
133000000,3.0,3.0,104.0,125.0,1.0,-33.3667,-70.7333
100000000,5.0,2.0,120.0,120.0,0.0,-33.6844,-70.9248
150000000,3.0,3.0,67.0,128.0,3.0,-33.6167,-70.5667
136000000,4.0,2.0,88.0,119.0,1.0,-33.6167,-70.5667
133131510,2.0,3.0,138.0,144.0,3.0,-33.5167,-70.7667
226000000,5.0,4.0,132.0,148.0,2.0,-33.4333,-70.7167
74990000,3.0,1.0,100.0,87.0,1.0,-33.3667,-70.7333
85000000,3.0,1.0,80.0,112.0,0.0,-33.3667,-70.7333
130000000,3.0,2.0,79.0,132.0,1.0,-33.688,-71.2113
189000000,3.0,2.0,92.0,135.0,1.0,-33.5167,-70.7667
100000000,4.0,3.0,103.0,109.0,0.0,-33.6167,-70.5667
145000000,3.0,3.0,130.0,80.0,0.0,-33.5167,-70.7667
75000000,2.0,1.0,45.0,110.0,2.0,-33.6844,-70.9248
142512050,4.0,2.0,111.0,120.0,0.0,-33.5167,-70.7667
66000000,3.0,1.0,48.0,80.0,0.0,-33.6167,-70.5667
140708100,3.0,2.0,70.0,129.0,3.0,-33.5167,-70.6389
144316000,3.0,3.0,140.0,120.0,1.0,-33.452,-70.723
170000000,3.0,3.0,140.0,128.0,0.0,-33.582,-70.692
70000000,4.0,1.0,80.0,100.0,2.0,-33.4333,-70.7167
165000000,5.0,3.0,104.0,129.0,2.0,-33.5167,-70.7667
105350680,3.0,2.0,99.0,110.0,2.0,-33.6167,-70.5667
250000000,4.0,1.0,238.0,76.0,1.0,-33.2773,-70.6106
90000000,2.0,2.0,84.0,44.0,1.0,-33.582,-70.692
80000000,4.0,1.0,72.0,53.0,1.0,-33.6167,-70.5667
55000000,4.0,1.0,117.0,85.0,1.0,-33.1829,-70.6747
143000000,5.0,2.0,104.0,128.0,1.0,-33.6167,-70.5667
288632000,4.0,3.0,96.0,110.0,1.0,-33.2773,-70.6106
70000000,3.0,1.0,100.0,70.0,0.0,-33.422,-70.72
68000000,2.0,1.0,52.0,100.0,2.0,-33.6167,-70.5667
53757710,2.0,1.0,40.0,60.0,1.0,-33.4333,-70.7167
64942200,2.0,1.0,68.0,70.0,0.0,-33.3667,-70.7333
74358819,3.0,1.0,55.0,80.0,2.0,-33.582,-70.692
123390180,3.0,2.0,82.0,120.0,0.0,-33.6167,-70.5667
90197500,3.0,1.0,54.0,96.0,2.0,-33.2833,-70.8778
105711470,3.0,1.0,72.0,128.0,1.0,-33.5167,-70.7667
131000000,3.0,3.0,100.0,135.0,1.0,-33.6844,-70.9248
62000000,2.0,1.0,53.0,100.0,2.0,-33.7509,-70.8983
60000000,3.0,1.0,45.0,60.0,1.0,-33.6936,-71.0118
70000000,2.0,1.0,60.0,90.0,1.0,-33.5719,-70.8068
244435225,4.0,3.0,109.0,146.0,1.0,-33.5167,-70.6389
98000000,3.0,2.0,70.0,100.0,0.0,-33.5167,-70.7667
70000000,2.0,1.0,43.0,80.0,1.0,-33.6167,-70.5667
85000000,2.0,1.0,85.0,128.0,1.0,-33.6167,-70.5667
115000000,3.0,1.0,94.0,136.0,0.0,-33.4034,-70.7213
139999990,3.0,2.0,97.0,115.0,3.0,-33.5167,-70.6389
190000000,3.0,2.0,200.0,100.0,1.0,-33.4833,-70.55
119060700,3.0,3.0,120.0,140.0,1.0,-33.6844,-70.9248
82000000,3.0,2.0,46.0,60.0,1.0,-33.5167,-70.7667
76000000,3.0,2.0,85.0,80.0,1.0,-33.3667,-70.7333
55000000,2.0,1.0,62.0,60.0,1.0,-33.582,-70.692
75000000,3.0,1.0,55.0,80.0,0.0,-33.2833,-70.8778
125000000,3.0,1.0,62.0,80.0,1.0,-33.368,-70.642
181000000,4.0,2.0,103.0,126.0,2.0,-33.5007,-70.6514
130000000,3.0,2.0,70.0,132.0,2.0,-33.5167,-70.6389
100000000,4.0,1.0,98.0,144.0,2.0,-33.5167,-70.6389
133492300,3.0,3.0,76.0,120.0,1.0,-33.6167,-70.5667
80000000,3.0,2.0,70.0,71.0,1.0,-33.3667,-70.7333
80000000,3.0,1.0,60.0,122.0,4.0,-33.5667,-70.7167
89000000,2.0,2.0,91.0,118.0,0.0,-33.368,-70.642
110000000,3.0,2.0,104.0,104.0,0.0,-33.4333,-70.7167
66500000,3.0,1.0,50.0,79.0,2.0,-33.6167,-70.5667
180000000,4.0,2.0,117.0,117.0,1.0,-33.4624,-70.6491
81177750,3.0,2.0,70.0,100.0,1.0,-33.5667,-70.7167
114911615,2.0,1.0,76.0,102.0,0.0,-33.5167,-70.6389
83000000,2.0,1.0,48.0,101.0,0.0,-33.6844,-70.9248
88000000,2.0,2.0,60.0,101.0,1.0,-33.6844,-70.9248
107000000,5.0,2.0,125.0,120.0,1.0,-33.6844,-70.9248
156943650,3.0,3.0,93.0,145.0,0.0,-33.5167,-70.7667
60000000,3.0,1.0,60.0,72.0,0.0,-33.6167,-70.5667
73000000,2.0,1.0,59.0,70.0,0.0,-33.6167,-70.5667
149000000,3.0,3.0,92.0,120.0,0.0,-33.6167,-70.5667
92000000,3.0,1.0,76.0,93.0,1.0,-33.6167,-70.5667
135000000,3.0,3.0,75.0,97.0,1.0,-33.6167,-70.5667
180000000,3.0,1.0,82.0,100.0,3.0,-33.4667,-70.6667
241729300,3.0,3.0,110.0,116.0,1.0,-33.3641,-70.6134
115452800,3.0,2.0,79.0,139.0,1.0,-33.3641,-70.6134
55000000,2.0,1.0,55.0,70.0,0.0,-33.5167,-70.6389
77000000,2.0,1.0,51.0,137.0,0.0,-33.4333,-70.7167
79000000,2.0,1.0,60.0,64.0,1.0,-33.5167,-70.7667
115452800,3.0,1.0,108.0,143.0,3.0,-33.5667,-70.7167
130000000,3.0,1.0,90.0,120.0,1.0,-33.5167,-70.7667
75000000,5.0,2.0,140.0,106.0,0.0,-33.368,-70.642
90000000,3.0,1.0,70.0,70.0,1.0,-33.45,-70.7
138723755,4.0,2.0,107.0,130.0,2.0,-33.452,-70.723
79770669,2.0,1.0,52.0,58.0,1.0,-33.6167,-70.5667
64000000,3.0,1.0,59.0,98.0,2.0,-33.349,-70.6383
76000000,3.0,1.0,51.0,70.0,2.0,-33.6167,-70.5667
107000000,3.0,3.0,96.0,113.0,1.0,-33.349,-70.6383
60000000,2.0,1.0,50.0,50.0,1.0,-33.582,-70.692
74990000,3.0,1.0,62.0,80.0,1.0,-33.3667,-70.7333
68000000,3.0,1.0,67.0,67.0,1.0,-33.5167,-70.7667
90000000,3.0,1.0,72.0,78.0,1.0,-33.5167,-70.7667
59999377,4.0,1.0,63.0,80.0,0.0,-33.1829,-70.6747
84600000,3.0,2.0,65.0,110.0,2.0,-33.582,-70.692
84785650,3.0,1.0,60.0,91.0,1.0,-33.45,-70.7
75000000,2.0,1.0,48.0,101.0,1.0,-33.6844,-70.9248
72000000,4.0,3.0,85.0,100.0,1.0,-33.3667,-70.7333
64000000,3.0,1.0,90.0,100.0,1.0,-33.6167,-70.5667
135000000,2.0,2.0,130.0,136.0,1.0,-33.5167,-70.7667
122307810,3.0,3.0,89.0,120.0,1.0,-33.5167,-70.7667
119060700,3.0,2.0,90.0,137.0,2.0,-33.2833,-70.8778
118000000,3.0,2.0,65.0,132.0,0.0,-33.5167,-70.7667
115000000,4.0,2.0,102.0,130.0,2.0,-33.6167,-70.5667
133492300,3.0,3.0,80.0,133.0,3.0,-33.3667,-70.7333
256160900,3.0,3.0,114.0,140.0,1.0,-33.3641,-70.6134
80000000,3.0,2.0,60.0,82.0,0.0,-33.582,-70.692
98000000,3.0,2.0,75.0,100.0,0.0,-33.6167,-70.5667
150000000,3.0,3.0,66.0,127.0,1.0,-33.5167,-70.7667
93000000,2.0,1.0,96.0,111.0,1.0,-33.5167,-70.7667
83000000,3.0,2.0,95.0,110.0,1.0,-33.727,-70.7046
76500000,3.0,1.0,69.0,100.0,1.0,-33.3667,-70.7333
150000000,6.0,2.0,161.0,121.0,0.0,-33.4833,-70.55
155000000,5.0,2.0,142.0,120.0,1.0,-33.45,-70.7
155000000,4.0,3.0,115.0,115.0,2.0,-33.6167,-70.5667
64000000,4.0,2.0,142.0,98.0,2.0,-33.727,-70.7046
85000000,5.0,2.0,105.0,113.0,3.0,-33.6167,-70.5667
133000000,3.0,2.0,82.0,122.0,1.0,-33.4034,-70.7213
98000000,4.0,2.0,94.0,134.0,1.0,-33.5167,-70.7667
100000000,2.0,1.0,82.0,132.0,3.0,-33.6167,-70.5667
162355500,3.0,2.0,70.0,120.0,1.0,-33.3667,-70.7333
98000000,2.0,1.0,73.0,126.0,1.0,-33.5167,-70.7667
162355500,3.0,2.0,78.0,136.0,1.0,-33.3667,-70.7333
79500000,5.0,1.0,100.0,80.0,1.0,-33.3667,-70.7333
95000000,4.0,1.0,98.0,98.0,0.0,-33.4624,-70.6491
85000000,3.0,1.0,95.0,120.0,1.0,-33.5719,-70.8068
115000000,3.0,1.0,80.0,100.0,2.0,-33.5167,-70.6389
145037580,3.0,2.0,110.0,110.0,3.0,-33.4034,-70.7213
92000000,3.0,1.0,74.0,106.0,1.0,-33.7843,-70.7217
106433050,3.0,2.0,57.0,84.0,1.0,-33.6167,-70.5667
101021200,3.0,1.0,95.0,120.0,1.0,-33.5167,-70.7667
127000000,4.0,1.0,69.0,109.0,1.0,-33.5167,-70.7667
85000000,3.0,1.0,65.0,90.0,1.0,-33.5719,-70.8068
177000000,3.0,3.0,90.0,120.0,1.0,-33.5167,-70.7667
173179200,3.0,3.0,99.0,147.0,1.0,-33.5167,-70.7667
125000000,3.0,3.0,75.0,112.0,0.0,-33.5167,-70.7667
155000000,4.0,3.0,107.0,115.0,1.0,-33.5167,-70.7667
93000000,3.0,2.0,80.0,120.0,1.0,-33.5167,-70.7667
107000000,4.0,1.0,96.0,90.0,1.0,-33.5985,-70.8734
90000000,2.0,1.0,46.0,103.0,1.0,-33.5985,-70.8734
134900000,3.0,3.0,80.0,111.0,2.0,-33.5167,-70.7667
390000000,3.0,3.0,120.0,130.0,2.0,-33.443,-70.532
57000000,3.0,2.0,62.0,62.0,0.0,-33.5167,-70.6389
55000000,2.0,1.0,40.0,40.0,0.0,-33.3864,-71.1369
105000000,3.0,1.0,56.0,90.0,1.0,-33.6167,-70.5667
170000000,5.0,2.0,122.0,120.0,0.0,-33.519,-70.629
313887300,4.0,3.0,115.0,95.0,0.0,-33.443,-70.532
69500000,5.0,2.0,168.0,108.0,1.0,-33.1829,-70.6747
86589600,3.0,2.0,85.0,85.0,0.0,-33.6167,-70.5667
176787100,4.0,2.0,90.0,120.0,2.0,-33.4766,-70.6062
216474000,4.0,2.0,83.0,92.0,0.0,-33.4624,-70.6491
95000000,3.0,2.0,70.0,90.0,1.0,-33.4624,-70.6491
88393550,2.0,2.0,56.0,90.0,1.0,-33.2833,-70.8778
182000000,3.0,3.0,90.0,90.0,2.0,-33.4333,-70.7167
160551550,4.0,3.0,120.0,132.0,0.0,-33.5167,-70.7667
105000000,3.0,2.0,101.0,105.0,0.0,-33.2468,-70.625
79000000,2.0,1.0,52.0,79.0,1.0,-33.582,-70.692
165000000,4.0,2.0,90.0,100.0,1.0,-33.4034,-70.7213
91640660,2.0,1.0,70.0,90.0,0.0,-33.582,-70.692
120000000,3.0,2.0,83.0,96.0,2.0,-33.6167,-70.5667
92000000,3.0,2.0,84.0,84.0,1.0,-33.6167,-70.5667
68000000,4.0,2.0,85.0,112.0,2.0,-33.1829,-70.6747
72000000,2.0,1.0,50.0,80.0,2.0,-33.582,-70.692
77000000,3.0,1.0,65.0,105.0,1.0,-33.6167,-70.5667
173000000,4.0,3.0,117.0,140.0,3.0,-33.5167,-70.7667
114153956,2.0,1.0,75.0,123.0,1.0,-33.6167,-70.5667
153000000,3.0,2.0,64.0,149.0,3.0,-33.4624,-70.6491
135729198,4.0,3.0,95.0,120.0,2.0,-33.5167,-70.7667
130000000,3.0,2.0,69.0,114.0,1.0,-33.5719,-70.8068
176787100,3.0,3.0,115.0,120.0,1.0,-33.2833,-70.8778
82981700,4.0,2.0,66.0,62.0,1.0,-33.5167,-70.7667
90000000,2.0,2.0,80.0,90.0,1.0,-33.727,-70.7046
133131510,4.0,3.0,90.0,130.0,1.0,-33.5167,-70.7667
162355500,3.0,3.0,77.0,90.0,1.0,-33.5167,-70.7667
82000000,3.0,1.0,67.0,105.0,1.0,-33.6167,-70.5667
72000000,2.0,1.0,66.0,81.0,1.0,-33.6167,-70.5667
67000000,3.0,1.0,58.0,134.0,2.0,-33.6167,-70.5667
135000000,4.0,2.0,130.0,128.0,1.0,-33.5167,-70.7667
166684980,3.0,3.0,115.0,115.0,1.0,-33.2833,-70.8778
95000000,3.0,1.0,45.0,128.0,3.0,-33.5167,-70.7667
82000000,3.0,1.0,67.0,105.0,1.0,-33.6167,-70.5667
65000000,4.0,2.0,43.0,63.0,1.0,-33.582,-70.692
94000000,2.0,1.0,65.0,120.0,2.0,-33.6167,-70.5667
85000000,2.0,2.0,75.0,100.0,0.0,-33.3667,-70.7333
160000000,3.0,2.0,80.0,110.0,2.0,-33.5167,-70.7667
110000000,5.0,4.0,134.0,100.0,2.0,-33.4333,-70.7167
59000000,4.0,1.0,54.0,92.0,1.0,-33.6167,-70.5667
105000000,4.0,2.0,92.0,128.0,1.0,-33.5167,-70.7667
53000000,2.0,1.0,60.0,87.0,1.0,-33.4333,-70.7167
127500000,5.0,3.0,123.0,132.0,1.0,-33.727,-70.7046
76000000,2.0,1.0,52.0,78.0,1.0,-33.582,-70.692
79914985,2.0,2.0,59.0,101.0,1.0,-33.582,-70.692
130000000,3.0,3.0,80.0,140.0,2.0,-33.3667,-70.7333
170000000,3.0,3.0,130.0,141.0,1.0,-33.4333,-70.7167
68000000,3.0,2.0,70.0,84.0,2.0,-33.6167,-70.5667
74990000,2.0,1.0,66.0,81.0,1.0,-33.6167,-70.5667
110000000,3.0,1.0,89.0,120.0,1.0,-33.5167,-70.6389
75000000,4.0,1.0,61.0,61.0,0.0,-33.6167,-70.5667
90000000,3.0,1.0,62.0,103.0,2.0,-33.45,-70.7
80000000,3.0,2.0,46.0,87.0,1.0,-33.3667,-70.7333
71000000,4.0,1.0,110.0,110.0,2.0,-33.582,-70.692
220767401,4.0,3.0,95.0,110.0,1.0,-33.3667,-70.7333
167695192,3.0,3.0,83.0,120.0,1.0,-33.6167,-70.5667
111844900,4.0,2.0,84.0,126.0,2.0,-33.519,-70.629
129162820,4.0,3.0,90.0,121.0,1.0,-33.5167,-70.7667
55000000,3.0,2.0,65.0,90.0,1.0,-33.5985,-70.8734
126276500,3.0,1.0,90.0,120.0,1.0,-33.5167,-70.6389
70000000,3.0,1.0,90.0,70.0,0.0,-33.422,-70.72
90000000,2.0,1.0,90.0,90.0,2.0,-33.6167,-70.5667
176426310,3.0,2.0,85.0,105.0,1.0,-33.5167,-70.6389
74900000,2.0,1.0,46.0,73.0,2.0,-33.4333,-70.7167
90000000,2.0,2.0,80.0,90.0,1.0,-33.727,-70.7046
227000000,5.0,4.0,116.0,134.0,0.0,-33.4333,-70.7167
83000000,3.0,1.0,92.0,87.0,0.0,-33.4333,-70.7167
125000000,3.0,1.0,160.0,80.0,0.0,-33.4333,-70.7167
93000000,2.0,1.0,71.0,87.0,2.0,-33.4333,-70.7167
153011039,3.0,3.0,82.0,134.0,2.0,-33.6167,-70.5667
68000000,2.0,1.0,52.0,100.0,2.0,-33.6167,-70.5667
95000000,3.0,2.0,97.0,130.0,1.0,-33.7843,-70.7217
190000000,4.0,2.0,90.0,110.0,1.0,-33.4034,-70.7213
160000000,3.0,3.0,94.0,128.0,2.0,-33.582,-70.692
74900000,2.0,1.0,46.0,73.0,2.0,-33.4333,-70.7167
138000000,3.0,2.0,116.0,94.0,2.0,-33.582,-70.692
110000000,3.0,2.0,86.0,110.0,0.0,-33.2468,-70.625
179000000,3.0,2.0,100.0,124.0,1.0,-33.3667,-70.7333
360790000,4.0,3.0,122.0,140.0,0.0,-33.4088,-70.5671
124500000,3.0,2.0,120.0,120.0,0.0,-33.6167,-70.5667
125000000,2.0,1.0,56.0,84.0,0.0,-33.6167,-70.5667
129523610,6.0,2.0,138.0,128.0,0.0,-33.5167,-70.6389
58000000,2.0,1.0,64.0,64.0,0.0,-33.4333,-70.7167
149727850,3.0,2.0,113.0,113.0,0.0,-33.5167,-70.7667
76126690,3.0,1.0,51.0,110.0,3.0,-33.2833,-70.8778
99000000,3.0,2.0,67.0,93.0,0.0,-33.6167,-70.5667
95000000,3.0,1.0,46.0,73.0,1.0,-33.4333,-70.7167
130000000,3.0,2.0,56.0,87.0,1.0,-33.6167,-70.5667
39000000,2.0,1.0,57.0,76.0,1.0,-33.2833,-70.8778
70000000,2.0,1.0,52.0,70.0,0.0,-33.5167,-70.7667
79373800,3.0,1.0,70.0,89.0,1.0,-33.3667,-70.7333
75000000,3.0,1.0,70.0,80.0,2.0,-33.1829,-70.6747
75000000,3.0,1.0,103.0,73.0,1.0,-33.1829,-70.6747
57000000,3.0,1.0,84.0,68.0,1.0,-33.1829,-70.6747
53000000,2.0,1.0,57.0,67.0,1.0,-33.1829,-70.6747
500000000,6.0,4.0,325.0,125.0,1.0,-33.435,-70.615
64500000,2.0,1.0,43.0,60.0,1.0,-33.5167,-70.7667
130000000,4.0,2.0,115.0,148.0,2.0,-33.4975,-70.6287
461811200,3.0,3.0,111.0,90.0,2.0,-33.4088,-70.5671
85000000,5.0,1.0,100.0,108.0,1.0,-33.2833,-70.8778
38000000,2.0,1.0,65.0,60.0,0.0,-33.6167,-70.5667
150000000,4.0,1.0,79.0,138.0,1.0,-33.5167,-70.6389
98495670,3.0,1.0,54.0,115.0,1.0,-33.5167,-70.7667
214670050,4.0,1.0,120.0,140.0,1.0,-33.4975,-70.6287
55000000,3.0,1.0,60.0,120.0,1.0,-33.349,-70.6383
128000000,2.0,2.0,70.0,90.0,0.0,-33.5167,-70.7667
155139700,3.0,3.0,83.0,83.0,2.0,-33.5985,-70.8734
122668600,3.0,1.0,66.0,120.0,1.0,-33.452,-70.723
360000000,3.0,3.0,103.0,144.0,2.0,-33.443,-70.532
149727850,3.0,3.0,72.0,120.0,1.0,-33.6167,-70.5667
115000000,2.0,1.0,70.0,120.0,1.0,-33.2468,-70.625
214994761,4.0,1.0,120.0,140.0,1.0,-33.4975,-70.6287
135000000,3.0,3.0,73.0,113.0,2.0,-33.2833,-70.8778
115000000,3.0,2.0,90.0,110.0,1.0,-33.4034,-70.7213
163500000,5.0,2.0,140.0,132.0,3.0,-33.5167,-70.7667
154345962,2.0,2.0,140.0,140.0,0.0,-33.3641,-70.6134
109900000,4.0,2.0,110.0,145.0,4.0,-33.3667,-70.7333
131900000,3.0,2.0,77.0,120.0,2.0,-33.1829,-70.6747
107900000,3.0,2.0,72.0,110.0,3.0,-33.2833,-70.8778
110000000,2.0,1.0,69.0,142.0,0.0,-33.5167,-70.7667
70000000,3.0,1.0,67.0,101.0,1.0,-33.519,-70.629
161000000,3.0,3.0,72.0,93.0,1.0,-33.5167,-70.7667
146985846,3.0,3.0,107.0,123.0,1.0,-33.6844,-70.9248
422124300,3.0,2.0,240.0,85.0,2.0,-33.3867,-70.5688
138940229,3.0,3.0,85.0,110.0,1.0,-33.6167,-70.5667
130000000,3.0,3.0,84.0,121.0,2.0,-33.5167,-70.7667
83000000,3.0,1.0,81.0,120.0,2.0,-33.2833,-70.8778
137000000,3.0,3.0,96.0,121.0,1.0,-33.5167,-70.7667
115000000,3.0,3.0,76.0,86.0,0.0,-33.6167,-70.5667
111000000,2.0,1.0,65.0,121.0,2.0,-33.4833,-70.55
119000000,3.0,2.0,90.0,120.0,2.0,-33.582,-70.692
182992688,3.0,2.0,152.0,141.0,1.0,-33.6167,-70.5667
55000000,3.0,1.0,42.0,60.0,1.0,-33.582,-70.692
150000000,4.0,2.0,153.0,146.0,2.0,-33.4833,-70.55
80000000,2.0,1.0,84.0,87.0,0.0,-33.4264,-70.6996
119060700,3.0,1.0,78.0,110.0,0.0,-33.6167,-70.5667
143522262,3.0,2.0,70.0,146.0,1.0,-33.5167,-70.7667
181477370,3.0,3.0,99.0,137.0,1.0,-33.5167,-70.6389
100047067,4.0,1.0,70.0,85.0,2.0,-33.5167,-70.7667
69632470,2.0,1.0,58.0,60.0,0.0,-33.582,-70.692
105000000,3.0,2.0,60.0,60.0,1.0,-33.582,-70.692
227297700,3.0,3.0,84.0,109.0,1.0,-33.5167,-70.6389
69990000,4.0,1.0,110.0,110.0,1.0,-33.582,-70.692
118000000,3.0,2.0,69.0,114.0,1.0,-33.5719,-70.8068
78111035,3.0,1.0,43.0,123.0,2.0,-33.5167,-70.6389
190064172,3.0,3.0,100.0,140.0,2.0,-33.6167,-70.5667
352852620,5.0,2.0,113.0,113.0,0.0,-33.443,-70.532
125000000,3.0,1.0,70.0,129.0,1.0,-33.4975,-70.6287
294043850,3.0,2.0,112.0,138.0,0.0,-33.443,-70.532
89115130,5.0,1.0,117.0,90.0,2.0,-33.2642,-70.715
150000000,3.0,3.0,90.0,120.0,2.0,-33.6167,-70.5667
76000000,3.0,1.0,90.0,144.0,1.0,-33.5167,-70.6389
72194079,3.0,2.0,55.0,60.0,1.0,-33.582,-70.692
170000000,3.0,2.0,83.0,118.0,2.0,-33.6167,-70.5667
125000000,3.0,2.0,90.0,110.0,2.0,-33.5167,-70.7667
80203617,3.0,1.0,68.0,125.0,2.0,-33.472,-70.683
85000000,5.0,2.0,34.0,93.0,2.0,-33.349,-70.6383
200000000,5.0,3.0,120.0,140.0,1.0,-33.45,-70.7
72158000,2.0,1.0,51.0,61.0,1.0,-33.6167,-70.5667
79000000,3.0,2.0,65.0,82.0,2.0,-33.6167,-70.5667
69000000,4.0,1.0,80.0,100.0,2.0,-33.2833,-70.8778
73000000,2.0,1.0,49.0,116.0,1.0,-33.2833,-70.8778
107000000,3.0,1.0,83.0,99.0,1.0,-33.3667,-70.7333
82500000,3.0,1.0,162.0,51.0,1.0,-33.4274,-70.4843
115452800,2.0,1.0,60.0,100.0,0.0,-33.2833,-70.8778
87000000,2.0,2.0,62.0,107.0,0.0,-33.6167,-70.5667
85000000,3.0,1.0,62.0,65.0,0.0,-33.4624,-70.6491
125000000,4.0,2.0,105.0,80.0,1.0,-33.4766,-70.6062
165000000,4.0,3.0,100.0,100.0,2.0,-33.4333,-70.7167
130000000,3.0,1.0,50.0,118.0,2.0,-33.5167,-70.7667
122668600,3.0,2.0,72.0,97.0,1.0,-33.5167,-70.6389
70900000,2.0,2.0,63.0,72.0,1.0,-33.5167,-70.7667
205650300,3.0,3.0,109.0,124.0,1.0,-33.6167,-70.5667
158747600,3.0,3.0,72.0,120.0,1.0,-33.6167,-70.5667
155000000,3.0,2.0,96.0,120.0,0.0,-33.6167,-70.5667
178591050,3.0,2.0,77.0,128.0,3.0,-33.3667,-70.7333
72000000,2.0,1.0,48.0,61.0,1.0,-33.582,-70.692
118411278,3.0,2.0,91.0,80.0,3.0,-33.3667,-70.7333
170112485,3.0,3.0,130.0,141.0,1.0,-33.4333,-70.7167
299094910,1.0,2.0,102.0,102.0,1.0,-33.2773,-70.6106
145000000,3.0,2.0,77.0,114.0,1.0,-33.3667,-70.7333
175000000,4.0,2.0,90.0,108.0,2.0,-33.5167,-70.7667
87275101,4.0,1.0,82.0,83.0,2.0,-33.3667,-70.7333
78000000,2.0,2.0,80.0,139.0,1.0,-33.6844,-70.9248
120000000,6.0,3.0,120.0,130.0,1.0,-33.6167,-70.5667
111844900,3.0,2.0,84.0,126.0,2.0,-33.519,-70.629
120000000,3.0,3.0,75.0,103.0,1.0,-33.2833,-70.8778
119000000,3.0,2.0,90.0,120.0,2.0,-33.582,-70.692
324711000,4.0,3.0,120.0,120.0,1.0,-33.435,-70.615
145000000,3.0,3.0,112.0,127.0,2.0,-33.6167,-70.5667
137100200,3.0,2.0,98.0,98.0,0.0,-33.45,-70.7
120000000,3.0,1.0,64.0,140.0,2.0,-33.5007,-70.6514
212866100,3.0,3.0,112.0,143.0,2.0,-33.5719,-70.8068
92362240,2.0,1.0,45.0,62.0,2.0,-33.4333,-70.7167
85000000,3.0,2.0,78.0,86.0,0.0,-33.6167,-70.5667
89000000,3.0,2.0,74.0,106.0,0.0,-33.6167,-70.5667
79000000,3.0,2.0,112.0,112.0,0.0,-33.6167,-70.5667
145000000,4.0,2.0,120.0,146.0,3.0,-33.5167,-70.7667
79373800,2.0,1.0,60.0,130.0,1.0,-33.5985,-70.8734
90000000,3.0,1.0,70.0,94.0,0.0,-33.5167,-70.7667
97000000,3.0,2.0,67.0,87.0,1.0,-33.6167,-70.5667
52000000,2.0,1.0,56.0,126.0,1.0,-33.368,-70.642
202042400,7.0,4.0,256.0,126.0,0.0,-33.4624,-70.6491
84600000,3.0,1.0,65.0,120.0,1.0,-33.5667,-70.7167
115055931,3.0,1.0,59.0,104.0,1.0,-33.5167,-70.6389
68000000,3.0,1.0,130.0,90.0,0.0,-33.727,-70.7046
80000000,3.0,2.0,86.0,84.0,0.0,-33.7843,-70.7217
93000000,2.0,2.0,78.0,92.0,0.0,-33.727,-70.7046
152036906,3.0,2.0,75.0,126.0,0.0,-33.727,-70.7046
110000000,4.0,2.0,92.0,106.0,0.0,-33.727,-70.7046
92001450,3.0,2.0,88.0,99.0,1.0,-33.3667,-70.7333
73999990,2.0,1.0,56.0,88.0,2.0,-33.3667,-70.7333
169999990,3.0,3.0,97.0,137.0,1.0,-33.6167,-70.5667
89999990,3.0,1.0,91.0,128.0,0.0,-33.4667,-70.6667
52000000,5.0,3.0,60.0,79.0,1.0,-33.582,-70.692
62000000,2.0,1.0,74.0,60.0,2.0,-33.5167,-70.6389
82260120,3.0,1.0,50.0,90.0,1.0,-33.5719,-70.8068
68000000,2.0,1.0,65.0,82.0,1.0,-33.3667,-70.7333
190100251,4.0,2.0,80.0,95.0,3.0,-33.3667,-70.7333
73961950,3.0,2.0,78.0,78.0,1.0,-33.1829,-70.6747
92000000,2.0,1.0,80.0,126.0,1.0,-33.582,-70.692
90053184,3.0,1.0,120.0,120.0,0.0,-33.368,-70.642
75000000,4.0,1.0,83.0,120.0,1.0,-33.1829,-70.6747
90000000,4.0,1.0,80.0,118.0,2.0,-33.1829,-70.6747
45000000,2.0,1.0,44.0,58.0,1.0,-33.1829,-70.6747
55056554,3.0,1.0,65.0,108.0,0.0,-33.582,-70.692
160000000,4.0,2.0,115.0,145.0,3.0,-33.3667,-70.7333
169210510,3.0,3.0,77.0,136.0,2.0,-33.5719,-70.8068
95000000,3.0,2.0,110.0,97.0,2.0,-33.6844,-70.9248
252553000,3.0,3.0,230.0,96.0,2.0,-33.727,-70.7046
85000000,2.0,1.0,50.0,100.0,1.0,-33.5167,-70.6389
100000000,4.0,2.0,84.0,128.0,1.0,-33.4333,-70.7167
138904150,4.0,3.0,95.0,120.0,2.0,-33.582,-70.692
50000000,2.0,1.0,66.0,60.0,1.0,-33.5167,-70.6389
65000000,3.0,1.0,65.0,98.0,1.0,-33.6167,-70.5667
142512050,3.0,2.0,62.0,62.0,3.0,-33.1829,-70.6747
142500000,4.0,1.0,112.0,115.0,1.0,-33.5167,-70.6389
80000000,3.0,1.0,55.0,100.0,3.0,-33.2833,-70.8778
70000000,4.0,3.0,95.0,98.0,1.0,-33.4333,-70.7167
90000000,5.0,2.0,114.0,120.0,0.0,-33.5167,-70.7667
82043646,2.0,1.0,81.0,81.0,0.0,-33.4624,-70.6491
125000000,3.0,2.0,85.0,110.0,2.0,-33.5167,-70.7667
85000000,4.0,1.0,89.0,100.0,3.0,-33.2833,-70.8778
295000000,4.0,2.0,87.0,144.0,0.0,-33.2773,-70.6106
80000000,3.0,1.0,45.0,129.0,1.0,-33.5167,-70.7667
80000000,4.0,1.0,80.0,72.0,1.0,-33.5667,-70.7167
43000000,2.0,1.0,45.0,45.0,0.0,-33.6167,-70.5667
78000000,3.0,1.0,80.0,70.0,0.0,-33.727,-70.7046
180034210,3.0,3.0,92.0,122.0,1.0,-33.4333,-70.7167
208536620,3.0,2.0,76.0,88.0,0.0,-33.4766,-70.6062
120000000,3.0,2.0,65.0,85.0,1.0,-33.3667,-70.7333
60000000,2.0,1.0,55.0,55.0,2.0,-33.1829,-70.6747
167767350,3.0,3.0,81.0,100.0,2.0,-33.1829,-70.6747
194826600,3.0,3.0,92.0,102.0,2.0,-33.1829,-70.6747
57726400,2.0,1.0,46.0,61.0,0.0,-33.6167,-70.5667
371613700,3.0,3.0,135.0,135.0,2.0,-33.1829,-70.6747
135000000,3.0,2.0,104.0,104.0,2.0,-33.4034,-70.7213
180395000,4.0,3.0,85.0,104.0,2.0,-33.45,-70.7
54000000,2.0,1.0,39.0,60.0,0.0,-33.4034,-70.7213
52000000,3.0,1.0,80.0,80.0,1.0,-33.1829,-70.6747
146119950,3.0,2.0,73.0,73.0,2.0,-33.1829,-70.6747
130000000,3.0,1.0,96.0,103.0,1.0,-33.3667,-70.7333
85000000,2.0,1.0,52.0,52.0,0.0,-33.1829,-70.6747
80000000,4.0,1.0,76.0,95.0,1.0,-33.5167,-70.7667
77000000,4.0,2.0,120.0,96.0,1.0,-33.5167,-70.6389
151531800,3.0,3.0,90.0,90.0,0.0,-33.1829,-70.6747
115452800,3.0,1.0,54.0,101.0,0.0,-33.2833,-70.8778
185000000,4.0,2.0,64.0,64.0,0.0,-33.6167,-70.5667
76018453,2.0,1.0,55.0,70.0,2.0,-33.2833,-70.8778
75000000,4.0,1.0,62.0,80.0,0.0,-33.1829,-70.6747
138904150,3.0,2.0,80.0,80.0,0.0,-33.1829,-70.6747
127000000,3.0,1.0,60.0,130.0,1.0,-33.6167,-70.5667
142512050,3.0,3.0,100.0,108.0,1.0,-33.1829,-70.6747
85000000,3.0,1.0,77.0,86.0,2.0,-33.6167,-70.5667
133000000,3.0,3.0,63.0,63.0,0.0,-33.4034,-70.7213
288632000,4.0,3.0,140.0,140.0,2.0,-33.1829,-70.6747
83053858,2.0,2.0,80.0,90.0,1.0,-33.5167,-70.7667
175000000,5.0,2.0,110.0,123.0,0.0,-33.6167,-70.5667
37000000,2.0,1.0,42.0,42.0,2.0,-33.582,-70.692
98000000,4.0,2.0,100.0,100.0,2.0,-33.4624,-70.6491
308475450,4.0,2.0,130.0,130.0,0.0,-33.2833,-70.8778
187610800,3.0,3.0,92.0,92.0,2.0,-33.1829,-70.6747
137100200,4.0,2.0,84.0,84.0,1.0,-33.1829,-70.6747
57726400,3.0,1.0,43.0,43.0,1.0,-33.582,-70.692
86589600,2.0,1.0,52.0,91.0,0.0,-33.1829,-70.6747
238121400,3.0,3.0,100.0,100.0,2.0,-33.1829,-70.6747
48000000,2.0,2.0,54.0,66.0,1.0,-33.349,-70.6383
158747600,3.0,2.0,80.0,80.0,1.0,-33.1829,-70.6747
76198848,3.0,1.0,50.0,110.0,2.0,-33.4624,-70.6491
160551550,3.0,3.0,92.0,92.0,3.0,-33.1829,-70.6747
133492300,3.0,2.0,76.0,76.0,1.0,-33.1829,-70.6747
125000000,3.0,2.0,105.0,105.0,1.0,-33.3864,-71.1369
155000000,4.0,2.0,83.0,100.0,1.0,-33.4833,-70.55
145000000,4.0,2.0,120.0,120.0,0.0,-33.1829,-70.6747
216474000,4.0,3.0,113.0,121.0,2.0,-33.1829,-70.6747
187610800,3.0,2.0,85.0,100.0,0.0,-33.1829,-70.6747
170000000,4.0,2.0,90.0,146.0,1.0,-33.6167,-70.5667
99000000,3.0,1.0,76.0,130.0,1.0,-33.5167,-70.7667
122668600,2.0,2.0,52.0,52.0,0.0,-33.4624,-70.6491
248945100,4.0,3.0,130.0,130.0,2.0,-33.1829,-70.6747
144316000,3.0,3.0,98.0,98.0,1.0,-33.1829,-70.6747
115400000,3.0,2.0,75.0,75.0,1.0,-33.5167,-70.6389
176787100,3.0,3.0,91.0,125.0,2.0,-33.1829,-70.6747
72000000,4.0,1.0,88.0,88.0,1.0,-33.1829,-70.6747
187610800,3.0,3.0,93.0,93.0,0.0,-33.1829,-70.6747
151531800,4.0,2.0,90.0,120.0,0.0,-33.5167,-70.7667
85000000,3.0,1.0,98.0,75.0,0.0,-33.4624,-70.6491
162355500,3.0,2.0,81.0,95.0,2.0,-33.1829,-70.6747
55000000,2.0,1.0,60.0,60.0,1.0,-33.6167,-70.5667
184002900,3.0,3.0,98.0,98.0,2.0,-33.1829,-70.6747
123000000,3.0,2.0,85.0,120.0,1.0,-33.6167,-70.5667
130000000,5.0,3.0,126.0,132.0,0.0,-33.727,-70.7046
150000000,3.0,2.0,90.0,110.0,0.0,-33.5167,-70.7667
127358870,1.0,1.0,50.0,50.0,1.0,-33.4624,-70.6491
131688350,1.0,1.0,50.0,50.0,1.0,-33.4624,-70.6491
165602610,3.0,2.0,75.0,78.0,1.0,-33.4624,-70.6491
208897410,2.0,2.0,57.0,65.0,1.0,-33.435,-70.615
187610800,3.0,2.0,72.0,72.0,1.0,-33.1829,-70.6747
382437400,3.0,3.0,139.0,139.0,2.0,-33.1829,-70.6747
374860810,3.0,3.0,139.0,139.0,3.0,-33.1829,-70.6747
142800000,4.0,3.0,119.0,119.0,1.0,-33.2833,-70.8778
187610800,3.0,3.0,90.0,90.0,1.0,-33.1829,-70.6747
85000000,2.0,2.0,67.0,130.0,1.0,-33.4667,-70.6667
216474000,3.0,3.0,132.0,132.0,0.0,-33.1829,-70.6747
76487480,3.0,1.0,51.0,96.0,0.0,-33.5167,-70.7667
95104244,4.0,2.0,118.0,132.0,2.0,-33.5167,-70.7667
78000000,4.0,2.0,90.0,90.0,0.0,-33.45,-70.7
487066500,4.0,3.0,298.0,120.0,0.0,-33.3867,-70.5688
140000000,3.0,3.0,84.0,128.0,0.0,-33.5167,-70.7667
230000000,5.0,4.0,177.0,139.0,3.0,-33.4624,-70.6491
75000000,3.0,2.0,85.0,78.0,0.0,-33.1829,-70.6747
50000000,2.0,1.0,44.0,101.0,0.0,-33.582,-70.692
93805400,4.0,1.0,78.0,100.0,2.0,-33.6844,-70.9248
87000000,2.0,2.0,70.0,120.0,2.0,-33.6167,-70.5667
92000000,5.0,2.0,90.0,140.0,2.0,-33.66,-70.55
115000000,3.0,1.0,75.0,130.0,1.0,-33.66,-70.55
200000000,3.0,3.0,140.0,128.0,0.0,-33.582,-70.692
76000000,3.0,1.0,94.0,108.0,1.0,-33.1829,-70.6747
75000000,4.0,2.0,80.0,80.0,2.0,-33.6167,-70.5667
120000000,3.0,1.0,90.0,135.0,0.0,-33.1829,-70.6747
150088640,3.0,3.0,120.0,145.0,0.0,-33.727,-70.7046
70000000,3.0,1.0,52.0,52.0,1.0,-33.582,-70.692
120000000,3.0,1.0,70.0,90.0,0.0,-33.5167,-70.7667
95680000,4.0,2.0,66.0,90.0,1.0,-33.3667,-70.7333
70000000,4.0,1.0,76.0,82.0,0.0,-33.727,-70.7046
100000000,4.0,1.0,80.0,120.0,0.0,-33.4667,-70.6667
148000000,6.0,2.0,140.0,128.0,2.0,-33.5167,-70.7667
83700000,3.0,1.0,45.0,111.0,1.0,-33.5167,-70.7667
82981700,3.0,2.0,94.0,94.0,1.0,-33.6167,-70.5667
120000000,4.0,2.0,100.0,125.0,2.0,-33.5167,-70.6389
125000000,3.0,3.0,73.0,115.0,3.0,-33.2833,-70.8778
80000000,3.0,2.0,51.0,60.0,1.0,-33.5167,-70.7667
124000000,3.0,3.0,76.0,140.0,1.0,-33.5167,-70.7667
66000000,3.0,2.0,44.0,61.0,1.0,-33.5167,-70.7667
50000000,3.0,1.0,39.0,60.0,0.0,-33.4034,-70.7213
71219946,3.0,2.0,65.0,100.0,2.0,-33.6167,-70.5667
70714840,3.0,1.0,53.0,72.0,1.0,-33.582,-70.692
120000000,4.0,2.0,140.0,103.0,2.0,-33.5167,-70.7667
180034210,5.0,2.0,140.0,140.0,2.0,-33.2468,-70.625
70714840,2.0,1.0,50.0,82.0,2.0,-33.582,-70.692
104629100,3.0,1.0,131.0,55.0,0.0,-33.6167,-70.5667
76126690,2.0,1.0,65.0,80.0,2.0,-33.7843,-70.7217
95000000,2.0,1.0,100.0,124.0,0.0,-33.368,-70.642
75000000,4.0,1.0,101.0,120.0,3.0,-33.4333,-70.7167
104999990,3.0,1.0,56.0,90.0,1.0,-33.6167,-70.5667
130000000,3.0,2.0,72.0,114.0,1.0,-33.727,-70.7046
140347310,3.0,2.0,51.0,91.0,1.0,-33.582,-70.692
70000000,2.0,1.0,50.0,62.0,0.0,-33.3667,-70.7333
89000000,2.0,1.0,54.0,88.0,2.0,-33.4333,-70.7167
65000000,3.0,1.0,70.0,113.0,1.0,-33.6167,-70.5667
85000000,3.0,1.0,52.0,126.0,0.0,-33.4333,-70.7167
69000000,3.0,1.0,55.0,70.0,1.0,-33.2833,-70.8778
85000000,4.0,1.0,96.0,44.0,0.0,-33.6167,-70.5667
120000000,3.0,2.0,80.0,93.0,1.0,-33.5167,-70.7667
85000000,3.0,1.0,83.0,78.0,12.0,-33.5167,-70.6389
72000000,2.0,1.0,70.0,73.0,2.0,-33.5167,-70.7667
150160798,5.0,2.0,74.0,128.0,2.0,-33.5167,-70.7667
119000000,5.0,2.0,96.0,96.0,1.0,-33.5667,-70.7167
160000000,3.0,3.0,90.0,120.0,1.0,-33.6167,-70.5667
158000000,3.0,2.0,80.0,140.0,1.0,-33.6167,-70.5667
87000000,3.0,2.0,70.0,85.0,1.0,-33.6167,-70.5667
175488256,5.0,2.0,100.0,125.0,2.0,-33.5167,-70.6389
80131459,6.0,2.0,69.0,87.0,1.0,-33.2773,-70.6106
75000000,2.0,1.0,51.0,100.0,1.0,-33.5167,-70.7667
85000000,3.0,2.0,67.0,117.0,1.0,-33.6167,-70.5667
115000000,5.0,2.0,103.0,127.0,1.0,-33.5167,-70.7667
68000000,2.0,1.0,45.0,105.0,0.0,-33.6167,-70.5667
120000000,2.0,1.0,120.0,120.0,1.0,-33.4624,-70.6491
102000000,3.0,2.0,75.0,84.0,1.0,-33.6167,-70.5667
83000000,3.0,1.0,61.0,81.0,1.0,-33.6167,-70.5667
85000000,3.0,2.0,72.0,81.0,1.0,-33.6167,-70.5667
99000000,4.0,3.0,120.0,120.0,2.0,-33.582,-70.692
80000000,4.0,2.0,100.0,85.0,2.0,-33.6167,-70.5667
128000000,8.0,4.0,102.0,140.0,0.0,-33.4624,-70.6491
159000000,3.0,3.0,85.0,130.0,4.0,-33.6167,-70.5667
87000000,2.0,2.0,62.0,107.0,0.0,-33.6167,-70.5667
85000000,3.0,2.0,67.0,117.0,0.0,-33.6167,-70.5667
191218700,3.0,3.0,90.0,120.0,3.0,-33.5985,-70.8734
140000000,5.0,3.0,118.0,110.0,2.0,-33.6167,-70.5667
140000000,4.0,3.0,93.0,124.0,0.0,-33.5167,-70.7667
130000000,4.0,3.0,78.0,130.0,1.0,-33.5167,-70.7667
135000000,6.0,3.0,124.0,108.0,1.0,-33.5167,-70.7667
119000000,5.0,2.0,113.0,108.0,2.0,-33.5167,-70.7667
80000000,2.0,1.0,40.0,97.0,2.0,-33.5167,-70.7667
135000000,4.0,2.0,125.0,116.0,2.0,-33.5167,-70.7667
170000000,4.0,3.0,110.0,130.0,0.0,-33.6167,-70.5667
160000000,4.0,1.0,85.0,144.0,1.0,-33.2773,-70.6106
67000000,3.0,2.0,82.0,70.0,0.0,-33.6167,-70.5667
140000000,2.0,1.0,200.0,80.0,0.0,-33.6167,-70.5667
170220722,4.0,2.0,97.0,118.0,0.0,-33.4833,-70.55
130000000,4.0,2.0,123.0,135.0,0.0,-33.4624,-70.6491
266984600,4.0,4.0,170.0,140.0,3.0,-33.4333,-70.7167
110000000,3.0,1.0,120.0,145.0,1.0,-33.5167,-70.7667
110000000,5.0,3.0,240.0,97.0,3.0,-33.5667,-70.7167
110000000,3.0,1.0,60.0,140.0,2.0,-33.6167,-70.5667
180000000,4.0,2.0,117.0,117.0,1.0,-33.5167,-70.7667
98000000,3.0,2.0,82.0,93.0,1.0,-33.5167,-70.7667
42000000,2.0,1.0,80.0,80.0,0.0,-33.5985,-70.8734
105000000,3.0,2.0,102.0,86.0,1.0,-33.6167,-70.5667
189000000,4.0,3.0,99.0,125.0,3.0,-33.5167,-70.6389
357182100,5.0,3.0,134.0,146.0,2.0,-33.2773,-70.6106
176065520,4.0,3.0,135.0,135.0,1.0,-33.4333,-70.7167
140708100,3.0,2.0,87.0,110.0,0.0,-33.727,-70.7046
135000000,3.0,2.0,70.0,127.0,0.0,-33.6167,-70.5667
120000000,3.0,1.0,60.0,132.0,0.0,-33.5167,-70.7667
85000000,3.0,1.0,65.0,87.0,0.0,-33.6167,-70.5667
143955210,3.0,2.0,70.0,134.0,1.0,-33.5167,-70.7667
88900000,3.0,2.0,90.0,110.0,4.0,-33.3667,-70.7333
79000000,3.0,1.0,78.0,108.0,1.0,-33.4034,-70.7213
194826600,4.0,3.0,113.0,103.0,2.0,-33.3667,-70.7333
158000000,3.0,2.0,80.0,130.0,2.0,-33.4766,-70.6062
300000000,4.0,2.0,87.0,144.0,1.0,-33.2773,-70.6106
53000000,3.0,1.0,71.0,60.0,1.0,-33.6167,-70.5667
110000000,4.0,1.0,43.0,100.0,1.0,-33.4333,-70.7167
88000000,6.0,1.0,73.0,145.0,3.0,-33.5167,-70.7667
110000000,5.0,2.0,162.0,108.0,0.0,-33.368,-70.642
75000000,2.0,2.0,70.0,77.0,1.0,-33.3667,-70.7333
145000000,3.0,3.0,76.0,133.0,1.0,-33.6167,-70.5667
149000000,4.0,2.0,148.0,118.0,1.0,-33.349,-70.6383
68000000,3.0,2.0,55.0,80.0,0.0,-33.5167,-70.7667
155000000,3.0,2.0,81.0,85.0,2.0,-33.6167,-70.5667
400476900,3.0,3.0,111.0,132.0,2.0,-33.435,-70.615
537577100,4.0,2.0,120.0,140.0,2.0,-33.435,-70.615
153000000,3.0,2.0,80.0,120.0,2.0,-33.4333,-70.7167
151531800,3.0,2.0,74.0,92.0,0.0,-33.5167,-70.7667
85000000,3.0,1.0,47.0,105.0,2.0,-33.5167,-70.7667
50000000,3.0,1.0,70.0,90.0,0.0,-33.1829,-70.6747
294043850,5.0,4.0,100.0,110.0,1.0,-33.4088,-70.5671
156943650,3.0,3.0,72.0,72.0,0.0,-33.1829,-70.6747
170365038,3.0,1.0,104.0,140.0,4.0,-33.4766,-70.6062
194826600,3.0,2.0,84.0,137.0,1.0,-33.3667,-70.7333
105000000,4.0,1.0,90.0,128.0,2.0,-33.4034,-70.7213
86300968,6.0,2.0,78.0,84.0,0.0,-33.5667,-70.7167
80000000,2.0,1.0,70.0,90.0,0.0,-33.5719,-70.8068
75000000,4.0,1.0,100.0,59.0,1.0,-33.6167,-70.5667
216113210,3.0,3.0,86.0,50.0,0.0,-33.3641,-70.6134
92001450,3.0,1.0,60.0,90.0,1.0,-33.6167,-70.5667
80000000,3.0,1.0,72.0,86.0,0.0,-33.422,-70.72
85000000,4.0,2.0,76.0,81.0,0.0,-33.5167,-70.7667
158386810,3.0,2.0,70.0,142.0,1.0,-33.6167,-70.5667
70000000,2.0,1.0,60.0,62.0,1.0,-33.5167,-70.6389
47500000,2.0,2.0,45.0,61.0,0.0,-33.6167,-70.5667
124472550,3.0,2.0,74.0,100.0,2.0,-33.582,-70.692
123750970,3.0,2.0,82.0,120.0,0.0,-33.6167,-70.5667
123000000,3.0,2.0,70.0,100.0,1.0,-33.5167,-70.7667
73000000,3.0,2.0,78.0,73.0,0.0,-33.5167,-70.6389
170000000,4.0,3.0,132.0,140.0,3.0,-33.5167,-70.7667
490000000,6.0,4.0,280.0,120.0,2.0,-33.4088,-70.5671
198434500,4.0,3.0,96.0,140.0,0.0,-33.3641,-70.6134
99000000,3.0,1.0,76.0,130.0,1.0,-33.5167,-70.7667
119060700,3.0,2.0,73.0,124.0,2.0,-33.1829,-70.6747
450987500,3.0,1.0,480.0,140.0,3.0,-33.443,-70.532
66000000,4.0,1.0,110.0,76.0,1.0,-33.582,-70.692
450987500,3.0,3.0,380.0,139.0,0.0,-33.1829,-70.6747
90558290,3.0,1.0,46.0,106.0,1.0,-33.5167,-70.6389
89836710,4.0,3.0,90.0,90.0,0.0,-33.3864,-71.1369
162355500,3.0,2.0,78.0,136.0,1.0,-33.3667,-70.7333
126276500,3.0,2.0,73.0,115.0,0.0,-33.5167,-70.7667
120864650,3.0,1.0,70.0,100.0,2.0,-33.5007,-70.6514
120251307,4.0,3.0,75.0,140.0,0.0,-33.5719,-70.8068
77000000,4.0,1.0,93.0,120.0,3.0,-33.4333,-70.7167
155644806,3.0,3.0,81.0,140.0,0.0,-33.582,-70.692
149908245,2.0,1.0,75.0,120.0,0.0,-33.443,-70.532
126276500,3.0,3.0,67.0,120.0,0.0,-33.582,-70.692
216474000,3.0,2.0,120.0,120.0,2.0,-33.582,-70.692
131688350,3.0,2.0,151.0,59.0,2.0,-33.452,-70.723
100000000,3.0,3.0,100.0,100.0,0.0,-33.6167,-70.5667
68800000,3.0,1.0,70.0,90.0,1.0,-33.6167,-70.5667
195000000,4.0,3.0,109.0,147.0,1.0,-33.6167,-70.5667
48000000,3.0,1.0,69.0,65.0,1.0,-33.5667,-70.7167
155139700,2.0,3.0,82.0,145.0,3.0,-33.727,-70.7046
70137576,4.0,1.0,50.0,84.0,1.0,-33.6167,-70.5667
210845676,3.0,2.0,79.0,119.0,1.0,-33.4088,-70.5671
160000000,5.0,3.0,70.0,120.0,1.0,-33.582,-70.692
90000000,2.0,1.0,75.0,82.0,1.0,-33.3667,-70.7333
114000000,4.0,2.0,89.0,101.0,0.0,-33.5167,-70.7667
60000000,3.0,2.0,70.0,105.0,0.0,-33.5167,-70.7667
106000000,3.0,3.0,82.0,112.0,0.0,-33.3667,-70.7333
117000000,4.0,1.0,76.0,144.0,2.0,-33.5167,-70.7667
164159450,4.0,2.0,116.0,132.0,0.0,-33.5167,-70.7667
233791920,3.0,3.0,90.0,132.0,1.0,-33.3641,-70.6134
115000000,5.0,2.0,85.0,133.0,1.0,-33.5167,-70.7667
116571249,3.0,1.0,80.0,116.0,2.0,-33.45,-70.7
145000000,5.0,2.0,154.0,108.0,2.0,-33.5167,-70.6389
55000000,2.0,1.0,70.0,100.0,1.0,-33.688,-71.2113
115452800,3.0,1.0,63.0,100.0,0.0,-33.6167,-70.5667
57726400,1.0,1.0,86.0,96.0,0.0,-33.4624,-70.6491
89000000,3.0,2.0,80.0,86.0,1.0,-33.519,-70.629
130000000,5.0,2.0,133.0,120.0,1.0,-33.5167,-70.6389
79000000,4.0,1.0,84.0,76.0,0.0,-33.6167,-70.5667
120000000,5.0,2.0,77.0,117.0,1.0,-33.6167,-70.5667
121947020,4.0,2.0,84.0,114.0,0.0,-33.6167,-70.5667
80000000,2.0,1.0,75.0,83.0,0.0,-33.4624,-70.6491
100299620,3.0,2.0,90.0,105.0,0.0,-33.4333,-70.7167
80000000,3.0,1.0,72.0,72.0,1.0,-33.6167,-70.5667
96000000,7.0,3.0,200.0,144.0,0.0,-33.4833,-70.55
97000000,4.0,1.0,80.0,100.0,1.0,-33.5167,-70.7667
93000000,4.0,1.0,75.0,128.0,0.0,-33.452,-70.723
119060700,3.0,3.0,90.0,120.0,0.0,-33.3667,-70.7333
147202320,3.0,3.0,82.0,121.0,0.0,-33.452,-70.723
95000000,4.0,2.0,120.0,145.0,1.0,-33.2833,-70.8778
100000000,5.0,2.0,252.0,126.0,1.0,-33.472,-70.683
155000000,3.0,3.0,90.0,134.0,2.0,-33.5167,-70.7667
71075630,3.0,2.0,65.0,75.0,1.0,-33.6167,-70.5667
100000000,3.0,1.0,92.0,130.0,1.0,-33.5167,-70.6389
137100200,3.0,3.0,72.0,72.0,2.0,-33.5167,-70.7667
140000000,3.0,3.0,121.0,80.0,2.0,-33.2833,-70.8778
63000000,3.0,2.0,54.0,77.0,1.0,-33.582,-70.692
135000000,3.0,3.0,108.0,128.0,0.0,-33.5985,-70.8734
130000000,5.0,2.0,60.0,80.0,0.0,-33.472,-70.683
200000000,4.0,2.0,140.0,136.0,0.0,-33.4624,-70.6491
95609350,3.0,1.0,88.0,115.0,1.0,-33.5667,-70.7167
90000000,3.0,1.0,70.0,110.0,2.0,-33.3641,-70.6134
103691046,3.0,2.0,72.0,72.0,0.0,-33.45,-70.7
90000000,3.0,2.0,80.0,126.0,1.0,-33.5167,-70.7667
90000000,3.0,1.0,30.0,50.0,1.0,-33.5167,-70.6333
89403762,4.0,1.0,100.0,130.0,3.0,-33.6167,-70.5667
120323465,2.0,1.0,60.0,100.0,0.0,-33.3667,-70.7333
151531800,3.0,3.0,77.0,120.0,2.0,-33.3667,-70.7333
95000000,2.0,1.0,68.0,128.0,0.0,-33.472,-70.683
70000000,3.0,1.0,65.0,86.0,1.0,-33.5719,-70.8068
69000000,3.0,1.0,75.0,80.0,2.0,-33.6167,-70.5667
270000000,4.0,3.0,90.0,110.0,1.0,-33.443,-70.532
60000000,2.0,1.0,49.0,74.0,1.0,-33.3667,-70.7333
73961950,4.0,1.0,80.0,120.0,2.0,-33.582,-70.692
178591050,3.0,3.0,90.0,90.0,1.0,-33.5985,-70.8734
65000000,2.0,1.0,65.0,75.0,0.0,-33.4667,-70.6667
60000000,2.0,1.0,53.0,58.0,1.0,-33.5719,-70.8068
125000000,3.0,2.0,125.0,112.0,1.0,-33.349,-70.6383
65000000,1.0,1.0,72.0,72.0,0.0,-33.2833,-70.8778
133492300,3.0,1.0,90.0,120.0,1.0,-33.6167,-70.5667
65000000,3.0,1.0,50.0,118.0,1.0,-33.582,-70.692
118000000,3.0,2.0,57.0,149.0,3.0,-33.6167,-70.5667
65000000,5.0,2.0,75.0,105.0,0.0,-33.582,-70.692
63000000,3.0,1.0,50.0,118.0,3.0,-33.582,-70.692
105000000,4.0,2.0,128.0,70.0,0.0,-33.5167,-70.7667
132000000,4.0,2.0,127.0,117.0,1.0,-33.5167,-70.7667
60000000,3.0,2.0,60.0,100.0,2.0,-33.582,-70.692
110000000,4.0,2.0,72.0,75.0,1.0,-33.4333,-70.7167
98000000,2.0,1.0,58.0,128.0,1.0,-33.582,-70.692
63000000,6.0,2.0,80.0,100.0,0.0,-33.582,-70.692
85000000,4.0,1.0,60.0,75.0,0.0,-33.6167,-70.5667
65000000,2.0,1.0,70.0,120.0,1.0,-33.582,-70.692
85000000,7.0,3.0,100.0,130.0,1.0,-33.582,-70.692
85000000,4.0,2.0,65.0,90.0,1.0,-33.3667,-70.7333
149367060,3.0,3.0,85.0,129.0,0.0,-33.5167,-70.7667
129884400,4.0,1.0,111.0,144.0,0.0,-33.5167,-70.6333
179000000,3.0,3.0,168.0,76.0,2.0,-33.6167,-70.5667
105422838,3.0,2.0,87.0,91.0,1.0,-33.582,-70.692
125554920,3.0,3.0,77.0,77.0,2.0,-33.2833,-70.8778
375000000,4.0,2.0,123.0,144.0,0.0,-33.2773,-70.6106
137000000,5.0,2.0,120.0,141.0,0.0,-33.6167,-70.5667
178591050,4.0,2.0,125.0,71.0,1.0,-33.4624,-70.6491
59000000,2.0,1.0,80.0,100.0,0.0,-33.5167,-70.6389
144279921,4.0,3.0,96.0,148.0,1.0,-33.6167,-70.5667
180395000,5.0,2.0,120.0,90.0,2.0,-33.2468,-70.625
155000000,3.0,3.0,136.0,97.0,2.0,-33.5167,-70.7667
70000000,3.0,1.0,94.0,68.0,1.0,-33.3667,-70.7333
42000000,3.0,1.0,48.0,65.0,0.0,-33.5667,-70.7167
169571300,3.0,3.0,100.0,140.0,1.0,-33.5167,-70.7667
143955210,4.0,2.0,114.0,130.0,2.0,-33.452,-70.723
128080450,3.0,1.0,57.0,132.0,0.0,-33.582,-70.692
422124300,3.0,1.0,85.0,135.0,1.0,-33.3867,-70.5688
216113210,3.0,2.0,86.0,126.0,2.0,-33.4833,-70.55
86000000,5.0,1.0,94.0,127.0,1.0,-33.349,-70.6383
112000000,3.0,1.0,50.0,116.0,2.0,-33.5167,-70.7667
78000000,4.0,1.0,140.0,113.0,2.0,-33.582,-70.692
92037529,3.0,1.0,60.0,90.0,0.0,-33.6167,-70.5667
259768800,4.0,2.0,116.0,138.0,0.0,-33.5007,-70.6514
129812242,4.0,2.0,98.0,98.0,2.0,-33.5167,-70.7667
82260120,3.0,1.0,77.0,58.0,0.0,-33.4624,-70.6491
167767350,4.0,3.0,114.0,131.0,1.0,-33.452,-70.723
111484110,2.0,2.0,78.0,144.0,2.0,-33.5167,-70.7667
120000000,5.0,2.0,140.0,140.0,0.0,-33.4624,-70.6491
57000000,3.0,1.0,60.0,60.0,0.0,-33.4624,-70.6491
57000000,2.0,1.0,50.0,50.0,1.0,-33.4624,-70.6491
109900000,3.0,2.0,85.0,120.0,1.0,-33.5167,-70.7667
72000000,2.0,1.0,70.0,85.0,2.0,-33.727,-70.7046
196630550,4.0,3.0,101.0,149.0,3.0,-33.6167,-70.5667
95284639,2.0,1.0,80.0,140.0,0.0,-33.582,-70.692
125915710,3.0,3.0,80.0,80.0,2.0,-33.582,-70.692
155139700,3.0,3.0,83.0,83.0,2.0,-33.5985,-70.8734
65000000,2.0,1.0,60.0,80.0,0.0,-33.5667,-70.7167
136739410,4.0,2.0,70.0,135.0,2.0,-33.6167,-70.5667
73000000,2.0,1.0,81.0,110.0,1.0,-33.7509,-70.8983
45000000,3.0,1.0,55.0,55.0,1.0,-33.6167,-70.5667
99600000,3.0,2.0,65.0,106.0,2.0,-33.3667,-70.7333
85000000,3.0,2.0,128.0,128.0,1.0,-33.6167,-70.5667
65000000,2.0,1.0,70.0,100.0,0.0,-33.6167,-70.5667
80000000,1.0,1.0,54.0,80.0,2.0,-33.6167,-70.5667
72000000,3.0,2.0,51.0,72.0,1.0,-33.5719,-70.8068
159649575,3.0,1.0,110.0,125.0,3.0,-33.2833,-70.8778
88000000,2.0,1.0,72.0,120.0,0.0,-33.5667,-70.7167
50000000,2.0,1.0,44.0,69.0,0.0,-33.1829,-70.6747
136000000,2.0,3.0,79.0,79.0,0.0,-33.582,-70.692
126276500,3.0,1.0,89.0,120.0,1.0,-33.5167,-70.6389
64942200,3.0,2.0,60.0,80.0,2.0,-33.6167,-70.5667
130000000,2.0,1.0,85.0,135.0,2.0,-33.6167,-70.5667
68000000,3.0,1.0,90.0,95.0,0.0,-33.5167,-70.7667
129884400,3.0,2.0,80.0,110.0,0.0,-33.727,-70.7046
66000000,3.0,1.0,80.0,122.0,3.0,-33.6167,-70.5667
85000000,3.0,1.0,80.0,80.0,1.0,-33.582,-70.692
110000000,3.0,3.0,90.0,120.0,0.0,-33.688,-71.2113
98000000,3.0,1.0,70.0,130.0,1.0,-33.5167,-70.7667
180000000,3.0,3.0,115.0,130.0,2.0,-33.5167,-70.7667
97413300,3.0,1.0,80.0,120.0,2.0,-33.6167,-70.5667
75000000,2.0,1.0,50.0,72.0,1.0,-33.582,-70.692
105000000,4.0,2.0,44.0,85.0,2.0,-33.582,-70.692
52500000,3.0,1.0,50.0,92.0,1.0,-33.6167,-70.5667
65000000,2.0,1.0,70.0,128.0,0.0,-33.519,-70.629
180395000,4.0,3.0,100.0,143.0,1.0,-33.5167,-70.6389
105314601,3.0,1.0,66.0,124.0,1.0,-33.4624,-70.6491
130317348,3.0,1.0,64.0,134.0,2.0,-33.4624,-70.6491
131688350,3.0,2.0,70.0,120.0,1.0,-33.452,-70.723
110040950,5.0,2.0,118.0,86.0,0.0,-33.4975,-70.6287
64148462,2.0,1.0,50.0,60.0,0.0,-33.5167,-70.7667
108237000,4.0,2.0,51.0,85.0,1.0,-33.5719,-70.8068
69000000,2.0,1.0,47.0,80.0,2.0,-33.582,-70.692
119060700,3.0,3.0,120.0,140.0,1.0,-33.6844,-70.9248
84900000,4.0,2.0,51.0,79.0,2.0,-33.3667,-70.7333
165000000,5.0,3.0,120.0,128.0,2.0,-33.6167,-70.5667
128000000,4.0,2.0,100.0,140.0,0.0,-33.5167,-70.7667
139986520,3.0,3.0,96.0,130.0,0.0,-33.5167,-70.7667
131688350,3.0,3.0,100.0,130.0,0.0,-33.6844,-70.9248
375221600,4.0,3.0,88.0,111.0,1.0,-33.4088,-70.5671
93805400,4.0,2.0,95.0,120.0,1.0,-33.4833,-70.55
193022650,4.0,2.0,108.0,80.0,0.0,-33.4624,-70.6491
113000000,4.0,3.0,119.0,127.0,1.0,-33.4034,-70.7213
62000000,3.0,1.0,80.0,66.0,0.0,-33.5667,-70.7167
60000000,4.0,1.0,62.0,70.0,1.0,-33.3667,-70.7333
45000000,2.0,1.0,48.0,102.0,1.0,-33.349,-70.6383
73000000,6.0,1.0,75.0,130.0,0.0,-33.4333,-70.7167
117000000,3.0,1.0,60.0,84.0,3.0,-33.5167,-70.6389
68000000,2.0,1.0,88.0,120.0,1.0,-33.582,-70.692
115000000,3.0,1.0,90.0,141.0,2.0,-33.6167,-70.5667
230544810,3.0,2.0,132.0,115.0,3.0,-33.2773,-70.6106
135000000,5.0,3.0,120.0,128.0,0.0,-33.5167,-70.7667
60000000,2.0,1.0,59.0,69.0,0.0,-33.4333,-70.7167
118000000,3.0,2.0,69.0,114.0,1.0,-33.5719,-70.8068
85000000,4.0,2.0,65.0,90.0,1.0,-33.3667,-70.7333
105000000,4.0,2.0,95.0,134.0,2.0,-33.5167,-70.7667
98000000,4.0,2.0,95.0,134.0,2.0,-33.5167,-70.7667
95000000,3.0,1.0,95.0,95.0,1.0,-33.3667,-70.7333
113648850,2.0,2.0,45.0,48.0,0.0,-33.5167,-70.6389
130000000,3.0,2.0,136.0,136.0,1.0,-33.6167,-70.5667
100000000,2.0,1.0,74.0,74.0,0.0,-33.2468,-70.625
135000000,3.0,3.0,75.0,112.0,0.0,-33.5167,-70.7667
91279870,2.0,1.0,55.0,110.0,0.0,-33.4333,-70.7167
93000000,3.0,1.0,55.0,135.0,1.0,-33.5167,-70.6389
79000000,3.0,2.0,70.0,70.0,1.0,-33.582,-70.692
96330930,4.0,2.0,82.0,90.0,0.0,-33.35,-70.6
160000000,7.0,3.0,280.0,120.0,0.0,-33.4624,-70.6491
230905600,3.0,2.0,71.0,71.0,0.0,-33.2773,-70.6106
97000000,4.0,1.0,73.0,85.0,1.0,-33.2773,-70.6106
126276500,3.0,1.0,57.0,132.0,0.0,-33.582,-70.692
140708100,3.0,2.0,75.0,100.0,0.0,-33.4333,-70.7167
89000000,3.0,1.0,70.0,70.0,0.0,-33.4274,-70.4843
59000000,4.0,1.0,95.0,95.0,0.0,-33.582,-70.692
120000000,4.0,2.0,75.0,75.0,0.0,-33.582,-70.692
160000000,2.0,1.0,70.0,70.0,0.0,-33.582,-70.692
93000000,2.0,1.0,70.0,70.0,0.0,-33.582,-70.692
55000000,3.0,1.0,55.0,55.0,0.0,-33.582,-70.692
95000000,3.0,2.0,70.0,70.0,1.0,-33.582,-70.692
118000000,3.0,1.0,70.0,70.0,3.0,-33.582,-70.692
128000000,3.0,2.0,87.0,87.0,1.0,-33.582,-70.692
57000000,4.0,1.0,94.0,94.0,0.0,-33.582,-70.692
45000000,2.0,1.0,35.0,35.0,0.0,-33.6167,-70.5667
88000000,3.0,1.0,55.0,55.0,0.0,-33.6167,-70.5667
55000000,2.0,1.0,50.0,50.0,0.0,-33.6167,-70.5667
54000000,5.0,2.0,65.0,65.0,1.0,-33.6167,-70.5667
85000000,3.0,2.0,70.0,70.0,1.0,-33.4333,-70.7167
95000000,3.0,1.0,85.0,85.0,0.0,-33.4833,-70.55
130000000,3.0,1.0,55.0,55.0,3.0,-33.5719,-70.8068
120000000,2.0,2.0,62.0,62.0,2.0,-33.5167,-70.7667
220000000,3.0,2.0,98.0,98.0,3.0,-33.4766,-70.6062
66000000,3.0,2.0,80.0,80.0,0.0,-33.349,-70.6383
180000000,4.0,2.0,140.0,140.0,1.0,-33.5167,-70.6333
87000000,3.0,2.0,75.0,75.0,2.0,-33.727,-70.7046
72000000,3.0,1.0,52.0,52.0,1.0,-33.582,-70.692
92500000,3.0,1.0,48.0,125.0,1.0,-33.452,-70.723
48000000,2.0,1.0,55.0,60.0,0.0,-33.5167,-70.6389
194826600,4.0,3.0,113.0,115.0,2.0,-33.3667,-70.7333
145000000,4.0,3.0,120.0,141.0,2.0,-33.5167,-70.7667
95000000,3.0,2.0,65.0,100.0,0.0,-33.5167,-70.7667
155000000,3.0,3.0,86.0,136.0,1.0,-33.5167,-70.7667
227297700,3.0,4.0,107.0,75.0,1.0,-33.5167,-70.6389
89900000,3.0,1.0,84.0,87.0,0.0,-33.4333,-70.7167
173179200,4.0,3.0,121.0,90.0,2.0,-33.2833,-70.8778
42000000,2.0,1.0,69.0,60.0,0.0,-33.1829,-70.6747
54000000,3.0,1.0,58.0,118.0,0.0,-33.1829,-70.6747
62000000,3.0,2.0,57.0,77.0,2.0,-33.2833,-70.8778
78000000,3.0,2.0,51.0,79.0,2.0,-33.2833,-70.8778
74000000,3.0,1.0,51.0,103.0,3.0,-33.2833,-70.8778
135000000,3.0,3.0,83.0,120.0,3.0,-33.4034,-70.7213
178951840,3.0,3.0,118.0,135.0,1.0,-33.582,-70.692
163365712,5.0,2.0,130.0,130.0,0.0,-33.5167,-70.7667
59000000,3.0,1.0,95.0,95.0,1.0,-33.349,-70.6383
160000000,4.0,2.0,134.0,102.0,0.0,-33.4624,-70.6491
65000000,3.0,1.0,70.0,90.0,2.0,-33.4333,-70.7167
85000000,4.0,1.0,56.0,102.0,0.0,-33.4264,-70.6996
63000000,3.0,1.0,71.0,81.0,2.0,-33.2833,-70.8778
68766574,4.0,1.0,105.0,75.0,1.0,-33.3864,-71.1369
81177750,2.0,1.0,60.0,100.0,1.0,-33.582,-70.692
104800000,3.0,2.0,80.0,120.0,2.0,-33.582,-70.692
167406560,3.0,3.0,98.0,86.0,2.0,-33.5167,-70.7667
85615467,2.0,1.0,51.0,90.0,0.0,-33.2833,-70.8778
161164893,3.0,2.0,75.0,142.0,2.0,-33.6167,-70.5667
85000000,4.0,2.0,85.0,115.0,1.0,-33.3667,-70.7333
190857910,5.0,3.0,108.0,120.0,1.0,-33.4766,-70.6062
90000000,3.0,2.0,80.0,120.0,2.0,-33.6167,-70.5667
171375250,3.0,3.0,100.0,110.0,2.0,-33.5167,-70.7667
62500000,3.0,2.0,103.0,128.0,1.0,-33.4667,-70.6667
85000000,2.0,1.0,51.0,62.0,0.0,-33.582,-70.692
90919080,3.0,1.0,65.0,65.0,1.0,-33.5167,-70.6389
120000000,4.0,3.0,78.0,84.0,1.0,-33.3667,-70.7333
71000000,3.0,1.0,70.0,80.0,1.0,-33.6167,-70.5667
93000000,4.0,1.0,75.0,128.0,0.0,-33.452,-70.723
91000000,4.0,1.0,65.0,80.0,1.0,-33.5985,-70.8734
118000000,3.0,2.0,69.0,114.0,1.0,-33.5719,-70.8068
389292410,3.0,3.0,95.0,104.0,2.0,-33.2773,-70.6106
159938207,4.0,2.0,114.0,114.0,1.0,-33.2468,-70.625
85000000,3.0,1.0,60.0,80.0,1.0,-33.45,-70.7
133000000,3.0,3.0,80.0,80.0,0.0,-33.4034,-70.7213
135000000,3.0,3.0,66.0,144.0,0.0,-33.4034,-70.7213
39000000,2.0,1.0,55.0,63.0,0.0,-33.1829,-70.6747
45531698,2.0,1.0,42.0,60.0,0.0,-33.5167,-70.7667
140000000,4.0,2.0,136.0,134.0,1.0,-33.5167,-70.7667
62000000,3.0,2.0,89.0,102.0,0.0,-33.349,-70.6383
125900000,3.0,3.0,80.0,119.0,2.0,-33.5167,-70.7667
87960602,4.0,1.0,78.0,133.0,2.0,-33.6167,-70.5667
147058004,3.0,2.0,93.0,136.0,0.0,-33.582,-70.692
68550100,3.0,2.0,52.0,77.0,1.0,-33.6167,-70.5667
126277620,3.0,3.0,68.0,120.0,0.0,-33.582,-70.692
355342071,3.0,3.0,90.0,130.0,2.0,-33.2773,-70.6106
160000000,3.0,2.0,120.0,120.0,0.0,-33.5167,-70.6389
68550100,3.0,1.0,45.0,105.0,1.0,-33.6167,-70.5667
75000000,2.0,1.0,70.0,90.0,0.0,-33.5167,-70.7667
108237000,4.0,1.0,80.0,122.0,1.0,-33.5167,-70.7667
57726400,2.0,1.0,70.0,88.0,0.0,-33.5167,-70.7667
162355500,3.0,3.0,88.0,128.0,3.0,-33.6167,-70.5667
115000000,3.0,2.0,100.0,106.0,3.0,-33.5167,-70.7667
60324088,3.0,1.0,53.0,72.0,0.0,-33.582,-70.692
108237000,4.0,1.0,80.0,120.0,0.0,-33.5167,-70.7667
158000000,3.0,2.0,70.0,142.0,1.0,-33.6167,-70.5667
50000000,3.0,1.0,60.0,100.0,2.0,-33.2833,-70.8778
120000000,3.0,1.0,64.0,140.0,1.0,-33.5007,-70.6514
119060700,3.0,2.0,65.0,100.0,1.0,-33.4264,-70.6996
175000000,2.0,1.0,75.0,120.0,1.0,-33.443,-70.532
105000000,4.0,1.0,70.0,135.0,1.0,-33.443,-70.532
97954485,4.0,2.0,84.0,84.0,1.0,-33.7015,-70.79
138904150,3.0,3.0,84.0,140.0,1.0,-33.5985,-70.8734
118158725,4.0,2.0,91.0,98.0,2.0,-33.2833,-70.8778
130000000,3.0,2.0,68.0,113.0,1.0,-33.5719,-70.8068
76848270,3.0,1.0,84.0,100.0,0.0,-33.349,-70.6383
65000000,2.0,1.0,25.0,103.0,2.0,-33.6167,-70.5667
216474000,3.0,3.0,85.0,130.0,0.0,-33.3667,-70.7333
145000000,3.0,2.0,77.0,114.0,1.0,-33.3667,-70.7333
73000000,5.0,1.0,111.0,114.0,0.0,-33.582,-70.692
60000000,3.0,1.0,77.0,99.0,0.0,-33.6167,-70.5667
118000000,3.0,2.0,57.0,149.0,2.0,-33.6167,-70.5667
83000000,3.0,2.0,50.0,56.0,0.0,-33.6167,-70.5667
101093358,2.0,1.0,46.0,136.0,2.0,-33.5167,-70.7667
71544657,4.0,1.0,60.0,99.0,0.0,-33.4333,-70.7167
302883205,5.0,3.0,109.0,91.0,1.0,-33.2773,-70.6106
70786998,5.0,2.0,89.0,80.0,0.0,-33.6167,-70.5667
110149187,3.0,1.0,55.0,130.0,1.0,-33.2833,-70.8778
106072260,3.0,1.0,51.0,126.0,1.0,-33.3667,-70.7333
378829500,3.0,3.0,142.0,141.0,0.0,-33.435,-70.615
92500000,3.0,2.0,90.0,122.0,1.0,-33.452,-70.723
63000000,6.0,2.0,80.0,100.0,1.0,-33.582,-70.692
85000000,4.0,1.0,60.0,75.0,1.0,-33.6167,-70.5667
130500000,5.0,3.0,126.0,132.0,0.0,-33.727,-70.7046
92000000,3.0,1.0,50.0,112.0,0.0,-33.4034,-70.7213
198434500,3.0,3.0,90.0,120.0,2.0,-33.3641,-70.6134
133000000,4.0,2.0,77.0,128.0,1.0,-33.5167,-70.7667
145000000,5.0,3.0,103.0,120.0,2.0,-33.5167,-70.7667
62500000,2.0,1.0,44.0,58.0,0.0,-33.4333,-70.7167
122000000,3.0,3.0,79.0,105.0,0.0,-33.5167,-70.7667
134213880,5.0,2.0,107.0,140.0,1.0,-33.5167,-70.7667
92000000,2.0,2.0,100.0,146.0,1.0,-33.5167,-70.7667
95000000,6.0,2.0,95.0,110.0,0.0,-33.5167,-70.7667
85038203,4.0,3.0,105.0,75.0,0.0,-33.5167,-70.7667
63030013,1.0,1.0,40.0,56.0,0.0,-33.4624,-70.6491
87130785,3.0,1.0,104.0,128.0,1.0,-33.5167,-70.7667
90161421,3.0,1.0,64.0,82.0,1.0,-33.5167,-70.7667
132554246,3.0,2.0,59.0,134.0,1.0,-33.5167,-70.7667
137100200,3.0,3.0,79.0,118.0,0.0,-33.5167,-70.7667
140419468,3.0,2.0,80.0,125.0,1.0,-33.5167,-70.7667
115452800,4.0,2.0,126.0,96.0,1.0,-33.5167,-70.7667
98026643,3.0,2.0,90.0,84.0,0.0,-33.5167,-70.7667
107226788,4.0,2.0,104.0,98.0,1.0,-33.5167,-70.7667
90233579,3.0,2.0,70.0,100.0,1.0,-33.5167,-70.7667
105025969,3.0,2.0,105.0,84.0,1.0,-33.5167,-70.7667
75000000,3.0,1.0,86.0,121.0,0.0,-33.688,-71.2113
190100251,4.0,2.0,140.0,140.0,1.0,-33.45,-70.7
113000000,3.0,2.0,90.0,113.0,0.0,-33.5167,-70.7667
193022650,3.0,3.0,115.0,125.0,0.0,-33.5167,-70.7667
103799283,4.0,1.0,67.0,90.0,1.0,-33.45,-70.7
80000000,2.0,1.0,60.0,105.0,1.0,-33.4034,-70.7213
85000000,3.0,2.0,90.0,100.0,0.0,-33.5167,-70.7667
180000000,3.0,3.0,82.0,118.0,0.0,-33.5167,-70.7667
53000000,2.0,1.0,48.0,77.0,0.0,-33.582,-70.692
135000000,3.0,2.0,72.0,147.0,0.0,-33.5167,-70.6389
180395000,3.0,3.0,95.0,112.0,0.0,-33.4333,-70.7167
207454250,3.0,3.0,135.0,135.0,0.0,-33.3641,-70.6134
162355500,3.0,2.0,77.0,110.0,0.0,-33.4624,-70.6491
97500000,3.0,1.0,60.0,125.0,0.0,-33.5167,-70.7667
86589600,3.0,2.0,54.0,87.0,1.0,-33.7843,-70.7217
54118500,2.0,1.0,50.0,60.0,0.0,-33.6167,-70.5667
115000000,4.0,1.0,79.0,97.0,0.0,-33.4034,-70.7213
66385360,3.0,1.0,47.0,82.0,0.0,-33.4667,-70.6667
130966770,3.0,2.0,70.0,149.0,0.0,-33.582,-70.692
182198950,4.0,3.0,111.0,125.0,0.0,-33.452,-70.723
123895286,3.0,2.0,70.0,110.0,2.0,-33.4264,-70.6996
115000000,5.0,1.0,85.0,133.0,1.0,-33.443,-70.532
113468455,4.0,2.0,81.0,88.0,1.0,-33.5167,-70.7667
98000000,4.0,2.0,58.0,58.0,1.0,-33.6167,-70.5667
111844900,3.0,2.0,66.0,97.0,0.0,-33.5167,-70.7667
156943650,4.0,3.0,86.0,145.0,0.0,-33.6167,-70.5667
84000000,3.0,1.0,90.0,80.0,0.0,-33.4333,-70.7167
155000000,4.0,2.0,130.0,130.0,0.0,-33.2642,-70.715
130000000,5.0,2.0,112.0,138.0,0.0,-33.6167,-70.5667
295847800,3.0,3.0,270.0,120.0,2.0,-33.5167,-70.6389
162355500,3.0,3.0,90.0,120.0,2.0,-33.6167,-70.5667
59000000,3.0,1.0,47.0,70.0,0.0,-33.4333,-70.7167
180000000,3.0,3.0,82.0,118.0,0.0,-33.5167,-70.7667
138904150,3.0,2.0,80.0,120.0,0.0,-33.6167,-70.5667
92000000,3.0,1.0,61.0,96.0,0.0,-33.5167,-70.7667
122668600,3.0,2.0,63.0,100.0,0.0,-33.4034,-70.7213
61500000,2.0,1.0,43.0,60.0,1.0,-33.582,-70.692
147500000,3.0,2.0,85.0,140.0,0.0,-33.582,-70.692
95000000,3.0,2.0,65.0,100.0,0.0,-33.5167,-70.7667
49000000,3.0,1.0,48.0,71.0,0.0,-33.5167,-70.7667
54000000,3.0,1.0,70.0,80.0,1.0,-33.5985,-70.8734
65663780,4.0,2.0,87.0,90.0,1.0,-33.6167,-70.5667
68000000,4.0,2.0,101.0,101.0,0.0,-33.4034,-70.7213
75000000,2.0,2.0,51.0,91.0,0.0,-33.1829,-70.6747
169571300,3.0,2.0,64.0,135.0,1.0,-33.3667,-70.7333
87400000,3.0,2.0,90.0,120.0,3.0,-33.582,-70.692
165963400,3.0,2.0,108.0,132.0,0.0,-33.5167,-70.7667
88000000,4.0,1.0,89.0,86.0,2.0,-33.3667,-70.7333
145000000,4.0,3.0,115.0,133.0,0.0,-33.5167,-70.7667
85074282,3.0,1.0,100.0,81.0,1.0,-33.4667,-70.6667
108000000,3.0,2.0,75.0,50.0,0.0,-33.6167,-70.5667
120576018,3.0,2.0,73.0,124.0,2.0,-33.1829,-70.6747
94887770,3.0,2.0,60.0,60.0,2.0,-33.582,-70.692
95609350,2.0,1.0,81.0,139.0,3.0,-33.727,-70.7046
170000000,3.0,3.0,108.0,136.0,0.0,-33.5167,-70.7667
229101650,2.0,1.0,60.0,80.0,0.0,-33.4088,-70.5671
120000000,2.0,1.0,85.0,145.0,0.0,-33.5167,-70.7667
101381990,2.0,2.0,60.0,108.0,3.0,-33.3667,-70.7333
73000000,3.0,1.0,78.0,78.0,1.0,-33.5167,-70.6389
148000000,3.0,2.0,129.0,100.0,2.0,-33.2468,-70.625
200000000,4.0,3.0,90.0,97.0,2.0,-33.4333,-70.7167
75000000,2.0,1.0,55.0,85.0,0.0,-33.5719,-70.8068
90000000,5.0,2.0,90.0,100.0,0.0,-33.5167,-70.7667
73961950,3.0,1.0,92.0,100.0,1.0,-33.5719,-70.8068
82115804,3.0,1.0,80.0,80.0,0.0,-33.6167,-70.5667
135000000,3.0,3.0,85.0,132.0,2.0,-33.5167,-70.7667
85000000,3.0,1.0,70.0,120.0,0.0,-33.5167,-70.7667
125000000,5.0,3.0,133.0,108.0,0.0,-33.5167,-70.7667
59900000,2.0,1.0,50.0,100.0,0.0,-33.5167,-70.7667
85000000,2.0,1.0,75.0,110.0,0.0,-33.5167,-70.7667
128000000,4.0,3.0,90.0,130.0,0.0,-33.5167,-70.7667
135000000,3.0,2.0,75.0,135.0,0.0,-33.727,-70.7046
95000000,3.0,2.0,60.0,100.0,0.0,-33.5167,-70.7667
120000000,4.0,2.0,70.0,98.0,2.0,-33.6167,-70.5667
81177750,4.0,1.0,78.0,106.0,1.0,-33.7843,-70.7217
234513500,4.0,3.0,140.0,100.0,1.0,-33.5007,-70.6514
280333830,4.0,4.0,132.0,120.0,2.0,-33.582,-70.692
149727850,5.0,2.0,120.0,130.0,0.0,-33.2642,-70.715
185000000,3.0,3.0,104.0,140.0,2.0,-33.5167,-70.7667
48706650,2.0,1.0,50.0,60.0,0.0,-33.5167,-70.6389
75000000,2.0,1.0,50.0,50.0,0.0,-33.3667,-70.7333
84000000,3.0,1.0,65.0,65.0,1.0,-33.6167,-70.5667
200000000,2.0,1.0,94.0,94.0,1.0,-33.5667,-70.7167
75000000,3.0,2.0,80.0,94.0,2.0,-33.7843,-70.7217
77930640,3.0,1.0,75.0,100.0,1.0,-33.5667,-70.7167
63138250,4.0,2.0,76.0,100.0,1.0,-33.582,-70.692
259768800,3.0,3.0,114.0,140.0,3.0,-33.3641,-70.6134
74800000,4.0,2.0,80.0,100.0,4.0,-33.582,-70.692
73500000,2.0,1.0,60.0,100.0,2.0,-33.582,-70.692
88000000,3.0,2.0,60.0,70.0,2.0,-33.4333,-70.7167
126276500,4.0,2.0,117.0,117.0,1.0,-33.4624,-70.6491
107876210,5.0,2.0,116.0,110.0,1.0,-33.35,-70.6
66500000,3.0,1.0,50.0,90.0,1.0,-33.5667,-70.7167
70000000,4.0,1.0,79.0,87.0,1.0,-33.3667,-70.7333
64000000,2.0,1.0,144.0,144.0,0.0,-33.349,-70.6383
60000000,3.0,1.0,51.0,90.0,1.0,-33.727,-70.7046
96000000,3.0,2.0,55.0,110.0,0.0,-33.5985,-70.8734
98000000,3.0,1.0,60.0,140.0,1.0,-33.4034,-70.7213
88000000,4.0,2.0,80.0,83.0,0.0,-33.582,-70.692
143955210,4.0,2.0,139.0,130.0,0.0,-33.5167,-70.7667
124977656,2.0,2.0,90.0,97.0,1.0,-33.4667,-70.6667
111844900,3.0,2.0,75.0,139.0,0.0,-33.6167,-70.5667
65000000,2.0,1.0,55.0,70.0,1.0,-33.6167,-70.5667
105000000,3.0,1.0,100.0,120.0,0.0,-33.45,-70.7
115452800,4.0,1.0,94.0,84.0,4.0,-33.5167,-70.6333
310279400,3.0,2.0,125.0,145.0,1.0,-33.443,-70.532
331926800,3.0,2.0,112.0,90.0,2.0,-33.435,-70.615
333983303,5.0,2.0,81.0,101.0,0.0,-33.443,-70.532
306671500,3.0,3.0,107.0,142.0,2.0,-33.4833,-70.55
119060700,3.0,2.0,73.0,100.0,1.0,-33.582,-70.692
67000000,3.0,1.0,80.0,120.0,0.0,-33.4034,-70.7213
91279870,2.0,1.0,91.0,136.0,2.0,-33.472,-70.683
91460265,3.0,1.0,83.0,100.0,1.0,-33.3667,-70.7333
69000000,5.0,2.0,112.0,125.0,2.0,-33.727,-70.7046
198434500,3.0,3.0,95.0,120.0,2.0,-33.3641,-70.6134
145000000,3.0,1.0,83.0,145.0,1.0,-33.4766,-70.6062
77000000,2.0,1.0,42.0,85.0,0.0,-33.582,-70.692
129884400,3.0,3.0,68.0,120.0,2.0,-33.582,-70.692
72013684,3.0,1.0,78.0,84.0,0.0,-33.5167,-70.6389
238121400,4.0,2.0,85.0,148.0,0.0,-33.4833,-70.55
450000000,4.0,2.0,140.0,140.0,1.0,-33.4624,-70.6491
150088640,4.0,2.0,128.0,120.0,1.0,-33.5167,-70.7667
181549528,5.0,3.0,121.0,121.0,1.0,-33.6167,-70.5667
71977605,2.0,1.0,33.0,43.0,0.0,-33.5007,-70.6514
55000000,4.0,1.0,54.0,60.0,0.0,-33.582,-70.692
132049140,3.0,1.0,72.0,110.0,1.0,-33.5167,-70.6389
80000000,4.0,2.0,83.0,88.0,1.0,-33.6167,-70.5667
131688350,3.0,2.0,71.0,132.0,1.0,-33.5167,-70.6389
252553000,3.0,2.0,70.0,110.0,1.0,-33.2773,-70.6106
189955935,4.0,3.0,100.0,134.0,2.0,-33.5167,-70.6389
232348760,3.0,3.0,114.0,140.0,2.0,-33.3641,-70.6134
140000000,3.0,1.0,123.0,147.0,2.0,-33.472,-70.683
185000000,4.0,2.0,120.0,125.0,3.0,-33.4833,-70.55
75000000,2.0,1.0,50.0,60.0,0.0,-33.5719,-70.8068
121694467,3.0,2.0,93.0,137.0,0.0,-33.6167,-70.5667
169000000,5.0,2.0,134.0,146.0,3.0,-33.5167,-70.6389
144316000,5.0,3.0,114.0,141.0,1.0,-33.6167,-70.5667
111484110,3.0,2.0,59.0,90.0,2.0,-33.582,-70.692
155139700,3.0,2.0,82.0,139.0,1.0,-33.3667,-70.7333
75405110,2.0,1.0,49.0,87.0,1.0,-33.6167,-70.5667
166252032,5.0,2.0,124.0,133.0,0.0,-33.5007,-70.6514
78940852,3.0,1.0,51.0,66.0,1.0,-33.4833,-70.55
92362240,2.0,1.0,45.0,62.0,2.0,-33.4333,-70.7167
115000000,3.0,2.0,96.0,96.0,0.0,-33.5167,-70.7667
140000000,3.0,2.0,60.0,90.0,0.0,-33.4667,-70.6667
62000000,3.0,1.0,75.0,90.0,1.0,-33.6936,-71.0118
150000000,4.0,1.0,90.0,120.0,0.0,-33.5167,-70.7667
55000000,2.0,1.0,48.0,105.0,1.0,-33.6844,-70.9248
70000000,3.0,1.0,72.0,112.0,1.0,-33.582,-70.692
85000000,3.0,2.0,73.0,110.0,2.0,-33.4833,-70.55
85000000,3.0,2.0,48.0,123.0,2.0,-33.6167,-70.5667
105000000,3.0,2.0,91.0,100.0,1.0,-33.6167,-70.5667
88000000,2.0,1.0,60.0,86.0,2.0,-33.6167,-70.5667
274200400,2.0,2.0,82.0,95.0,2.0,-33.435,-70.615
120000000,4.0,3.0,88.0,95.0,1.0,-33.3667,-70.7333
78000000,3.0,1.0,75.0,90.0,2.0,-33.6167,-70.5667
78000000,3.0,1.0,95.0,120.0,1.0,-33.5985,-70.8734
87000000,2.0,2.0,66.0,83.0,1.0,-33.6167,-70.5667
120000000,3.0,1.0,76.0,112.0,0.0,-33.4333,-70.7167
46000000,3.0,1.0,60.0,84.0,0.0,-33.5167,-70.6389
60000000,4.0,1.0,71.0,60.0,0.0,-33.6167,-70.5667
110000000,3.0,1.0,69.0,142.0,0.0,-33.5167,-70.7667
60000000,4.0,2.0,71.0,60.0,0.0,-33.6167,-70.5667
130000000,5.0,3.0,78.0,56.0,0.0,-33.6167,-70.5667
99325487,5.0,2.0,86.0,96.0,3.0,-33.582,-70.692
95000000,3.0,1.0,60.0,102.0,3.0,-33.5167,-70.7667
110000000,2.0,1.0,70.0,100.0,2.0,-33.5167,-70.7667
112000000,3.0,1.0,66.0,66.0,1.0,-33.582,-70.692
202042400,3.0,3.0,95.0,120.0,2.0,-33.3641,-70.6134
83000000,3.0,1.0,61.0,81.0,1.0,-33.6167,-70.5667
149000000,3.0,2.0,66.0,140.0,2.0,-33.5167,-70.6389
270592500,3.0,3.0,105.0,132.0,0.0,-33.2773,-70.6106
115452800,4.0,1.0,79.0,100.0,0.0,-33.4766,-70.6062
70570524,2.0,2.0,48.0,97.0,2.0,-33.6167,-70.5667
144316000,3.0,3.0,70.0,104.0,2.0,-33.6167,-70.5667
182451503,4.0,2.0,70.0,70.0,2.0,-33.5167,-70.6389
70570524,2.0,1.0,48.0,97.0,2.0,-33.6167,-70.5667
65000000,2.0,1.0,70.0,120.0,2.0,-33.582,-70.692
166324190,3.0,3.0,98.0,86.0,2.0,-33.5167,-70.7667
70000000,2.0,1.0,78.0,72.0,1.0,-33.5719,-70.8068
130000000,4.0,2.0,109.0,133.0,1.0,-33.5167,-70.7667
65000000,3.0,1.0,77.0,77.0,1.0,-33.6167,-70.5667
79000000,4.0,1.0,97.0,97.0,1.0,-33.4833,-70.55
202042400,3.0,3.0,95.0,136.0,2.0,-33.3641,-70.6134
167767350,3.0,3.0,89.0,147.0,1.0,-33.2833,-70.8778
125000000,4.0,2.0,64.0,140.0,0.0,-33.1829,-70.6747
68946969,2.0,1.0,67.0,75.0,0.0,-33.1829,-70.6747
140000000,6.0,2.0,150.0,108.0,0.0,-33.5167,-70.6389
145000000,3.0,1.0,142.0,65.0,0.0,-33.5167,-70.6389
92362240,4.0,2.0,135.0,121.0,0.0,-33.6167,-70.5667
120000000,3.0,2.0,66.0,108.0,1.0,-33.3667,-70.7333
70000000,2.0,1.0,70.0,80.0,2.0,-33.6167,-70.5667
91207712,4.0,1.0,105.0,105.0,0.0,-33.4624,-70.6491
169210510,3.0,3.0,77.0,136.0,2.0,-33.5719,-70.8068
68000000,2.0,2.0,60.0,74.0,2.0,-33.6167,-70.5667
145000000,6.0,3.0,90.0,125.0,0.0,-33.452,-70.723
130000000,2.0,2.0,66.0,101.0,1.0,-33.4034,-70.7213
180395000,3.0,2.0,114.0,79.0,0.0,-33.4624,-70.6491
165963400,3.0,3.0,98.0,149.0,0.0,-33.6167,-70.5667
80000000,3.0,1.0,58.0,105.0,1.0,-33.6167,-70.5667
150000000,3.0,3.0,152.0,105.0,2.0,-33.6167,-70.5667
100000000,2.0,1.0,49.0,138.0,1.0,-33.2833,-70.8778
135000000,3.0,1.0,73.0,131.0,1.0,-33.5167,-70.7667
110000000,1.0,1.0,37.0,37.0,0.0,-33.5007,-70.6514
74000000,3.0,2.0,70.0,84.0,0.0,-33.6167,-70.5667
52000000,4.0,1.0,80.0,80.0,0.0,-33.5985,-70.8734
73000000,4.0,2.0,80.0,95.0,1.0,-33.1829,-70.6747
119060700,4.0,2.0,72.0,75.0,2.0,-33.4333,-70.7167
85000000,3.0,1.0,45.0,128.0,0.0,-33.5167,-70.7667
134000000,3.0,3.0,66.0,110.0,1.0,-33.5167,-70.7667
111844900,3.0,2.0,84.0,126.0,2.0,-33.519,-70.629
94000000,3.0,1.0,61.0,127.0,0.0,-33.6936,-71.0118
120000000,3.0,2.0,97.0,147.0,4.0,-33.368,-70.642
80000000,1.0,1.0,160.0,100.0,0.0,-33.3667,-70.7333
88140997,3.0,2.0,50.0,65.0,0.0,-33.582,-70.692
160000000,5.0,3.0,36.0,146.0,0.0,-33.6167,-70.5667
290000000,6.0,4.0,280.0,144.0,0.0,-33.4624,-70.6491
169000000,3.0,3.0,140.0,100.0,0.0,-33.452,-70.723
70000000,5.0,2.0,130.0,100.0,0.0,-33.6167,-70.5667
80000000,4.0,1.0,75.0,120.0,0.0,-33.6167,-70.5667
84000000,3.0,1.0,49.0,63.0,1.0,-33.4034,-70.7213
78000000,3.0,1.0,71.0,81.0,1.0,-33.582,-70.692
75044320,3.0,1.0,84.0,100.0,1.0,-33.6167,-70.5667
78000000,2.0,1.0,60.0,80.0,1.0,-33.5719,-70.8068
85000000,3.0,2.0,76.0,84.0,1.0,-33.6167,-70.5667
285024100,10.0,5.0,250.0,134.0,0.0,-33.4624,-70.6491
956093500,6.0,4.0,341.0,114.0,0.0,-33.4088,-70.5671
136378620,3.0,3.0,78.0,118.0,0.0,-33.5167,-70.7667
120000000,3.0,2.0,63.0,101.0,3.0,-33.6167,-70.5667
65000000,2.0,1.0,55.0,70.0,1.0,-33.2833,-70.8778
79373800,3.0,1.0,120.0,65.0,0.0,-33.519,-70.629
75000000,3.0,2.0,76.0,100.0,1.0,-33.519,-70.629
97413300,5.0,2.0,117.0,136.0,1.0,-33.5167,-70.7667
88000000,3.0,2.0,85.0,90.0,1.0,-33.3667,-70.7333
70000000,3.0,1.0,67.0,68.0,1.0,-33.3667,-70.7333
392900310,3.0,2.0,99.0,127.0,0.0,-33.2773,-70.6106
389292410,3.0,2.0,94.0,122.0,0.0,-33.2773,-70.6106
360429210,2.0,2.0,93.0,124.0,0.0,-33.2773,-70.6106
684779420,8.0,4.0,240.0,20.0,3.0,-33.435,-70.615
126276500,3.0,1.0,70.0,100.0,0.0,-33.5167,-70.7667
252553000,6.0,2.0,154.0,128.0,0.0,-33.2773,-70.6106
185987245,4.0,3.0,132.0,100.0,2.0,-33.5167,-70.7667
155139700,3.0,2.0,80.0,120.0,0.0,-33.1829,-70.6747
90000000,3.0,2.0,80.0,120.0,0.0,-33.5167,-70.7667
76000000,3.0,2.0,75.0,80.0,1.0,-33.582,-70.692
156943650,4.0,3.0,90.0,145.0,2.0,-33.6167,-70.5667
122000000,3.0,3.0,72.0,76.0,2.0,-33.6167,-70.5667
135000000,4.0,3.0,72.0,138.0,1.0,-33.6167,-70.5667
61334300,2.0,1.0,66.0,102.0,0.0,-33.4034,-70.7213
127000000,3.0,2.0,75.0,124.0,1.0,-33.5167,-70.7667
169571300,4.0,2.0,90.0,130.0,1.0,-33.3667,-70.7333
140000000,4.0,2.0,71.0,136.0,0.0,-33.5167,-70.7667
75000000,5.0,1.0,108.0,108.0,0.0,-33.582,-70.692
96330930,3.0,1.0,112.0,80.0,0.0,-33.4037,-70.64
105000000,3.0,2.0,63.0,113.0,0.0,-33.4034,-70.7213
85000000,7.0,3.0,100.0,130.0,1.0,-33.582,-70.692
115000000,2.0,2.0,128.0,143.0,0.0,-33.5167,-70.6389
140000000,3.0,1.0,128.0,127.0,0.0,-33.6167,-70.5667
140000000,3.0,1.0,120.0,130.0,0.0,-33.6167,-70.5667
85000000,3.0,1.0,78.0,122.0,1.0,-33.5167,-70.6389
110000000,3.0,1.0,80.0,80.0,3.0,-33.6167,-70.5667
45000000,4.0,1.0,80.0,97.0,0.0,-33.349,-70.6383
55000000,3.0,1.0,54.0,85.0,0.0,-33.1829,-70.6747
107298946,4.0,2.0,122.0,104.0,3.0,-33.582,-70.692
220000000,4.0,1.0,148.0,148.0,1.0,-33.5167,-70.6389
50000000,3.0,1.0,65.0,60.0,0.0,-33.5167,-70.6389
130000000,4.0,2.0,54.0,135.0,2.0,-33.6167,-70.5667
55000000,3.0,2.0,80.0,79.0,2.0,-33.6167,-70.5667
75000000,2.0,1.0,68.0,69.0,0.0,-33.45,-70.7
52000000,3.0,1.0,76.0,60.0,1.0,-33.519,-70.629
85000000,2.0,2.0,70.0,105.0,2.0,-33.6167,-70.5667
45000000,4.0,1.0,88.0,66.0,0.0,-33.688,-71.2113
122199573,5.0,2.0,160.0,140.0,0.0,-33.7843,-70.7217
65000000,3.0,1.0,15.0,100.0,1.0,-33.6167,-70.5667
75000000,3.0,2.0,49.0,79.0,0.0,-33.6167,-70.5667
154990000,3.0,3.0,75.0,120.0,0.0,-33.2833,-70.8778
70354050,3.0,1.0,49.0,49.0,0.0,-33.4264,-70.6996
70354050,1.0,1.0,41.0,41.0,0.0,-33.4624,-70.6491
111844900,3.0,2.0,57.0,94.0,2.0,-33.6167,-70.5667
90000000,4.0,1.0,83.0,120.0,2.0,-33.5167,-70.6389
85000000,4.0,2.0,150.0,84.0,0.0,-33.4333,-70.7167
195656417,4.0,2.0,152.0,144.0,1.0,-33.5167,-70.6389
70000000,2.0,1.0,52.0,71.0,0.0,-33.3667,-70.7333
100000000,2.0,1.0,70.0,122.0,1.0,-33.6167,-70.5667
124990000,2.0,2.0,90.0,90.0,1.0,-33.6167,-70.5667
108237000,3.0,1.0,80.0,60.0,2.0,-33.5167,-70.7667
125000000,4.0,3.0,98.0,108.0,0.0,-33.6844,-70.9248
70354050,1.0,1.0,32.0,34.0,0.0,-33.45,-70.7
65000000,1.0,1.0,70.0,71.0,0.0,-33.2833,-70.8778
176787100,4.0,3.0,90.0,120.0,0.0,-33.1829,-70.6747
173864701,5.0,2.0,222.0,100.0,0.0,-33.4624,-70.6491
135000000,3.0,1.0,97.0,130.0,0.0,-33.45,-70.7
50000000,2.0,1.0,30.0,56.0,0.0,-33.2773,-70.6106
78000000,2.0,1.0,98.0,98.0,0.0,-33.4624,-70.6491
150000000,5.0,2.0,220.0,120.0,1.0,-33.4833,-70.55
69000000,3.0,2.0,40.0,74.0,0.0,-33.6167,-70.5667
147923900,3.0,2.0,74.0,128.0,0.0,-33.582,-70.692
125000000,3.0,2.0,62.0,62.0,2.0,-33.5167,-70.6389
88393550,3.0,2.0,90.0,48.0,1.0,-33.582,-70.692
250000000,4.0,2.0,100.0,120.0,3.0,-33.4766,-70.6062
100000000,3.0,1.0,75.0,95.0,1.0,-33.452,-70.723
74500000,3.0,2.0,126.0,101.0,1.0,-33.582,-70.692
180000000,4.0,2.0,116.0,120.0,2.0,-33.5167,-70.6389
135000000,3.0,2.0,75.0,102.0,0.0,-33.6167,-70.5667
129884400,3.0,2.0,69.0,131.0,1.0,-33.5167,-70.6389
68000000,3.0,1.0,72.0,53.0,1.0,-33.5167,-70.7667
65000000,3.0,1.0,78.0,60.0,0.0,-33.5167,-70.7667
85000000,2.0,1.0,80.0,105.0,1.0,-33.5167,-70.7667
85000000,4.0,2.0,43.0,50.0,0.0,-33.5167,-70.7667
105000000,4.0,2.0,120.0,96.0,0.0,-33.3667,-70.7333
80000000,4.0,2.0,120.0,100.0,0.0,-33.6167,-70.5667
62000000,2.0,1.0,48.0,97.0,0.0,-33.6167,-70.5667
80000000,2.0,1.0,63.0,98.0,0.0,-33.3667,-70.7333
78000000,4.0,2.0,111.0,90.0,0.0,-33.4624,-70.6491
110000000,5.0,2.0,75.0,92.0,0.0,-33.5167,-70.6389
98500000,3.0,2.0,98.0,98.0,2.0,-33.6167,-70.5667
79000000,3.0,2.0,70.0,70.0,0.0,-33.582,-70.692
60000000,4.0,1.0,57.0,63.0,0.0,-33.582,-70.692
85000000,3.0,1.0,92.0,123.0,0.0,-33.4034,-70.7213
145037580,2.0,2.0,120.0,130.0,1.0,-33.5167,-70.6389
50000000,5.0,1.0,100.0,72.0,0.0,-33.2833,-70.8778
85000000,2.0,1.0,45.0,71.0,0.0,-33.4037,-70.64
75000000,4.0,2.0,76.0,110.0,0.0,-33.422,-70.72
260000000,8.0,3.0,175.0,105.0,0.0,-33.4624,-70.6491
195000000,4.0,2.0,150.0,100.0,1.0,-33.4833,-70.55
94999990,4.0,1.0,100.0,75.0,3.0,-33.5167,-70.6389
130000000,4.0,2.0,130.0,80.0,1.0,-33.452,-70.723
78000000,3.0,2.0,68.0,68.0,0.0,-33.4624,-70.6491
55000000,3.0,1.0,50.0,70.0,0.0,-33.582,-70.692
126276500,2.0,3.0,73.0,128.0,0.0,-33.4034,-70.7213
70000000,4.0,1.0,90.0,72.0,0.0,-33.2833,-70.8778
95000000,3.0,1.0,92.0,120.0,0.0,-33.5985,-70.8734
78000000,3.0,2.0,51.0,74.0,0.0,-33.582,-70.692
95000000,2.0,1.0,49.0,120.0,1.0,-33.4333,-70.7167
75000000,6.0,2.0,125.0,144.0,0.0,-33.5167,-70.6389
135000000,2.0,2.0,78.0,55.0,1.0,-33.2773,-70.6106
65000000,3.0,1.0,50.0,118.0,1.0,-33.582,-70.692
50000000,2.0,1.0,66.0,70.0,1.0,-33.2833,-70.8778
61430000,4.0,1.0,81.0,81.0,0.0,-33.6167,-70.5667
50000000,3.0,1.0,130.0,90.0,0.0,-33.1829,-70.6747
70000000,2.0,1.0,103.0,87.0,0.0,-33.727,-70.7046
125000000,3.0,3.0,80.0,85.0,1.0,-33.3667,-70.7333
111600000,4.0,2.0,90.0,120.0,3.0,-33.582,-70.692
102380000,3.0,2.0,100.0,80.0,1.0,-33.5167,-70.7667
252516921,4.0,2.0,130.0,120.0,2.0,-33.5167,-70.7667
126276500,3.0,3.0,85.0,85.0,1.0,-33.6167,-70.5667
126000000,4.0,2.0,180.0,57.0,0.0,-33.3667,-70.7333
180000000,4.0,2.0,130.0,147.0,0.0,-33.2468,-70.625
100000000,3.0,1.0,48.0,125.0,0.0,-33.452,-70.723
65000000,5.0,1.0,90.0,95.0,0.0,-33.582,-70.692
287549630,3.0,3.0,267.0,134.0,2.0,-33.5719,-70.8068
140000000,3.0,2.0,114.0,88.0,1.0,-33.2773,-70.6106
73000000,4.0,2.0,127.0,101.0,1.0,-33.452,-70.723
65000000,3.0,1.0,52.0,110.0,0.0,-33.6167,-70.5667
259768800,8.0,2.0,264.0,144.0,0.0,-33.4264,-70.6996
52000000,1.0,1.0,25.0,100.0,0.0,-33.5719,-70.8068
56500000,3.0,1.0,85.0,85.0,0.0,-33.6167,-70.5667
53000000,2.0,1.0,72.0,80.0,0.0,-33.5667,-70.7167
49000000,2.0,1.0,50.0,70.0,0.0,-33.5719,-70.8068
45000000,3.0,1.0,50.0,67.0,1.0,-33.6167,-70.5667
382076610,5.0,3.0,150.0,147.0,0.0,-33.4833,-70.55
78000000,3.0,2.0,89.0,97.0,3.0,-33.349,-70.6383
119990000,3.0,1.0,150.0,100.0,3.0,-33.4034,-70.7213
259990000,4.0,3.0,185.0,149.0,2.0,-33.5167,-70.7667
80990000,4.0,1.0,72.0,52.0,1.0,-33.6167,-70.5667
175704730,6.0,1.0,130.0,124.0,0.0,-33.4624,-70.6491
79000000,2.0,1.0,60.0,132.0,0.0,-33.2833,-70.8778
72000000,6.0,1.0,85.0,110.0,2.0,-33.6936,-71.0118
155000000,3.0,3.0,86.0,132.0,0.0,-33.5167,-70.7667
61420000,4.0,2.0,85.0,85.0,1.0,-33.6167,-70.5667
98000000,4.0,2.0,80.0,100.0,1.0,-33.582,-70.692
82000000,3.0,1.0,84.0,84.0,1.0,-33.6167,-70.5667
90000000,3.0,2.0,94.0,81.0,0.0,-33.6167,-70.5667
106400000,3.0,2.0,80.0,120.0,1.0,-33.582,-70.692
319990000,4.0,1.0,690.0,76.0,3.0,-33.5007,-70.6514
90000000,3.0,2.0,98.0,98.0,0.0,-33.2833,-70.8778
94990000,4.0,1.0,120.0,75.0,3.0,-33.5667,-70.7167
203449481,3.0,3.0,74.0,148.0,1.0,-33.5167,-70.7667
63000000,4.0,1.0,70.0,80.0,0.0,-33.6167,-70.5667
212866100,3.0,2.0,200.0,90.0,1.0,-33.6167,-70.5667
127358870,3.0,1.0,82.0,82.0,0.0,-33.2773,-70.6106
62000000,3.0,1.0,50.0,56.0,0.0,-33.6167,-70.5667
103474572,3.0,2.0,82.0,78.0,1.0,-33.5167,-70.7667
160000000,3.0,2.0,71.0,135.0,1.0,-33.5167,-70.6389
60000000,3.0,1.0,85.0,100.0,1.0,-33.6167,-70.5667
91532423,6.0,2.0,110.0,110.0,1.0,-33.6167,-70.5667
55000000,3.0,1.0,54.0,85.0,1.0,-33.1829,-70.6747
120000000,3.0,1.0,82.0,128.0,1.0,-33.4833,-70.55
70000000,2.0,1.0,43.0,53.0,0.0,-33.422,-70.72
82945621,2.0,1.0,55.0,80.0,0.0,-33.6167,-70.5667
150000000,4.0,2.0,75.0,100.0,0.0,-33.5167,-70.7667
132000000,3.0,3.0,86.0,143.0,0.0,-33.5167,-70.7667
131688350,2.0,1.0,80.0,126.0,1.0,-33.452,-70.723
110000000,4.0,2.0,120.0,130.0,1.0,-33.2773,-70.6106
65000000,4.0,4.0,90.0,127.0,0.0,-33.4667,-70.6667
250857287,3.0,2.0,109.0,112.0,1.0,-33.2773,-70.6106
75000000,2.0,1.0,75.0,84.0,1.0,-33.6167,-70.5667
125000000,4.0,2.0,60.0,60.0,1.0,-33.6167,-70.5667
173179200,5.0,4.0,82.0,82.0,0.0,-33.435,-70.615
52000000,2.0,1.0,48.0,90.0,1.0,-33.688,-71.2113
113179823,5.0,3.0,90.0,140.0,2.0,-33.582,-70.692
180000000,3.0,2.0,74.0,144.0,2.0,-33.582,-70.692
78000000,3.0,2.0,110.0,55.0,1.0,-33.5719,-70.8068
57690321,3.0,1.0,60.0,43.0,2.0,-33.582,-70.692
151531800,3.0,2.0,68.0,120.0,3.0,-33.4333,-70.7167
92362240,4.0,2.0,134.0,128.0,1.0,-33.6167,-70.5667
63000000,3.0,2.0,100.0,60.0,1.0,-33.349,-70.6383
110000000,3.0,3.0,90.0,80.0,0.0,-33.6167,-70.5667
250000000,4.0,2.0,160.0,110.0,2.0,-33.2773,-70.6106
78000000,4.0,2.0,98.0,98.0,1.0,-33.6167,-70.5667
127000000,4.0,2.0,135.0,120.0,2.0,-33.5167,-70.7667
75513347,2.0,1.0,54.0,70.0,1.0,-33.3667,-70.7333
138500000,3.0,3.0,80.0,140.0,0.0,-33.5167,-70.7667
319990000,4.0,1.0,690.0,76.0,3.0,-33.5007,-70.6514
66500000,3.0,1.0,52.0,42.0,0.0,-33.5667,-70.7167
92000000,4.0,1.0,90.0,130.0,1.0,-33.519,-70.629
158747600,3.0,2.0,103.0,137.0,2.0,-33.3667,-70.7333
77000000,4.0,1.0,75.0,108.0,1.0,-33.4274,-70.4843
78800000,2.0,1.0,69.0,75.0,2.0,-33.6167,-70.5667
75000000,3.0,1.0,90.0,70.0,0.0,-33.5167,-70.7667
125000000,2.0,1.0,116.0,140.0,2.0,-33.6167,-70.5667
95000000,3.0,2.0,66.0,131.0,1.0,-33.5985,-70.8734
110040950,1.0,1.0,140.0,70.0,0.0,-33.3667,-70.7333
270231710,2.0,2.0,102.0,103.0,2.0,-33.2773,-70.6106
180395000,3.0,3.0,120.0,140.0,1.0,-33.6167,-70.5667
353213410,1.0,2.0,90.0,90.0,2.0,-33.435,-70.615
101021200,4.0,1.0,73.0,132.0,1.0,-33.582,-70.692
72000000,2.0,1.0,45.0,66.0,1.0,-33.1829,-70.6747
68000000,1.0,1.0,54.0,110.0,0.0,-33.2642,-70.715
68000000,6.0,2.0,56.0,100.0,1.0,-33.3667,-70.7333
189414750,3.0,2.0,120.0,120.0,2.0,-33.5167,-70.6389
129884400,3.0,1.0,60.0,70.0,0.0,-33.4624,-70.6491
96042298,3.0,2.0,88.0,119.0,1.0,-33.582,-70.692
160000000,4.0,2.0,108.0,58.0,3.0,-33.6167,-70.5667
180034210,5.0,2.0,140.0,125.0,0.0,-33.6167,-70.5667
85000000,2.0,1.0,101.0,101.0,3.0,-33.6167,-70.5667
209618990,4.0,3.0,100.0,144.0,1.0,-33.3667,-70.7333
82260120,3.0,1.0,60.0,60.0,0.0,-33.2468,-70.625
120034833,3.0,2.0,82.0,96.0,1.0,-33.6167,-70.5667
169571300,4.0,4.0,150.0,130.0,2.0,-33.5167,-70.7667
135990000,4.0,2.0,200.0,110.0,1.0,-33.2833,-70.8778
117256750,4.0,2.0,94.0,105.0,0.0,-33.3641,-70.6134
76776112,3.0,1.0,42.0,60.0,1.0,-33.4037,-70.64
95000000,3.0,2.0,64.0,80.0,1.0,-33.6167,-70.5667
84785650,3.0,2.0,55.0,100.0,0.0,-33.5167,-70.7667
126276500,4.0,2.0,131.0,146.0,2.0,-33.4975,-70.6287
38500000,3.0,2.0,80.0,80.0,0.0,-33.6167,-70.5667
90197500,3.0,2.0,70.0,70.0,1.0,-33.4766,-70.6062
75000000,3.0,1.0,85.0,90.0,0.0,-33.519,-70.629
187610800,3.0,2.0,90.0,98.0,1.0,-33.4766,-70.6062
78000000,3.0,1.0,80.0,90.0,0.0,-33.6167,-70.5667
50000000,3.0,1.0,33.0,60.0,1.0,-33.349,-70.6383
162355500,3.0,1.0,135.0,135.0,0.0,-33.4766,-70.6062
75000000,2.0,2.0,45.0,45.0,0.0,-33.4624,-70.6491
93805400,3.0,1.0,36.0,48.0,0.0,-33.4037,-70.64
164159450,4.0,2.0,95.0,115.0,3.0,-33.5167,-70.7667
72158000,2.0,1.0,60.0,60.0,1.0,-33.6167,-70.5667
109499765,4.0,2.0,64.0,100.0,1.0,-33.5167,-70.6389
155000000,3.0,3.0,86.0,132.0,0.0,-33.5167,-70.7667
97413300,4.0,1.0,72.0,98.0,2.0,-33.6167,-70.5667
56500000,3.0,2.0,81.0,108.0,1.0,-33.582,-70.692
131688350,4.0,2.0,109.0,110.0,2.0,-33.6167,-70.5667
47000000,4.0,1.0,60.0,80.0,0.0,-33.688,-71.2113
124652945,3.0,3.0,98.0,98.0,1.0,-33.3667,-70.7333
111844900,3.0,2.0,70.0,110.0,2.0,-33.4264,-70.6996
189414750,3.0,2.0,86.0,86.0,2.0,-33.5167,-70.6389
306671500,5.0,2.0,98.0,128.0,1.0,-33.4088,-70.5671
270592500,4.0,3.0,109.0,70.0,1.0,-33.2773,-70.6106
120000000,4.0,2.0,74.0,87.0,1.0,-33.3667,-70.7333
80000000,3.0,2.0,60.0,120.0,1.0,-33.3667,-70.7333
110000000,2.0,1.0,56.0,90.0,1.0,-33.582,-70.692
100000000,4.0,2.0,85.0,90.0,1.0,-33.368,-70.642
169210510,3.0,3.0,77.0,136.0,2.0,-33.5719,-70.8068
62000000,2.0,1.0,42.0,57.0,1.0,-33.6167,-70.5667
310000000,4.0,2.0,108.0,106.0,1.0,-33.2773,-70.6106
53000000,2.0,1.0,58.0,69.0,0.0,-33.519,-70.629
169210510,3.0,3.0,77.0,136.0,2.0,-33.5719,-70.8068
87000000,2.0,1.0,85.0,100.0,1.0,-33.3667,-70.7333
65000000,2.0,1.0,54.0,120.0,2.0,-33.688,-71.2113
79000000,2.0,1.0,53.0,73.0,1.0,-33.5167,-70.7667
233070340,3.0,2.0,87.0,110.0,1.0,-33.4624,-70.6491
55000000,2.0,1.0,56.0,90.0,1.0,-33.6167,-70.5667
177147890,4.0,2.0,95.0,109.0,2.0,-33.4833,-70.55
106685603,3.0,2.0,90.0,100.0,1.0,-33.6167,-70.5667
71000000,2.0,1.0,45.0,70.0,1.0,-33.6167,-70.5667
67000000,4.0,2.0,96.0,100.0,0.0,-33.582,-70.692
65000000,3.0,1.0,47.0,75.0,1.0,-33.582,-70.692
120000000,3.0,3.0,85.0,85.0,1.0,-33.3667,-70.7333
54000000,5.0,1.0,65.0,90.0,1.0,-33.6167,-70.5667
90000000,4.0,2.0,67.0,78.0,1.0,-33.3667,-70.7333
60000000,2.0,1.0,46.0,60.0,1.0,-33.6167,-70.5667
140708100,3.0,3.0,78.0,121.0,2.0,-33.3667,-70.7333
160000000,3.0,3.0,89.0,104.0,1.0,-33.6167,-70.5667
97000000,3.0,2.0,90.0,110.0,1.0,-33.519,-70.629
236317450,4.0,3.0,117.0,138.0,2.0,-33.5167,-70.6389
87000000,4.0,2.0,75.0,85.0,1.0,-33.5719,-70.8068
170000000,5.0,2.0,160.0,80.0,0.0,-33.45,-70.7
99000000,5.0,2.0,60.0,80.0,1.0,-33.35,-70.6
80000000,3.0,1.0,80.0,86.0,0.0,-33.4667,-70.6667
169210510,3.0,3.0,77.0,136.0,2.0,-33.5719,-70.8068
153335750,4.0,2.0,130.0,120.0,0.0,-33.5167,-70.7667
160000000,3.0,1.0,75.0,100.0,2.0,-33.2773,-70.6106
100000000,3.0,2.0,132.0,132.0,0.0,-33.5167,-70.7667
99000000,4.0,2.0,119.0,144.0,3.0,-33.422,-70.72
124472550,3.0,2.0,68.0,95.0,2.0,-33.6167,-70.5667
95000000,2.0,1.0,60.0,72.0,1.0,-33.4034,-70.7213
216474000,3.0,1.0,80.0,80.0,0.0,-33.435,-70.615
82000000,3.0,1.0,68.0,73.0,0.0,-33.5985,-70.8734
70000000,2.0,1.0,60.0,80.0,0.0,-33.3667,-70.7333
60000000,3.0,1.0,45.0,120.0,1.0,-33.582,-70.692
280000000,3.0,1.0,79.0,144.0,0.0,-33.435,-70.615
91000000,3.0,1.0,61.0,124.0,2.0,-33.5167,-70.6389
93000000,2.0,1.0,53.0,125.0,0.0,-33.4333,-70.7167
95000000,3.0,2.0,70.0,70.0,1.0,-33.5167,-70.7667
73000000,5.0,2.0,60.0,70.0,0.0,-33.3667,-70.7333
227297700,3.0,3.0,100.0,100.0,1.0,-33.5167,-70.6389
65000000,2.0,1.0,90.0,85.0,0.0,-33.6167,-70.5667
100000000,2.0,2.0,115.0,90.0,0.0,-33.582,-70.692
128000000,3.0,1.0,130.0,95.0,0.0,-33.5167,-70.6389
85000000,3.0,2.0,126.0,146.0,1.0,-33.2468,-70.625
541185000,3.0,2.0,180.0,140.0,0.0,-33.4088,-70.5671
128000000,3.0,2.0,72.0,135.0,1.0,-33.443,-70.532
90197500,3.0,2.0,87.0,98.0,0.0,-33.3667,-70.7333
129884400,3.0,2.0,80.0,120.0,1.0,-33.6167,-70.5667
95000000,4.0,2.0,80.0,80.0,1.0,-33.6167,-70.5667
117256750,4.0,2.0,94.0,105.0,1.0,-33.3641,-70.6134
145000000,7.0,2.0,64.0,135.0,1.0,-33.443,-70.532
216113210,3.0,2.0,93.0,126.0,4.0,-33.4833,-70.55
77569850,2.0,1.0,65.0,70.0,0.0,-33.5167,-70.6389
200000000,3.0,2.0,144.0,148.0,1.0,-33.5167,-70.6389
63000000,2.0,1.0,115.0,80.0,0.0,-33.6167,-70.5667
180000000,4.0,2.0,134.0,102.0,2.0,-33.4624,-70.6491
80000000,5.0,1.0,85.0,68.0,1.0,-33.6167,-70.5667
75000000,2.0,1.0,62.0,62.0,0.0,-33.4624,-70.6491
129000000,3.0,1.0,120.0,120.0,0.0,-33.4624,-70.6491
115452800,3.0,2.0,80.0,120.0,1.0,-33.4333,-70.7167
80000000,2.0,1.0,64.0,96.0,1.0,-33.5167,-70.7667
135000000,4.0,3.0,90.0,145.0,1.0,-33.5167,-70.7667
135000000,3.0,2.0,77.0,140.0,0.0,-33.5719,-70.8068
110000000,2.0,1.0,96.0,96.0,1.0,-33.5167,-70.7667
368005800,3.0,2.0,100.0,100.0,2.0,-33.4088,-70.5671
169571300,4.0,4.0,100.0,135.0,2.0,-33.5167,-70.7667
210000000,4.0,3.0,85.0,147.0,0.0,-33.452,-70.723
140000000,4.0,3.0,78.0,78.0,1.0,-33.6167,-70.5667
70000000,3.0,1.0,120.0,136.0,1.0,-33.472,-70.683
115000000,3.0,1.0,60.0,128.0,0.0,-33.5167,-70.6389
104900000,4.0,2.0,73.0,109.0,0.0,-33.6167,-70.5667
256160900,4.0,3.0,114.0,144.0,2.0,-33.3641,-70.6134
140708100,3.0,2.0,86.0,110.0,0.0,-33.6167,-70.5667
150000000,4.0,2.0,120.0,140.0,1.0,-33.5167,-70.7667
140000000,4.0,3.0,110.0,140.0,2.0,-33.5167,-70.7667
127500000,5.0,3.0,123.0,132.0,1.0,-33.727,-70.7046
137100200,4.0,3.0,90.0,121.0,0.0,-33.5167,-70.7667
84000000,3.0,1.0,60.0,80.0,1.0,-33.582,-70.692
145000000,3.0,3.0,144.0,107.0,0.0,-33.6167,-70.5667
85000000,4.0,1.0,92.0,92.0,1.0,-33.4833,-70.55
67000000,3.0,1.0,56.0,120.0,0.0,-33.4034,-70.7213
170000000,3.0,1.0,111.0,100.0,2.0,-33.4667,-70.6667
95000000,4.0,1.0,80.0,96.0,3.0,-33.6167,-70.5667
133492300,3.0,1.0,65.0,98.0,1.0,-33.5167,-70.6389
97000000,3.0,3.0,170.0,87.0,0.0,-33.4333,-70.7167
97954485,2.0,1.0,75.0,71.0,1.0,-33.4034,-70.7213
75500000,2.0,1.0,70.0,72.0,0.0,-33.582,-70.692
119060700,3.0,3.0,78.0,133.0,2.0,-33.5719,-70.8068
160000000,3.0,1.0,91.0,91.0,0.0,-33.6844,-70.9248
74000000,4.0,1.0,64.0,109.0,1.0,-33.4034,-70.7213
120000000,5.0,2.0,140.0,119.0,1.0,-33.4034,-70.7213
69999999,3.0,1.0,50.0,100.0,1.0,-33.6167,-70.5667
606127200,3.0,2.0,128.0,128.0,2.0,-33.4088,-70.5671
126276500,4.0,2.0,109.0,146.0,0.0,-33.4975,-70.6287
70000000,3.0,2.0,113.0,100.0,1.0,-33.5667,-70.7167
98000000,3.0,1.0,85.0,90.0,0.0,-33.5985,-70.8734
128000000,3.0,2.0,85.0,85.0,0.0,-33.6167,-70.5667
58000000,2.0,1.0,48.0,71.0,1.0,-33.582,-70.692
69000000,3.0,1.0,65.0,136.0,0.0,-33.688,-71.2113
160551550,3.0,2.0,96.0,144.0,2.0,-33.5167,-70.6389
150000000,2.0,1.0,78.0,143.0,3.0,-33.2468,-70.625
245337200,3.0,2.0,78.0,137.0,0.0,-33.4088,-70.5671
95000000,2.0,1.0,72.0,104.0,0.0,-33.4333,-70.7167
173179200,4.0,3.0,110.0,139.0,0.0,-33.5167,-70.7667
65000000,3.0,2.0,81.0,110.0,1.0,-33.6936,-71.0118
130000000,4.0,4.0,90.0,140.0,0.0,-33.6167,-70.5667
60324088,2.0,1.0,53.0,72.0,0.0,-33.582,-70.692
186239798,3.0,1.0,84.0,107.0,0.0,-33.5667,-70.7167
102464360,3.0,1.0,55.0,144.0,1.0,-33.582,-70.692
162355500,3.0,3.0,96.0,127.0,2.0,-33.5167,-70.7667
87000000,4.0,1.0,73.0,128.0,0.0,-33.5667,-70.7167
87000000,4.0,2.0,68.0,68.0,1.0,-33.5167,-70.7667
72000000,3.0,1.0,70.0,99.0,0.0,-33.4333,-70.7167
62000000,3.0,1.0,81.0,110.0,2.0,-33.6936,-71.0118
65000000,5.0,2.0,80.0,105.0,1.0,-33.582,-70.692
185000000,7.0,3.0,120.0,130.0,0.0,-33.2833,-70.8778
150000000,3.0,2.0,140.0,113.0,1.0,-33.2468,-70.625
110000000,5.0,2.0,129.0,129.0,1.0,-33.688,-71.2113
138000000,3.0,1.0,100.0,92.0,0.0,-33.2468,-70.625
82000000,4.0,1.0,85.0,85.0,0.0,-33.6167,-70.5667
80000000,2.0,1.0,55.0,81.0,2.0,-33.582,-70.692
143233630,3.0,2.0,70.0,93.0,2.0,-33.4034,-70.7213
216113210,3.0,4.0,107.0,75.0,0.0,-33.5167,-70.6389
90000000,3.0,1.0,47.0,126.0,3.0,-33.6167,-70.5667
95000000,3.0,2.0,80.0,90.0,0.0,-33.6167,-70.5667
85000000,3.0,2.0,89.0,81.0,2.0,-33.582,-70.692
95000000,3.0,2.0,59.0,80.0,2.0,-33.6167,-70.5667
100000000,4.0,2.0,139.0,145.0,1.0,-33.582,-70.692
75000000,2.0,1.0,75.0,85.0,1.0,-33.6167,-70.5667
125000000,4.0,3.0,100.0,130.0,1.0,-33.5667,-70.7167
95000000,2.0,1.0,60.0,72.0,0.0,-33.5167,-70.7667
55000000,4.0,1.0,55.0,63.0,1.0,-33.6167,-70.5667
166684980,1.0,1.0,38.0,49.0,1.0,-33.2773,-70.6106
128260845,3.0,2.0,79.0,143.0,0.0,-33.1829,-70.6747
566079510,20.0,5.0,450.0,140.0,0.0,-33.4624,-70.6491
110000000,3.0,1.0,46.0,146.0,5.0,-33.5167,-70.7667
155680885,4.0,3.0,108.0,121.0,0.0,-33.5167,-70.7667
47000000,4.0,1.0,80.0,95.0,3.0,-33.6167,-70.5667
65000000,3.0,1.0,65.0,77.0,2.0,-33.6167,-70.5667
54000000,4.0,1.0,65.0,70.0,1.0,-33.7843,-70.7217
65000000,2.0,1.0,80.0,70.0,1.0,-33.6167,-70.5667
72374474,3.0,1.0,85.0,75.0,1.0,-33.6167,-70.5667
60035456,3.0,1.0,72.0,91.0,0.0,-33.7843,-70.7217
117256750,4.0,2.0,168.0,143.0,1.0,-33.582,-70.692
130000000,4.0,2.0,85.0,128.0,3.0,-33.6167,-70.5667
104629100,2.0,1.0,75.0,75.0,0.0,-33.35,-70.6
93500000,5.0,2.0,47.0,80.0,2.0,-33.6167,-70.5667
190857910,3.0,3.0,106.0,140.0,2.0,-33.3667,-70.7333
97052510,2.0,2.0,44.0,128.0,1.0,-33.5985,-70.8734
85000000,3.0,3.0,70.0,84.0,1.0,-33.3667,-70.7333
120000000,2.0,1.0,43.0,40.0,0.0,-33.2773,-70.6106
280000000,4.0,2.0,230.0,148.0,4.0,-33.4624,-70.6491
115452800,3.0,2.0,67.0,140.0,2.0,-33.4034,-70.7213
61334300,2.0,1.0,65.0,65.0,0.0,-33.45,-70.7
75000000,4.0,1.0,88.0,72.0,0.0,-33.6167,-70.5667
303063600,3.0,3.0,118.0,118.0,1.0,-33.4088,-70.5671
135000000,3.0,2.0,68.0,70.0,0.0,-33.1829,-70.6747
115000000,3.0,2.0,119.0,129.0,0.0,-33.6167,-70.5667
95000000,4.0,2.0,110.0,120.0,3.0,-33.5167,-70.6389
57000000,4.0,1.0,82.0,72.0,1.0,-33.582,-70.692
65000000,2.0,2.0,54.0,54.0,1.0,-33.472,-70.683
82260120,3.0,1.0,51.0,57.0,1.0,-33.3667,-70.7333
93000000,3.0,1.0,72.0,110.0,0.0,-33.4274,-70.4843
130000000,3.0,2.0,72.0,120.0,0.0,-33.6167,-70.5667
98000000,5.0,2.0,104.0,104.0,0.0,-33.6167,-70.5667
65000000,3.0,1.0,75.0,77.0,0.0,-33.6167,-70.5667
55000000,3.0,1.0,48.0,120.0,0.0,-33.349,-70.6383
72000000,2.0,1.0,48.0,145.0,0.0,-33.2833,-70.8778
147382715,3.0,3.0,101.0,135.0,1.0,-33.2833,-70.8778
60000000,2.0,1.0,60.0,60.0,0.0,-33.5167,-70.7667
120000000,3.0,2.0,74.0,118.0,0.0,-33.6167,-70.5667
100000000,3.0,1.0,49.0,82.0,0.0,-33.582,-70.692
96000000,4.0,1.0,75.0,125.0,0.0,-33.5167,-70.7667
80000000,2.0,1.0,50.0,144.0,0.0,-33.6167,-70.5667
80000000,3.0,1.0,54.0,62.0,1.0,-33.6167,-70.5667
274200400,2.0,2.0,102.0,103.0,2.0,-33.2773,-70.6106
62091959,1.0,1.0,21.0,21.0,0.0,-33.4624,-70.6491
78000000,4.0,1.0,80.0,100.0,0.0,-33.582,-70.692
47000000,3.0,1.0,41.0,71.0,0.0,-33.5667,-70.7167
295847800,3.0,3.0,103.0,103.0,0.0,-33.443,-70.532
115000000,3.0,2.0,68.0,84.0,1.0,-33.3667,-70.7333
75000000,2.0,1.0,46.0,62.0,1.0,-33.5167,-70.7667
169571300,3.0,2.0,100.0,120.0,0.0,-33.6167,-70.5667
55000000,2.0,1.0,48.0,70.0,0.0,-33.6167,-70.5667
160000000,5.0,3.0,117.0,120.0,0.0,-33.6167,-70.5667
306310710,3.0,3.0,108.0,144.0,2.0,-33.4833,-70.55
147743505,3.0,3.0,75.0,134.0,2.0,-33.582,-70.692
270592500,3.0,3.0,105.0,128.0,0.0,-33.727,-70.7046
72000000,3.0,2.0,55.0,80.0,0.0,-33.582,-70.692
53000000,3.0,1.0,50.0,63.0,0.0,-33.6167,-70.5667
115000000,3.0,1.0,78.0,80.0,0.0,-33.3667,-70.7333
192228912,3.0,3.0,116.0,128.0,1.0,-33.5167,-70.7667
111844900,3.0,1.0,54.0,120.0,1.0,-33.6167,-70.5667
169210510,3.0,2.0,75.0,90.0,1.0,-33.4766,-70.6062
133000000,3.0,3.0,83.0,123.0,1.0,-33.6167,-70.5667
72000000,3.0,1.0,62.0,107.0,1.0,-33.5167,-70.7667
150000000,3.0,3.0,75.0,116.0,1.0,-33.582,-70.692
52000000,2.0,1.0,54.0,75.0,1.0,-33.6167,-70.5667
130000000,4.0,2.0,89.0,101.0,1.0,-33.4333,-70.7167
155000000,4.0,2.0,90.0,110.0,0.0,-33.5167,-70.6389
100000000,3.0,1.0,86.0,110.0,0.0,-33.6167,-70.5667
120000000,3.0,1.0,79.0,74.0,0.0,-33.4333,-70.7167
185000000,3.0,2.0,90.0,116.0,0.0,-33.6167,-70.5667
143955210,4.0,1.0,70.0,100.0,1.0,-33.5167,-70.6389
60000000,2.0,2.0,57.0,60.0,1.0,-33.5719,-70.8068
140000000,2.0,2.0,72.0,75.0,1.0,-33.4333,-70.7167
198000000,7.0,3.0,180.0,120.0,2.0,-33.45,-70.7
90000000,3.0,1.0,85.0,115.0,0.0,-33.5167,-70.6389
122500000,3.0,3.0,75.0,145.0,0.0,-33.5719,-70.8068
60000000,2.0,1.0,54.0,67.0,1.0,-33.4333,-70.7167
112000000,3.0,2.0,96.0,128.0,0.0,-33.5167,-70.7667
133131510,3.0,1.0,90.0,120.0,1.0,-33.6167,-70.5667
68000000,2.0,2.0,81.0,123.0,0.0,-33.1829,-70.6747
135296250,3.0,3.0,66.0,118.0,0.0,-33.5167,-70.7667
65000000,3.0,1.0,56.0,108.0,1.0,-33.6167,-70.5667
63000000,3.0,1.0,50.0,118.0,3.0,-33.582,-70.692
64000000,4.0,2.0,36.0,64.0,0.0,-33.4333,-70.7167
60000000,3.0,1.0,109.0,109.0,1.0,-33.4034,-70.7213
90000000,3.0,1.0,47.0,100.0,1.0,-33.4333,-70.7167
85000000,4.0,1.0,66.0,102.0,1.0,-33.472,-70.683
68000000,3.0,1.0,62.0,61.0,1.0,-33.6167,-70.5667
125000000,3.0,3.0,125.0,112.0,0.0,-33.349,-70.6383
248945100,2.0,2.0,91.0,140.0,0.0,-33.443,-70.532
115000000,5.0,2.0,120.0,135.0,0.0,-33.4667,-70.6667
73000000,4.0,2.0,180.0,135.0,1.0,-33.5667,-70.7167
110000000,3.0,2.0,72.0,120.0,1.0,-33.5167,-70.7667
101021200,4.0,2.0,138.0,78.0,0.0,-33.5667,-70.7167
105000000,4.0,2.0,70.0,128.0,2.0,-33.5167,-70.7667
175000000,3.0,3.0,101.0,144.0,1.0,-33.3667,-70.7333
68000000,3.0,2.0,60.0,87.0,1.0,-33.6167,-70.5667
55500000,2.0,1.0,52.0,71.0,0.0,-33.6167,-70.5667
77000000,2.0,1.0,59.0,72.0,1.0,-33.6167,-70.5667
150000000,3.0,3.0,80.0,120.0,2.0,-33.6167,-70.5667
120000000,4.0,2.0,80.0,75.0,0.0,-33.4264,-70.6996
130000000,4.0,3.0,110.0,120.0,1.0,-33.582,-70.692
70000000,4.0,1.0,102.0,102.0,1.0,-33.1829,-70.6747
90000000,3.0,1.0,74.0,83.0,1.0,-33.4333,-70.7167
249558443,4.0,2.0,190.0,145.0,0.0,-33.4264,-70.6996
110000000,5.0,1.0,128.0,100.0,0.0,-33.4333,-70.7167
60000000,3.0,2.0,60.0,100.0,2.0,-33.582,-70.692
295847800,3.0,3.0,320.0,140.0,2.0,-33.6167,-70.5667
153000000,3.0,3.0,84.0,135.0,2.0,-33.6167,-70.5667
130566303,5.0,2.0,120.0,130.0,0.0,-33.2642,-70.715
118247396,3.0,2.0,90.0,110.0,1.0,-33.5167,-70.7667
59000000,4.0,2.0,100.0,80.0,1.0,-33.2833,-70.8778
86000000,3.0,1.0,80.0,98.0,1.0,-33.2833,-70.8778
148356848,3.0,2.0,80.0,114.0,2.0,-33.6167,-70.5667
160400000,3.0,1.0,62.0,133.0,2.0,-33.6167,-70.5667
130000000,4.0,2.0,95.0,108.0,0.0,-33.2468,-70.625
144900000,3.0,3.0,83.0,123.0,2.0,-33.6167,-70.5667
80500000,2.0,1.0,68.0,86.0,1.0,-33.6167,-70.5667
95000000,3.0,1.0,64.0,85.0,1.0,-33.5167,-70.7667
65000000,4.0,1.0,64.0,78.0,1.0,-33.582,-70.692
122900000,2.0,2.0,65.0,120.0,1.0,-33.6167,-70.5667
162900000,3.0,2.0,70.0,146.0,2.0,-33.6167,-70.5667
130000000,3.0,1.0,78.0,130.0,2.0,-33.2642,-70.715
137100200,4.0,2.0,130.0,107.0,2.0,-33.452,-70.723
155000000,3.0,3.0,86.0,132.0,1.0,-33.5167,-70.7667
45000000,4.0,1.0,38.0,81.0,1.0,-33.688,-71.2113
88000000,4.0,1.0,38.0,62.0,1.0,-33.4333,-70.7167
80000000,2.0,1.0,75.0,100.0,2.0,-33.6167,-70.5667
